N,P,K,temperature,humidity,ph,rainfall,label
90,42,43,20.87974371,82.00274423,6.502985292,202.9355362,rice
85,58,41,21.77046169,80.31964408,7.038096361,226.6555374,rice
60,55,44,23.00445915,82.3207629,7.840207144,263.9642476,rice
74,35,40,26.49109635,80.15836264,6.980400905,242.8640342,rice
78,42,42,20.13017482,81.60487287,7.628472891,262.7173405,rice
69,37,42,23.05804872,83.37011772,7.073453503,251.0549998,rice
69,55,38,22.70883798,82.63941394,5.70080568,271.3248604,rice
94,53,40,20.27774362,82.89408619,5.718627178,241.9741949,rice
89,54,38,24.51588066,83.5352163,6.685346424,230.4462359,rice
68,58,38,23.22397386,83.03322691,6.336253525,221.2091958,rice
91,53,40,26.52723513,81.41753846,5.386167788,264.6148697,rice
90,46,42,23.97898217,81.45061596,7.50283396,250.0832336,rice
78,58,44,26.80079604,80.88684822,5.108681786,284.4364567,rice
93,56,36,24.01497622,82.05687182,6.98435366,185.2773389,rice
94,50,37,25.66585205,80.66385045,6.94801983,209.5869708,rice
60,48,39,24.28209415,80.30025587,7.042299069,231.0863347,rice
85,38,41,21.58711777,82.7883708,6.249050656,276.6552459,rice
91,35,39,23.79391957,80.41817957,6.970859754,206.2611855,rice
77,38,36,21.8652524,80.1923008,5.953933276,224.5550169,rice
88,35,40,23.57943626,83.58760316,5.85393208,291.2986618,rice
89,45,36,21.32504158,80.47476396,6.442475375,185.4974732,rice
76,40,43,25.15745531,83.11713476,5.070175667,231.3843163,rice
67,59,41,21.94766735,80.97384195,6.012632591,213.3560921,rice
83,41,43,21.0525355,82.67839517,6.254028451,233.1075816,rice
98,47,37,23.48381344,81.33265073,7.375482851,224.0581164,rice
66,53,41,25.0756354,80.52389148,7.778915154,257.0038865,rice
97,59,43,26.35927159,84.04403589,6.286500176,271.3586137,rice
97,50,41,24.52922681,80.54498576,7.070959995,260.2634026,rice
60,49,44,20.77576147,84.49774397,6.244841491,240.0810647,rice
84,51,35,22.30157427,80.64416466,6.043304899,197.9791215,rice
73,57,41,21.44653958,84.94375962,5.824709117,272.2017204,rice
92,35,40,22.17931888,80.33127223,6.357389366,200.0882787,rice
85,37,39,24.52783742,82.73685569,6.364134968,224.6757231,rice
98,53,38,20.26707606,81.63895217,5.01450727,270.4417274,rice
88,54,44,25.7354293,83.88266234,6.149410611,233.1321372,rice
95,55,42,26.79533926,82.1480873,5.950660556,193.3473987,rice
99,57,35,26.75754171,81.17734011,5.960370061,272.2999056,rice
95,39,36,23.86330467,83.15250801,5.561398642,285.2493645,rice
60,43,44,21.01944696,82.95221726,7.416245107,298.4018471,rice
63,44,41,24.17298839,83.7287574,5.583370042,257.0343554,rice
62,42,36,22.78133816,82.06719137,6.430010215,248.7183228,rice
64,45,43,25.62980105,83.52842314,5.534878156,209.9001977,rice
83,60,36,25.59704938,80.14509262,6.903985986,200.834898,rice
82,40,40,23.83067496,84.81360127,6.271478838,298.5601175,rice
85,52,45,26.31355498,82.36698992,7.224285503,265.5355937,rice
91,35,38,24.8972823,80.52586088,6.13428721,183.6793207,rice
76,49,42,24.958779,84.47963372,5.206373153,196.9560008,rice
74,39,38,23.24113501,84.59201843,7.782051313,233.0453455,rice
79,43,39,21.66628296,80.70960551,7.062779015,210.8142087,rice
88,55,45,24.63544858,80.41363018,7.730367824,253.7202781,rice
60,36,43,23.43121862,83.06310136,5.286203711,219.9048349,rice
76,60,39,20.0454142,80.3477562,6.766240045,208.5810155,rice
93,56,42,23.85724032,82.22572988,7.382762603,195.0948311,rice
65,60,43,21.97199397,81.89918197,5.658169482,227.3637009,rice
95,52,36,26.22916897,83.83625819,5.543360238,286.5083725,rice
75,38,39,23.44676801,84.79352417,6.215109715,283.9338466,rice
74,54,38,25.65553461,83.47021081,7.120272972,217.3788583,rice
91,36,45,24.44345477,82.45432595,5.950647577,267.9761948,rice
71,46,40,20.2801937,82.1235421,7.236705436,191.9535738,rice
99,55,35,21.7238313,80.2389895,6.501697816,277.9626192,rice
72,40,38,20.41447029,82.20802629,7.592490617,245.1511304,rice
83,58,45,25.75528612,83.51827127,5.875345751,245.6626799,rice
93,58,38,20.61521424,83.77345559,6.932400225,279.5451717,rice
70,36,42,21.84106875,80.72886384,6.946209881,202.3838319,rice
76,47,42,20.08369642,83.29114712,5.739175027,263.6372176,rice
99,41,36,24.45802087,82.74835604,6.738652179,182.5616319,rice
99,54,37,21.14347496,80.33502926,5.594819626,198.6730942,rice
86,59,35,25.78720567,82.11124033,6.946636369,243.5120414,rice
69,46,41,23.64124821,80.28597873,5.012139669,263.1103304,rice
91,56,37,23.43191632,80.56887849,6.363472208,269.5039162,rice
61,52,41,24.97669518,83.891805,6.880431223,204.8001847,rice
67,45,38,22.72791041,82.1706881,7.300410836,260.8875056,rice
79,42,37,24.87300744,82.84022551,6.587918708,295.6094492,rice
78,43,42,21.32376327,83.00320459,7.283736617,192.3197536,rice
75,54,36,26.29465461,84.56919326,7.023936392,257.4914906,rice
97,36,45,22.2286982,81.85872947,6.939083505,278.0791793,rice
67,47,44,26.73072391,81.78596776,7.868474653,280.4044392,rice
73,35,38,24.88921174,81.97927117,5.005306977,185.9461429,rice
77,36,37,26.88444878,81.46033732,6.136131869,194.5766559,rice
81,41,38,22.67846116,83.72874389,7.524080076,200.9133156,rice
68,57,43,26.08867875,80.37979919,5.706943251,182.9043504,rice
72,45,35,25.42977518,82.94682591,5.758506323,195.3574542,rice
61,53,43,26.40323239,81.05635517,6.349606327,223.3671883,rice
67,43,39,26.04371967,84.96907151,5.999969026,186.7536773,rice
67,58,39,25.2827223,80.54372813,5.453592032,220.1156708,rice
66,60,38,22.08576562,83.47038318,6.372576327,231.7364957,rice
82,43,38,23.28617173,81.43321641,5.105588355,242.3170629,rice
84,50,44,25.48591986,81.40633547,5.935344406,182.6549356,rice
81,53,42,23.67575393,81.03569343,5.17782304,233.7034975,rice
91,50,40,20.82477109,84.1341879,6.462391607,230.2242223,rice
93,53,38,26.92995077,81.91411159,7.069172227,290.6793783,rice
90,44,38,23.83509503,83.88387074,7.473134377,241.2013513,rice
81,45,35,26.52872817,80.12267476,6.158376967,218.9163567,rice
78,40,38,26.46428311,83.85642678,7.549873681,248.2256491,rice
60,51,36,22.69657794,82.81088865,6.028321558,256.9964761,rice
88,46,42,22.68319059,83.46358271,6.604993475,194.2651719,rice
93,47,37,21.53346343,82.14004101,6.500343222,295.9248796,rice
60,55,45,21.40865769,83.3293191,5.935745417,287.5766935,rice
78,35,44,26.54348085,84.67353597,7.072655622,183.6222657,rice
65,37,40,23.35905428,83.59512273,5.333322606,188.413665,rice
71,54,16,22.61359953,63.69070564,5.749914421,87.75953857,maize
61,44,17,26.10018422,71.57476937,6.931756558,102.2662445,maize
80,43,16,23.55882094,71.59351368,6.657964753,66.71995467,maize
73,58,21,19.97215954,57.68272924,6.596060648,60.65171481,maize
61,38,20,18.47891261,62.69503871,5.970458434,65.43835393,maize
68,41,16,21.77689322,57.80840636,6.158830619,102.0861694,maize
93,41,17,25.6217169,66.50415474,6.047906679,105.4654703,maize
89,60,19,25.19192419,66.6902901,5.913664501,78.06639649,maize
76,44,17,20.41683147,62.5542482,5.855442401,65.27798457,maize
67,60,25,24.92162194,66.78627406,5.750254943,109.2162279,maize
70,44,19,23.31689124,73.4541537,5.852607099,94.29712821,maize
90,49,21,24.84016732,68.3584573,6.472523287,74.05474936,maize
62,52,16,22.27526694,58.84015925,6.967057762,63.87020584,maize
92,44,16,18.87751445,65.76816093,6.082973754,94.76189431,maize
66,54,21,25.19008683,60.2001687,5.919045532,72.12375573,maize
63,58,22,18.25405352,55.28220433,6.204747653,63.72358154,maize
70,47,17,24.6129118,70.4162444,6.600827017,104.1626147,maize
61,41,17,25.1420613,65.26185135,6.021902237,76.68456006,maize
66,53,19,23.09348056,60.1159381,6.033550195,65.49730729,maize
74,55,19,18.05033737,62.89366992,6.28886807,84.23613484,maize
77,57,21,24.9321581,73.80435276,6.550563823,79.74078719,maize
99,50,15,18.14710054,71.09445342,5.573286437,88.07753741,maize
74,56,22,18.28362235,66.65952796,6.829199275,80.97573281,maize
83,45,21,18.83344471,58.75082029,5.716222912,79.7532896,maize
100,48,16,25.71895816,67.22190688,5.54990242,74.51490791,maize
79,51,16,25.33797709,68.49835977,6.586244581,96.46380213,maize
94,39,18,23.89114571,57.48775781,5.893093135,102.8301942,maize
75,49,15,21.53574127,71.50905983,5.918263801,102.4852929,maize
78,48,22,23.08974909,63.10459626,5.588650585,70.43473609,maize
87,54,20,25.61707368,63.4711755,6.576418207,108.8303762,maize
87,35,25,21.44526922,63.1621551,6.178056304,65.88951188,maize
63,43,19,18.51816776,55.53128131,6.641906353,90.988051,maize
84,57,25,22.53510514,67.99257471,6.489040367,64.40866039,maize
64,35,23,23.02038334,61.89472002,5.680361038,63.03843397,maize
60,46,22,24.89364635,65.61418761,6.625404348,87.9298085,maize
98,44,21,25.77175115,74.089114,6.524478032,107.4931917,maize
75,56,18,19.39851734,62.35750641,5.696205468,60.95197486,maize
86,55,21,21.54156232,59.64024162,6.803931519,109.7515385,maize
98,35,18,23.79746068,74.82913698,6.252797548,91.76337172,maize
76,57,18,18.9802729,74.52600826,6.092725883,94.26249353,maize
99,56,17,24.10859207,73.13112261,6.234330356,71.07562236,maize
60,44,23,24.7947077,70.04556743,5.722579819,76.72860067,maize
74,48,17,21.63162756,60.27766379,6.430616465,69.21803098,maize
89,60,17,25.37548751,57.21025565,5.983952675,101.7004306,maize
69,51,23,22.21738222,72.85462807,6.80163854,106.6213157,maize
96,46,22,20.58314011,69.00128641,6.499936446,66.29390357,maize
61,60,15,24.87502824,68.74248334,6.265564338,91.26056654,maize
74,58,18,20.03728219,56.35606753,6.727303282,109.024141,maize
74,43,23,25.95263264,61.89082199,6.325235159,99.57981207,maize
63,43,17,19.28889933,65.47050802,6.807487794,71.3195307,maize
99,36,20,20.57981887,65.34583901,6.671085817,78.34604471,maize
77,36,23,24.71417533,56.73426469,6.648725327,88.45361858,maize
87,60,23,20.27317074,63.91281869,6.439071996,62.50351892,maize
60,38,17,18.41932981,64.23580251,6.474476516,76.41312437,maize
94,54,17,23.39128187,61.74427165,5.871647806,107.3198135,maize
95,38,22,19.84939404,61.24500053,5.730617109,100.7689246,maize
84,44,21,21.869274,61.91044947,5.850439831,107.2681929,maize
77,58,19,22.8056033,56.50768935,5.791649933,101.5952794,maize
66,44,20,19.0781471,69.02298571,6.740000688,80.72515943,maize
63,35,16,22.02720976,65.35549924,6.272417541,83.73280082,maize
79,45,20,23.80546189,59.24537979,5.715208817,89.9622014,maize
72,60,25,18.52510753,69.0276233,5.773454729,88.10234397,maize
67,51,24,23.50297882,61.32026065,5.584171461,64.77791424,maize
86,36,24,26.54986394,72.89187265,5.787268394,73.33636055,maize
76,48,18,19.29563411,69.63481219,5.77597783,83.21030571,maize
75,53,18,20.68899915,59.4375337,6.864793607,103.651438,maize
81,45,23,19.32666088,68.034493,6.192360003,84.22969177,maize
73,45,21,24.60532218,73.58868502,6.636803223,96.59195302,maize
71,35,24,22.27373646,59.52193158,5.826426917,67.96704792,maize
96,54,22,25.70196694,61.33450447,6.960358276,83.20711308,maize
99,39,18,19.20129357,68.30578978,6.11275104,87.85092352,maize
62,48,20,21.70181447,60.47470519,6.708446922,95.71388473,maize
86,37,16,20.51716779,59.21235483,5.561510732,67.61013737,maize
94,50,19,23.30355338,73.62548442,5.873242491,97.59081274,maize
76,39,24,24.2547451,55.64709899,6.995843776,64.23845455,maize
77,52,17,24.86374934,65.7420046,5.714799723,75.82270467,maize
74,39,23,22.6265115,65.77472881,6.78073637,88.17251033,maize
81,49,20,18.04185513,60.61494304,5.513697923,104.2321615,maize
63,42,21,23.26237612,72.33125523,5.798423908,67.10225139,maize
99,38,21,22.88330922,71.59722446,6.352471866,67.72777298,maize
90,52,25,25.97482359,69.36385721,6.822586546,103.2234212,maize
68,40,19,26.14384005,66.20569924,6.655426355,107.2361366,maize
60,57,24,18.66116213,61.55327249,6.121294041,75.03247667,maize
71,52,18,25.10787449,55.97732754,5.790770203,78.16077693,maize
61,59,17,23.33844615,59.24580604,6.47444292,105.0083144,maize
88,38,15,25.08239719,65.92195844,6.455116637,62.49190812,maize
65,60,22,25.36768364,72.52054555,6.606984086,107.9124111,maize
78,37,22,25.34217103,63.31801994,6.330554389,74.52082026,maize
78,58,15,25.00933355,67.816568,6.528631266,62.91359494,maize
92,60,23,18.66746724,71.516474,5.721667141,69.93293255,maize
79,59,17,20.37999665,63.73849998,6.644205485,108.5054416,maize
91,55,15,18.09300227,72.61024172,6.376651091,78.96159541,maize
76,51,18,26.16985907,71.96246617,6.247040422,79.84925393,maize
87,48,25,18.65396672,61.37879671,6.656730008,93.62039175,maize
71,60,22,26.07470121,59.37147589,6.2048017,85.75692395,maize
90,57,24,18.92851916,72.80086137,6.158860284,82.34162918,maize
67,35,22,23.30546753,63.24648023,6.385684214,108.7603001,maize
60,54,19,18.74826712,62.49878458,6.417820493,70.23401597,maize
83,58,23,19.74213321,59.66263104,6.381201909,65.50861389,maize
83,57,19,25.73044432,70.74739256,6.877869005,98.73771338,maize
91,94,46,29.36792366,76.24900101,6.149934034,92.82840911,banana
105,95,50,27.33368994,83.67675197,5.849076099,101.0494791,banana
108,92,53,27.40053601,82.96221306,6.276800323,104.9378,banana
86,76,54,29.3159075,80.11585705,5.926824754,90.10978128,banana
80,77,49,26.05433004,79.39654531,5.519088423,113.2297373,banana
93,94,53,25.86632408,84.42379269,6.079178788,114.5357503,banana
90,92,55,27.00932084,80.18546798,6.13465588,97.32531705,banana
108,89,53,29.55054817,78.06762846,5.808497604,99.34482238,banana
108,88,55,26.28845991,83.390039,5.891458107,113.8729798,banana
105,77,52,29.16226551,76.16151562,5.816622479,100.0075679,banana
118,88,52,28.65003945,82.68752542,5.843163161,98.75084366,banana
101,87,54,29.07311132,76.50045221,6.376756633,100.1692639,banana
95,75,50,28.08166093,75.26429821,5.623615687,118.2761894,banana
106,85,53,27.1994597,78.8086068,5.91505509,99.72430835,banana
86,95,49,28.05484146,78.04602887,6.458714879,108.3957179,banana
83,79,55,25.14748006,83.34688193,5.565028635,98.66679427,banana
85,95,47,25.94019018,78.3422098,6.211833161,119.84797,banana
109,79,45,27.66752761,79.68542782,6.490074429,108.66464,banana
100,76,45,25.56703012,75.94067692,5.590236025,102.7867717,banana
117,86,48,28.6956201,82.54195839,6.225225239,116.1616839,banana
114,94,53,26.33544853,76.8532006,6.190757459,118.6858263,banana
110,78,50,25.93730186,78.89864446,5.915568968,98.21747528,banana
94,70,48,25.13686519,84.88394407,6.195152442,91.46442491,banana
80,71,47,27.50527651,80.79783998,6.156373499,105.0776992,banana
114,79,51,26.21009246,82.34429458,6.313197204,112.0700033,banana
88,78,45,29.10403455,79.19588629,6.324270089,92.07835761,banana
112,73,48,29.2440638,77.32017166,5.707488987,90.66727868,banana
117,76,47,25.56202173,77.38229006,6.119216009,93.10247183,banana
111,87,48,26.3985515,81.36028902,5.571401169,98.16752001,banana
89,83,47,28.09577643,77.79586769,5.63127166,109.5408614,banana
93,91,47,27.84767901,83.31110751,6.101241579,117.2878912,banana
92,81,52,27.39341554,81.4654833,6.438137279,94.31102057,banana
105,74,45,25.14517635,81.38204104,6.098369122,119.218154,banana
102,71,48,28.65456263,79.28693687,5.695267822,102.4633775,banana
94,91,51,29.16093424,76.67484233,5.618094446,109.575944,banana
116,71,47,27.57278064,82.0638878,6.435785799,91.34276507,banana
117,79,49,25.40909896,82.36208097,6.176644228,112.9794804,banana
119,72,55,25.99069521,83.33983116,6.220643671,112.0777152,banana
99,73,53,26.29039046,81.06003778,5.871702211,118.6730366,banana
91,84,52,29.14827211,78.71024836,6.390741836,117.536781,banana
80,90,47,26.59743595,79.35898915,6.21084479,107.3944717,banana
101,70,48,25.36059237,75.03193255,6.012696655,116.5531455,banana
108,89,53,29.12036889,80.18080728,5.908770059,112.3982055,banana
100,80,52,27.53911354,77.25629897,6.049801781,110.3262123,banana
109,91,53,29.66727337,83.51014178,6.010095853,110.2511102,banana
82,78,46,25.05802193,84.97323747,5.738678895,110.4408803,banana
106,70,55,25.86824781,78.52399914,5.74055541,116.3019555,banana
90,86,52,25.85036988,81.95580471,5.793260262,119.0856171,banana
83,95,50,26.51682337,77.79913575,5.50947065,108.8547508,banana
119,90,48,28.66725136,79.59242542,5.986442306,118.2583441,banana
107,72,45,28.14938935,81.54448882,5.790768046,91.40508414,banana
116,81,55,26.42313317,83.6995044,5.915546415,95.12322062,banana
101,75,50,26.59386409,81.40740301,6.242528278,109.9825551,banana
93,81,50,27.71822477,76.57853189,6.036079266,102.2099836,banana
95,75,45,28.98333432,82.95958244,5.829898502,109.022564,banana
107,71,55,29.42017919,83.96754496,6.088064451,117.229079,banana
83,94,47,27.39872329,81.10523402,6.469370954,112.1355384,banana
102,73,54,26.4020227,84.41007614,5.720726906,111.0162259,banana
86,79,45,27.81251452,82.69285419,5.80766417,99.20961514,banana
117,86,53,25.19640218,83.55829874,5.703381728,115.8586081,banana
111,79,53,28.31193338,75.77363772,6.165001278,119.695765,banana
95,74,50,25.90113128,80.47152737,6.002481605,110.10323,banana
91,75,55,27.48612983,76.11239849,6.212369363,109.2768851,banana
93,83,46,29.38254012,83.50423735,5.765308943,109.2486647,banana
92,85,51,29.22118628,81.08183635,5.740764682,108.8616474,banana
104,80,54,27.09062164,81.33506906,5.879119455,110.1331182,banana
103,72,51,26.12643374,81.81365007,6.099478745,104.4812858,banana
92,75,45,29.01207743,77.95192527,5.674403359,90.43495443,banana
93,85,49,27.96799119,79.28625709,5.694243847,119.4765557,banana
120,87,52,28.0764455,76.05522115,5.905494703,118.9923573,banana
108,72,46,25.16278237,84.97849241,6.110844721,90.94554618,banana
105,88,54,25.78749808,84.51194224,6.020445317,114.2005455,banana
98,79,50,25.34119774,84.47321314,6.435917308,91.06493353,banana
111,88,55,29.44795403,78.34971537,5.505393833,96.45042585,banana
97,74,45,26.47522633,78.51833782,5.677719902,113.1161095,banana
95,82,48,27.39489579,83.31172003,5.719014989,92.78133617,banana
89,91,55,25.08347445,80.261731,6.275572298,94.32961456,banana
89,85,55,26.6719835,76.48541655,6.275384607,91.73358569,banana
118,88,51,25.44926208,79.49221962,6.201911642,100.6619171,banana
101,92,45,28.22776705,80.6430384,5.758054257,98.00403016,banana
99,92,47,28.1279509,77.48247073,6.323933647,103.5045395,banana
82,77,46,28.9470467,82.1888998,5.901100841,95.83016448,banana
90,86,55,27.96236771,84.15403614,5.644486582,97.55986676,banana
95,88,52,28.00316034,78.90085998,6.235461772,94.68180316,banana
104,73,46,29.1400919,80.1190228,6.28236237,90.45142867,banana
102,73,52,27.9122104,83.36307683,6.356090905,90.24211529,banana
100,74,52,25.43480512,81.53977797,5.837258235,96.47800391,banana
94,89,48,28.55980972,84.51602322,5.653437902,111.0843029,banana
99,70,46,26.59580783,82.99556744,5.727469947,100.5123341,banana
112,87,48,27.19711623,77.3970629,6.200111068,99.46950465,banana
117,82,45,25.29391516,79.29122198,5.614471478,105.4220251,banana
96,86,51,29.90888522,76.98740841,6.257369799,91.99964712,banana
113,85,45,27.94972463,76.63713353,6.037430836,109.0921631,banana
105,93,46,25.01018457,78.76260938,5.760457558,108.3690513,banana
85,89,51,29.21144871,84.70189923,6.158164422,108.5501443,banana
108,94,47,27.35911627,84.54625006,6.387431383,90.81250457,banana
92,81,52,28.0106804,76.52808057,5.891413895,103.7040783,banana
110,71,54,28.67208915,82.20793613,5.725418961,94.37987496,banana
82,75,55,27.34585147,78.4873835,6.281069505,92.15524332,banana
117,81,53,29.50704598,78.20585613,5.507641778,98.12565829,banana
2,40,27,29.73770045,47.54885174,5.954626604,90.09586854,mango
39,24,31,33.55695561,53.72979826,4.757114897,98.67527561,mango
21,26,27,27.00315545,47.67525434,5.699586972,95.85118326,mango
25,22,25,33.56150184,45.53556603,5.977413803,95.70525913,mango
0,21,32,35.89855625,54.25964196,6.430139436,92.19721736,mango
20,19,35,34.17719782,50.62161586,6.113935087,98.00687989,mango
19,21,34,30.01592643,53.19212381,5.074272692,97.72843182,mango
18,17,31,31.74592134,45.16127859,5.667507706,93.75441586,mango
11,36,33,35.99009679,52.22780489,5.978634285,95.3713484,mango
30,28,30,31.86641378,52.19331595,5.064613314,98.46768642,mango
18,19,27,27.75518664,52.34605806,4.772385986,94.11213345,mango
23,23,27,34.72413192,51.4271781,5.161148592,97.31258083,mango
37,30,34,27.53907547,53.63549533,6.797779227,99.35408185,mango
11,27,30,27.69637763,48.5622488,6.39474303,89.85646496,mango
12,19,31,27.25373364,52.66319725,5.566704378,91.87312479,mango
3,28,33,30.33723921,48.88704844,5.755049971,94.42850522,mango
37,38,32,31.85744939,45.53106268,5.417340525,91.55845821,mango
26,37,30,35.39986338,49.45962621,6.166173834,97.41054011,mango
14,18,30,29.80747243,52.13797867,5.191265116,95.74606104,mango
40,16,35,34.16438906,54.16482251,4.954739564,98.33351125,mango
4,20,25,28.93270187,47.94053996,5.664587011,99.9834242,mango
36,25,33,27.98392787,53.33018851,5.548584852,99.61465679,mango
30,17,31,31.20478173,54.49960506,6.804437106,94.62954663,mango
28,37,28,32.13409675,50.52559148,6.097869767,98.63333684,mango
38,15,30,28.91862016,48.13974548,5.075504537,97.01331604,mango
12,37,30,31.09779147,47.41196659,4.546466109,90.28624348,mango
38,19,31,34.73823882,49.08864345,5.855119268,90.65022183,mango
8,33,29,29.98080499,49.48613279,6.442393461,91.82271568,mango
15,27,28,33.80398664,46.12866113,4.507523551,90.82549241,mango
34,16,25,30.07202564,50.96040505,6.10729559,92.09609766,mango
11,36,31,27.92063282,51.77965917,6.47544932,100.2585673,mango
33,29,34,31.40948821,49.21729127,6.832979509,92.99739415,mango
12,31,26,35.7877738,51.94190321,5.395275719,100.2160615,mango
12,34,28,33.36140093,45.02236377,6.13526938,98.81596545,mango
5,16,31,35.96054636,48.69677802,4.555688532,98.00644238,mango
1,30,29,28.33333307,51.39586505,6.434197756,91.67241761,mango
16,35,31,32.27652024,50.19368841,5.316875978,95.99487068,mango
35,18,26,31.99490489,50.84881347,5.279388967,97.38741498,mango
4,40,26,27.58258929,48.56916221,6.720041791,95.8445641,mango
9,29,34,29.38471637,45.88744691,5.72742254,100.8124659,mango
2,38,33,32.38697531,53.2328243,4.691396195,90.21633216,mango
26,32,32,30.91471455,49.92963856,6.810186079,90.14047759,mango
34,38,31,35.37775595,45.58110023,6.454045329,97.41586402,mango
5,32,33,32.32362177,52.5896771,5.842763773,93.36718816,mango
31,29,26,28.22373428,47.40519056,5.024124684,97.76832322,mango
34,34,35,27.27433181,47.16808054,6.422710539,95.257992,mango
36,19,32,27.10710832,50.70880979,4.94295037,92.37238878,mango
7,17,26,34.89226666,48.75613373,6.414526606,91.63074547,mango
38,15,27,33.7462686,48.50387598,6.777788126,92.26439205,mango
5,19,25,27.3511056,54.43945147,6.441328044,96.27792547,mango
37,36,26,32.89300162,52.61323969,4.650536197,94.49161372,mango
21,31,32,35.38598705,51.42664176,5.254532213,90.29643888,mango
37,36,27,27.5529736,47.90859131,5.910634533,90.40332704,mango
23,23,30,32.82141065,47.45553843,4.755273631,90.89173106,mango
36,26,26,30.17294105,51.0845903,6.814630246,95.23444287,mango
24,33,35,29.26382931,54.82257868,5.342866119,100.7586226,mango
26,18,30,32.06097197,51.08494181,6.336234624,96.59816497,mango
22,17,26,28.69818144,47.71875722,4.754435025,99.642454,mango
11,34,32,29.14305008,49.40983294,6.831706773,97.55155537,mango
29,35,28,28.3471611,53.53903102,6.967417766,90.40260445,mango
22,28,26,27.67256197,45.41692012,4.947683034,92.84991507,mango
23,24,32,28.1218093,46.16888595,5.630619901,93.30247448,mango
1,35,34,30.79375683,46.69536813,6.27339822,92.21318555,mango
2,24,34,28.89409382,54.80750249,6.472774648,94.76322976,mango
39,37,25,33.33024826,45.61143594,6.953246506,98.28583013,mango
15,36,27,27.78912455,53.96886679,5.643710216,91.01152997,mango
3,18,31,31.65333432,48.20662669,6.392313973,91.09745581,mango
8,38,32,29.75150773,46.73723302,4.981816523,91.405983,mango
33,31,34,31.32995611,50.22287593,5.421265283,89.78216168,mango
14,29,32,35.63627319,48.97047762,6.942520105,97.51952041,mango
18,20,26,31.66524687,51.98594645,5.435840509,89.98024312,mango
9,21,32,32.26935342,53.56092806,5.870116071,95.94035356,mango
20,30,27,27.81005614,51.59445462,4.74910393,95.89898581,mango
9,38,25,34.58561471,50.34035336,5.497946899,100.3060719,mango
26,24,34,31.27180992,52.23810152,6.811291098,89.74409017,mango
31,36,29,33.93679864,52.72170281,6.460542749,97.4611918,mango
14,18,35,31.09154239,47.02058367,4.791146778,91.46664318,mango
40,16,35,31.89356292,49.02450149,6.4841522,89.59371481,mango
28,27,34,32.45465292,50.69693751,6.526654345,95.04871605,mango
0,17,30,35.47478322,47.97230503,6.279133738,97.79072474,mango
1,29,29,27.32961444,49.30347234,6.052026047,93.53197359,mango
2,36,31,30.90225239,49.95955487,5.73171945,91.77522598,mango
12,27,26,29.09382275,45.5661059,5.32307197,96.23520043,mango
7,28,35,30.02086169,46.78393776,4.66910839,96.63721027,mango
0,36,26,34.13072188,51.25786185,5.101206389,96.38808001,mango
26,35,31,33.44619894,53.05980465,5.339556562,98.05089394,mango
27,21,30,35.3915464,52.48823147,5.061081874,91.22881052,mango
22,38,31,31.53356352,53.06009323,5.821106036,98.57025046,mango
22,18,31,30.7645515,47.93791463,5.956027059,90.38503469,mango
28,23,28,30.01821337,50.0983181,5.676032581,96.08745082,mango
7,31,27,31.32863689,47.59319575,6.524114355,94.67344737,mango
29,34,26,33.88004781,54.39416048,6.273953676,89.29147581,mango
8,37,33,28.07802689,54.9640534,6.128167757,97.45373619,mango
39,16,27,35.53845018,52.94641947,4.934964765,91.54560427,mango
40,24,25,28.70595247,50.44030129,5.445008416,95.8946444,mango
19,38,26,31.48451729,48.77926304,4.525722333,93.17221967,mango
21,21,30,27.69819273,51.41593238,5.403908328,100.7720705,mango
22,18,33,30.41235793,52.48100602,6.621623545,93.92375879,mango
31,20,30,32.17752026,54.01352682,6.207495815,91.88766069,mango
18,26,31,32.6112614,47.74916499,5.418475257,91.10190759,mango
119,25,51,26.47330219,80.92254421,6.283818329,53.65742581,watermelon
119,19,55,25.18780042,83.44621709,6.818261383,46.87420883,watermelon
105,30,50,25.29954705,81.77527562,6.37620108,57.04147057,watermelon
114,8,50,24.74631269,88.30866319,6.581587932,57.95826144,watermelon
93,22,52,26.58740671,81.32563243,6.932739726,41.87540028,watermelon
80,26,55,24.53442564,88.989272,6.140099215,49.11618732,watermelon
85,27,45,26.0713757,88.7285657,6.467095849,57.79652846,watermelon
85,22,53,25.96534238,89.77076659,6.849471704,59.46338556,watermelon
82,22,45,26.22338015,85.34866045,6.512196212,54.60159289,watermelon
118,13,54,24.41311871,89.81574032,6.039584629,44.07843475,watermelon
83,25,53,26.49195283,80.04678201,6.057697106,57.72799157,watermelon
86,15,47,24.04355803,84.18406764,6.423898762,53.78929956,watermelon
101,10,47,25.5421695,83.31883376,6.936997681,57.57343233,watermelon
119,9,50,26.74550678,83.9195902,6.251286661,40.794305,watermelon
104,17,46,25.7131428,80.22972777,6.190015912,43.08961827,watermelon
95,12,51,25.76484262,84.1726996,6.681606702,44.22066914,watermelon
102,14,52,26.79489868,89.64815231,6.51075991,57.74091817,watermelon
109,21,55,24.9004602,89.73524177,6.770278088,57.44942094,watermelon
81,18,50,26.80750629,88.22874955,6.429788073,58.79889057,watermelon
103,17,51,25.11189154,80.02621335,6.209888345,44.20656987,watermelon
105,14,50,26.2148837,87.6883982,6.419052193,59.65590798,watermelon
97,8,52,24.9103226,86.97190046,6.237861736,49.48575692,watermelon
120,19,49,25.79448878,84.26830701,6.762471629,56.45229202,watermelon
95,16,55,25.26931156,87.55055105,6.612847999,40.12650421,watermelon
83,29,52,25.76402693,87.5931128,6.704688865,46.05122728,watermelon
83,9,45,25.85483596,89.13163965,6.049609892,46.85176955,watermelon
91,21,50,24.33528185,81.44030363,6.762030215,48.32113628,watermelon
116,5,54,25.37601283,80.99313508,6.65398725,57.23028471,watermelon
112,28,54,24.86094646,85.05318563,6.738030547,55.29563514,watermelon
88,29,51,24.71885473,88.94568335,6.095689937,48.45978627,watermelon
118,15,45,24.21495706,84.20576992,6.538006356,48.01138482,watermelon
92,21,48,25.81692236,82.043255,6.377427122,54.82963379,watermelon
106,14,45,24.47018505,84.16390229,6.417011754,57.26773002,watermelon
99,5,47,24.13078816,84.84494575,6.649086972,51.19470197,watermelon
98,8,51,26.1793464,86.52258079,6.25933595,49.43050977,watermelon
108,22,46,26.17668721,86.7295205,6.121168559,53.33484977,watermelon
119,7,55,26.03867719,84.6378378,6.031424482,44.3993381,watermelon
117,27,48,26.53259325,82.39053979,6.835268184,54.30660782,watermelon
109,10,53,26.81938687,87.8274604,6.551750306,46.06193778,watermelon
80,16,46,25.50405534,81.40297428,6.940236218,48.47833278,watermelon
100,18,52,26.20234499,80.38266489,6.87606733,56.47941847,watermelon
91,7,53,25.13735887,89.28272716,6.457216535,43.52897517,watermelon
86,6,53,25.92030221,83.47202566,6.921847888,42.10681516,watermelon
107,5,52,26.6634609,89.98405233,6.881425746,57.40847165,watermelon
103,16,49,24.06731461,81.64075303,6.915717008,51.75212401,watermelon
101,20,48,24.6774157,82.75411437,6.206247494,57.05709413,watermelon
85,25,47,26.11440416,87.64081095,6.29542477,58.48160844,watermelon
84,7,51,26.81530456,87.65694462,6.399669044,55.74073582,watermelon
102,28,54,25.15623099,80.27525115,6.862157042,55.49541453,watermelon
98,25,52,25.2801372,83.15393658,6.224066378,49.29456609,watermelon
97,25,50,26.22005978,80.90127035,6.093814669,49.08553937,watermelon
90,16,45,24.92093261,80.61750795,6.291540278,50.55710813,watermelon
95,12,46,26.21667586,81.01009354,6.32281728,54.65423596,watermelon
82,23,49,26.81383586,87.21986949,6.873283991,51.70497792,watermelon
82,25,51,24.31334971,87.47409052,6.074209622,48.11248366,watermelon
110,28,46,24.29105004,88.04541346,6.49889585,51.26046418,watermelon
118,21,51,24.42998931,86.33904774,6.678805092,48.58241822,watermelon
120,20,45,25.66576039,88.6984228,6.114128685,54.22722466,watermelon
91,7,52,25.07803672,83.46230461,6.405054243,56.39962921,watermelon
81,6,55,24.88910524,85.87059083,6.110142735,51.70699144,watermelon
101,13,54,25.42900869,82.91481799,6.828982708,56.34144589,watermelon
101,17,55,24.37118217,87.1269128,6.451499764,44.63907691,watermelon
111,6,53,26.4930645,88.59143088,6.313512999,46.06382209,watermelon
107,10,49,25.83202912,89.00481725,6.755192025,45.24690619,watermelon
115,11,46,24.41592661,89.39655519,6.623167177,40.32161859,watermelon
84,25,52,24.37190239,81.2514818,6.12532356,44.20899581,watermelon
120,7,47,24.24782473,83.03687902,6.653867608,54.7657624,watermelon
91,12,46,24.64458469,85.49938185,6.343942518,48.31219031,watermelon
89,22,52,24.89681131,86.10782926,6.217300786,53.14626213,watermelon
113,19,46,25.41864024,81.12122989,6.286387658,49.52320689,watermelon
97,22,50,26.26028739,86.14585891,6.7698938,58.97878791,watermelon
117,30,50,24.90123934,87.20772913,6.744966312,46.59207341,watermelon
90,14,52,24.84740848,89.20454622,6.391858432,59.67927244,watermelon
104,23,47,26.98212846,86.70068316,6.770434148,42.91292205,watermelon
81,16,45,26.90435747,86.25426228,6.727468157,59.75980023,watermelon
88,5,47,25.86475496,86.67468041,6.662244646,41.16554802,watermelon
92,7,45,26.70607759,81.14149505,6.944640222,51.51033554,watermelon
81,18,50,26.44019475,80.91934337,6.507110986,47.81847573,watermelon
111,5,55,26.283443,84.42478917,6.520663422,50.78669728,watermelon
108,23,51,26.84366082,83.85039964,6.106500787,40.228644,watermelon
113,30,50,26.03967219,83.9862443,6.277484043,43.87712348,watermelon
83,10,53,24.92994759,85.00802358,6.195142279,48.75859458,watermelon
101,11,51,25.50736962,84.24340241,6.792035575,44.2068997,watermelon
114,21,55,25.4438391,87.9392312,6.472756256,57.51549686,watermelon
99,6,45,26.12588914,86.5507939,6.000975617,40.71210074,watermelon
92,20,55,25.10474753,87.5267616,6.587791262,59.26519444,watermelon
92,7,48,26.27520631,86.63249555,6.956508826,54.38748495,watermelon
91,24,55,26.27061608,83.09194521,6.259086583,46.76837499,watermelon
110,21,54,26.73690828,87.82430156,6.747537642,47.46447019,watermelon
112,25,51,25.04746944,85.5667282,6.932537231,56.72496677,watermelon
89,25,54,24.69368934,85.56967628,6.353107393,48.99390828,watermelon
100,10,53,24.54356968,84.60808277,6.211748957,42.00660251,watermelon
83,22,54,25.89762315,81.96664832,6.277245254,54.49960057,watermelon
95,14,50,26.6333118,84.31756844,6.560443519,56.31866159,watermelon
119,30,49,25.35794749,80.45846265,6.903020221,47.72078245,watermelon
97,12,47,25.28784623,89.63667876,6.765094964,58.28697664,watermelon
110,7,45,26.63838589,84.69546874,6.189213927,48.32428609,watermelon
96,18,50,25.3310446,84.30533791,6.904241707,41.53218699,watermelon
83,23,55,26.89750174,83.89241484,6.463271076,43.97193745,watermelon
120,24,47,26.98603693,89.4138489,6.260838965,58.54876687,watermelon
22,30,12,15.78144173,92.51077745,6.354006744,119.035002,orange
37,6,13,26.03097313,91.50819306,7.511755068,101.2847738,orange
27,13,6,13.36050601,91.35608208,7.335158382,111.2266885,orange
7,16,9,18.87957654,92.04304496,7.813916603,114.6659511,orange
20,7,9,29.47741671,91.57802915,7.129136941,111.1727497,orange
26,27,10,28.06903173,92.91487288,6.079998496,114.1339416,orange
5,23,15,25.66901098,92.04670813,7.408939392,112.5424199,orange
0,18,14,29.77149434,92.00719952,7.207991261,114.4161786,orange
39,24,14,30.55472573,90.90343769,7.189259647,106.0711985,orange
13,23,6,23.96147583,90.26408017,7.365338111,102.6958703,orange
21,17,15,23.98289638,91.5473145,7.455991072,118.4901697,orange
33,12,8,25.26052689,90.31153735,6.822282114,117.3695296,orange
6,9,12,31.08368929,90.14362642,7.028746406,109.6894658,orange
19,7,10,14.78003032,91.22062116,6.118430299,100.1961762,orange
24,18,6,26.56608303,94.45239715,6.285312759,116.3796525,orange
9,11,8,24.85903405,94.39000473,6.559236744,111.7803734,orange
31,8,7,34.51465139,93.63812684,7.163245982,103.5684926,orange
22,17,5,24.12188673,90.72351622,6.945562889,102.835632,orange
13,5,8,23.85340379,90.10522549,7.474710503,103.923226,orange
16,8,9,24.60297538,91.28408653,7.601189843,111.2948115,orange
4,13,6,15.63211033,94.25966183,7.561143224,101.4705704,orange
0,25,14,19.33516809,91.97978938,6.361671475,116.450422,orange
8,7,10,28.2620488,91.98317355,6.929216014,105.2132259,orange
4,23,5,22.67594476,93.36348717,7.477935216,110.3332655,orange
33,14,8,21.03200078,92.9641969,7.684420446,110.6823944,orange
30,7,15,33.23453301,91.06053924,7.825531916,115.7659902,orange
21,29,12,22.30318989,92.15987039,6.438668989,117.3688104,orange
11,14,5,11.50322938,94.8933184,6.946354724,115.5683776,orange
9,8,15,14.34320488,94.35734702,7.994465371,110.2223123,orange
5,18,14,33.1056981,93.48447453,7.434118807,119.1709113,orange
29,25,14,30.49183837,90.4582865,7.781988584,113.3302105,orange
33,12,15,30.25578031,92.03272799,6.052318465,116.7173125,orange
8,16,6,12.22816189,90.26457428,7.106650373,108.4161706,orange
15,14,8,10.01081312,90.22399223,6.22094286,119.3941064,orange
16,7,8,22.79196751,90.60901895,6.420457311,116.5084074,orange
0,12,7,20.18432263,90.65458473,6.969249676,116.8130969,orange
5,25,6,30.72119881,94.01331956,6.011302181,106.8118019,orange
6,8,11,24.35590861,92.39651663,6.600948788,119.6946577,orange
10,5,5,21.21306973,91.35349216,7.817846496,112.9834361,orange
1,17,6,10.78689755,91.38411917,6.8198271,117.5293447,orange
1,30,10,11.89925671,91.34663797,7.291405641,103.5771468,orange
0,23,15,22.56664172,93.37488907,7.598729065,109.8585753,orange
24,27,9,18.86883219,93.24688124,6.157135092,119.3936976,orange
36,11,13,17.34083741,93.04897191,7.1917274,112.7194284,orange
40,21,8,34.90665289,92.87820148,7.418761774,102.1906333,orange
40,22,6,24.53610067,91.90997228,6.488221135,115.9787989,orange
32,18,13,13.8377282,91.74780462,6.044167236,107.9873218,orange
9,10,10,22.3551049,93.52211892,6.010391864,101.5164589,orange
13,16,8,34.74004942,93.12316972,6.949838549,100.1967854,orange
15,9,11,11.54785707,94.14861001,7.907956251,108.8289171,orange
29,11,5,23.13338811,91.94670335,7.639788459,104.4224145,orange
1,15,9,29.98364695,94.55239717,7.53350946,115.3560318,orange
18,5,11,20.87947369,90.93756231,6.251586885,102.4550786,orange
14,22,9,17.24944623,91.13772765,6.543191814,112.5090516,orange
33,15,7,15.83388699,91.68293851,7.651225301,109.7571416,orange
4,6,7,23.01014302,91.11764246,6.708889665,112.6738296,orange
17,16,14,16.39624284,92.18151927,6.625538653,102.944161,orange
12,20,10,24.45132792,93.10527686,6.528354932,109.4711098,orange
34,29,8,31.87859192,91.15248149,6.450640306,105.3437825,orange
39,28,10,31.34920143,91.48247612,7.181907673,109.1549823,orange
31,25,12,18.05142392,90.03969587,7.016482298,111.7793889,orange
12,6,8,30.84835031,92.86773675,6.388617138,107.4142681,orange
12,29,13,22.45616931,91.52781832,7.57125447,118.0069295,orange
26,11,11,13.70319166,90.95589386,7.609348255,106.2944879,orange
19,24,15,20.48954522,93.72485075,7.137136973,111.8391951,orange
39,21,9,13.20844373,94.02769434,6.354022554,106.2696156,orange
16,29,13,32.31944397,93.67804556,6.196907944,117.6236473,orange
36,29,13,20.68185224,90.91510525,7.829507245,109.7513927,orange
37,23,12,31.52675982,90.50621806,6.395258356,113.1169398,orange
39,9,15,25.35467646,91.81183218,7.992041984,116.7555937,orange
31,5,14,17.66545409,91.69865887,6.583411671,110.6857506,orange
18,12,8,12.59093977,91.81668769,6.206053072,119.3916718,orange
20,20,10,11.86631922,93.68394562,6.976997772,106.060149,orange
5,8,5,11.03367937,92.22706805,6.562594972,112.7715925,orange
20,8,12,25.2990432,94.96419851,7.260416405,117.9733424,orange
25,21,11,32.23797837,90.15406807,6.460044778,104.7052254,orange
14,19,14,17.68408797,94.35815354,6.699164936,108.0638166,orange
37,18,12,10.2708877,90.19147747,7.401121811,106.6955204,orange
26,15,6,17.22034507,94.78797376,6.912033409,108.0054343,orange
13,22,5,19.667056,90.50096668,7.764040111,100.1737964,orange
32,25,9,10.35609594,93.75652041,7.796034006,101.1456947,orange
19,7,9,27.255435,91.71369387,6.969883483,101.139435,orange
28,7,9,34.5917846,92.13229786,6.730757538,115.5650287,orange
24,30,11,32.39523995,94.51768464,6.601395755,113.25373,orange
7,17,10,10.16431299,91.22320999,6.465913274,106.362551,orange
18,23,8,21.49118657,93.43949693,6.41354791,101.4819888,orange
7,20,12,16.53460397,94.76759975,6.475275337,110.0447896,orange
20,23,11,31.8520694,90.12220323,6.407715561,109.9455062,orange
18,14,11,28.04799508,90.00621688,6.550814117,117.1311498,orange
34,11,10,31.75048899,94.59551226,7.36220835,115.1989301,orange
20,29,10,29.07412717,93.27189064,7.36549204,100.7896871,orange
37,24,13,19.14381903,90.71037456,7.8546243,108.0230792,orange
12,8,10,16.14820285,91.4448027,7.995848977,107.4287664,orange
34,10,14,34.05296914,92.05811721,6.725600855,116.8020848,orange
6,13,9,34.51423957,90.56151463,7.786725333,118.3271968,orange
27,30,5,32.71748548,90.54608254,7.656978112,113.328978,orange
13,8,12,25.16296632,92.54736032,7.105904818,114.3117197,orange
6,7,7,27.68167318,94.47316879,7.199106204,113.9995146,orange
40,17,15,21.35093384,90.9492967,7.871063004,107.0862095,orange
31,26,9,11.69894639,93.25638873,7.566165721,103.2005992,orange
18,30,29,26.7627493,92.86056895,6.420018717,224.5903664,coconut
37,23,28,25.61294367,94.3138837,5.740054567,224.3206759,coconut
13,28,33,28.130115,95.64807631,5.686972967,151.0761899,coconut
2,21,35,25.02887163,91.53720922,6.293662363,179.8248944,coconut
10,18,35,27.79797651,99.64573002,6.381975465,181.6942283,coconut
7,11,32,29.25902906,95.11294697,5.542169139,184.7624496,coconut
39,5,31,27.10134661,93.69979946,5.551963184,150.9502632,coconut
34,6,27,25.84726298,90.92669463,5.860740481,147.8888994,coconut
31,30,29,26.58580443,90.98617591,5.558807063,178.8116076,coconut
25,7,35,28.38503882,99.18843684,5.55771171,189.6711349,coconut
16,18,26,28.43647052,91.81320717,5.568365926,145.5414413,coconut
26,10,33,28.27298134,96.93649473,6.07071786,198.8234862,coconut
27,8,32,27.00648436,96.46168931,5.627860549,144.3331315,coconut
37,18,30,27.63551259,99.34854917,6.38488418,157.9171537,coconut
19,15,34,26.29644905,99.65809151,5.685889066,215.9195049,coconut
0,19,33,27.1326009,95.23797989,6.234458417,204.7206567,coconut
31,20,26,25.56567803,97.61361544,6.443168642,199.7936345,coconut
9,17,32,25.94951662,93.40548703,5.842317989,172.0540491,coconut
22,11,29,28.03380598,95.01630593,5.955742971,218.0055713,coconut
31,6,26,29.12859129,91.30924833,5.741367375,157.2388553,coconut
34,6,30,27.0828252,97.00155491,5.948342571,171.7575545,coconut
24,6,32,28.11321494,90.01734526,6.387067562,172.4813641,coconut
1,8,26,27.5136304,94.18955816,5.562911913,156.6732553,coconut
31,13,33,27.63834933,95.48763389,5.85971872,205.5463111,coconut
10,9,28,29.01256899,94.01014388,6.282955073,150.0500312,coconut
36,27,26,26.58413917,95.78923137,6.25449571,171.6262299,coconut
38,24,33,28.28905147,97.00396405,5.973853124,142.9403233,coconut
11,6,25,28.69164799,96.65248672,6.081568052,178.9635457,coconut
16,14,30,29.70931288,96.30484325,6.37466756,209.8453993,coconut
33,14,35,27.14865285,96.66355213,6.027707171,149.2433497,coconut
16,6,29,29.28725038,91.95614918,5.868285082,132.1491176,coconut
32,11,31,25.06871967,93.31410447,6.205931638,134.8419069,coconut
38,14,30,26.92449525,91.20106019,5.570745386,194.9022136,coconut
8,6,33,28.27804288,93.64761266,6.095261013,171.9457959,coconut
23,6,33,29.18032562,92.73041222,6.025789594,204.9603677,coconut
29,25,35,28.3575072,91.64509299,5.542873799,160.7306991,coconut
24,14,33,29.38072512,93.27565685,6.366219551,218.5241851,coconut
32,12,30,25.39241091,98.08951196,5.579845008,218.080385,coconut
30,25,31,26.31270635,98.62048026,5.804965067,208.1181381,coconut
14,21,35,29.52501367,91.91185319,6.121005506,194.3100272,coconut
27,22,29,28.83214859,92.17170353,6.000248647,145.4172387,coconut
40,5,29,28.48444906,97.76865458,5.820978791,160.389421,coconut
17,11,32,28.74013335,93.39676499,5.620733794,156.7650823,coconut
30,30,35,25.00872392,95.59224018,6.001936419,165.8092179,coconut
28,10,30,29.8690834,91.14723422,6.305740522,192.7678575,coconut
39,7,29,27.54273211,94.59086121,6.362544111,150.2012138,coconut
32,20,35,26.52166434,98.38227669,5.588655387,144.6261698,coconut
7,15,32,25.03512351,95.89739958,6.182232762,174.796583,coconut
29,17,29,29.20394909,95.66997327,5.959493188,211.2506267,coconut
34,15,34,27.05826457,91.10510371,5.677282678,224.7006953,coconut
14,23,25,26.18552389,96.96637916,5.612122797,135.4186222,coconut
18,19,29,27.59376845,92.48519606,6.206077742,162.8432736,coconut
7,21,35,25.76011662,94.65830608,5.764812076,131.2451414,coconut
24,27,34,28.87862994,95.11320315,6.203376525,145.0583117,coconut
39,29,29,26.50908611,94.48414544,6.143662699,199.8778403,coconut
29,8,28,26.87037587,91.72546257,6.100429497,214.4128874,coconut
10,24,27,27.57283516,94.90485697,5.708409601,145.9298935,coconut
0,29,32,28.05912437,98.3670985,5.868255858,171.6516396,coconut
32,11,31,29.51611558,92.56492864,6.461225827,131.2116167,coconut
37,10,32,28.96318258,95.16333673,6.165084855,222.803013,coconut
20,29,27,25.09897688,92.36099489,6.047044342,157.7592626,coconut
31,29,35,27.1872282,92.19906776,6.137102505,141.3220576,coconut
17,30,27,29.03065024,90.79093862,5.894027065,205.5720367,coconut
1,12,30,27.754298,95.94643831,5.56222383,131.0900076,coconut
6,13,29,27.31155708,99.96906006,5.832608028,201.8258633,coconut
15,28,32,28.84270971,99.64328526,6.218571874,224.4016682,coconut
27,24,29,26.61423461,96.97300803,6.142010637,191.006688,coconut
3,23,30,29.70143197,95.65754365,6.078807239,215.1968037,coconut
8,26,26,25.54759871,91.64194826,5.702484758,212.867626,coconut
20,28,26,26.37978453,91.49882979,5.547594847,167.0470997,coconut
26,18,27,27.45907759,92.90736493,5.836075368,142.1430003,coconut
1,6,35,27.02269204,95.71935435,6.231662767,147.1682459,coconut
27,30,31,28.98545306,90.73966792,5.718120393,148.8398374,coconut
23,7,34,26.1055118,91.52421214,5.852038202,134.1279669,coconut
0,26,31,25.0707247,95.02156793,5.547933273,192.9036306,coconut
38,6,25,25.54963273,96.92786777,6.156259104,191.2996157,coconut
25,12,26,28.56973521,95.67906668,6.436314406,134.8370348,coconut
40,5,32,26.07010807,96.7036223,5.981169595,143.533473,coconut
0,19,31,25.51791333,94.38420565,6.271952833,178.7297725,coconut
26,9,32,25.9490364,94.73860514,6.470465614,144.1571109,coconut
35,30,34,28.2974764,95.41122824,6.141502001,182.4482352,coconut
19,30,30,29.56549169,91.40896307,5.826381164,224.8315729,coconut
31,13,33,29.69952329,95.21224392,6.342463714,148.3003692,coconut
17,29,26,26.14162144,93.28415295,6.071897347,195.4115025,coconut
2,30,30,26.00175125,94.79998418,6.331051715,209.540094,coconut
30,13,25,27.15116142,91.48889469,6.413184638,164.9182225,coconut
8,15,33,28.97318719,98.09861043,5.50158009,213.9011021,coconut
18,12,35,26.13958446,96.38580769,6.338720873,131.3387935,coconut
8,28,30,25.51618488,94.33465411,6.015672239,135.1272491,coconut
40,22,29,27.55821802,99.98187601,5.735364307,174.6256481,coconut
27,10,33,27.81132822,97.48410555,6.465906333,154.0621221,coconut
21,20,31,25.60033702,99.7240104,5.855457599,165.8248732,coconut
3,9,35,26.91641934,99.84671638,6.318552973,225.6323656,coconut
22,16,27,29.1797902,90.27214288,6.006784979,188.9252083,coconut
27,8,30,26.44600063,98.29937782,6.008386283,221.2258168,coconut
22,8,33,28.43572863,95.8840407,5.665785202,203.9283708,coconut
28,27,32,28.94099669,93.00109012,5.764615485,191.7723087,coconut
23,21,26,26.45488737,93.45042636,5.901495544,149.2220255,coconut
37,5,34,25.79490531,93.84150618,5.779032666,152.4238712,coconut
19,26,29,26.93141945,98.80313612,5.67154928,166.5712879,coconut
133,47,24,24.40228894,79.19732001,7.231324765,90.8022356,cotton
136,36,20,23.09595631,84.86275707,6.925412377,71.29581071,cotton
104,47,18,23.9656349,76.97696717,7.633437412,90.75616738,cotton
133,47,23,24.88738107,75.62137159,6.827354668,89.76050416,cotton
126,38,23,25.36243778,83.63276077,6.176716425,88.43618918,cotton
126,50,19,24.69457084,81.7358876,6.628722836,78.58494391,cotton
113,41,20,25.0017188,80.53965818,7.256877571,96.32600992,cotton
121,45,22,22.45942937,81.30681027,6.443785385,64.23026638,cotton
121,47,16,23.60564038,79.29573149,7.723240151,72.49800885,cotton
129,60,22,24.58453146,79.12404171,5.947448589,71.94608134,cotton
107,45,25,23.0865933,83.55546146,7.227745516,71.84080724,cotton
122,59,18,23.5000992,83.63488952,6.219469084,79.81328183,cotton
140,38,15,24.1472953,75.88298598,6.021439523,69.91563467,cotton
102,49,21,24.69315538,84.84422454,6.253343655,89.799462,cotton
111,40,25,24.484692,84.44932014,6.187455799,90.94342484,cotton
131,35,18,24.49112609,82.24415809,7.057693366,64.02949379,cotton
135,43,16,23.47986888,81.73049149,6.720449769,86.76287924,cotton
100,46,18,24.18586246,76.04203958,6.431689506,69.08056728,cotton
123,39,24,25.00755095,78.17952126,7.453106264,86.06411872,cotton
117,56,15,25.99237426,77.0543546,7.368258226,89.1188212,cotton
121,36,24,23.66457347,81.69105088,7.352401887,99.36898373,cotton
101,58,18,25.66891439,81.38103349,6.652143699,78.59595817,cotton
107,42,24,22.04612876,84.62978302,6.144631795,86.00758678,cotton
100,41,22,22.4204752,84.55794703,7.318802162,93.46595573,cotton
125,39,21,25.03149561,82.21276599,7.954629324,95.0191318,cotton
105,60,23,23.53371386,77.21705554,6.207652157,87.54004943,cotton
102,46,19,22.77076388,82.5993307,6.631005298,81.49543437,cotton
131,49,22,25.49848236,79.9751579,7.306918817,67.05961949,cotton
139,35,15,25.248679,83.4630147,5.898293044,86.55517751,cotton
108,36,19,22.78249615,77.51235009,7.238566893,64.61444234,cotton
118,45,23,23.37044424,77.43198948,7.977651226,71.67870701,cotton
107,51,22,24.86560781,78.22080815,5.983075895,79.56866268,cotton
125,60,17,24.14386157,84.51591287,6.785723961,80.36146974,cotton
113,37,20,25.03300222,79.04368718,7.393441155,97.10087029,cotton
131,52,16,23.65724079,84.47601498,6.486068274,88.54479121,cotton
115,48,16,25.54359718,84.09229796,7.175934962,88.94245493,cotton
113,38,25,22.00085141,79.47270984,7.388265888,90.42224164,cotton
111,41,18,23.64328417,78.1258666,6.10539819,80.96157332,cotton
111,53,19,23.96436009,78.02763149,6.419536555,84.63148859,cotton
122,48,16,24.65425757,75.6350708,6.307585854,61.82980133,cotton
108,46,17,24.3017998,84.87668973,6.93221485,65.0247867,cotton
132,41,22,24.29144926,81.02453404,7.810865753,90.41694635,cotton
103,42,17,24.29470232,84.61527627,6.527541661,81.05902285,cotton
133,50,25,25.72180042,81.19666206,7.569454601,99.93100821,cotton
127,37,18,24.87663664,76.30050373,7.041065585,91.9223468,cotton
110,39,25,22.60612115,77.34264002,7.208795456,75.13617229,cotton
131,38,19,23.86814008,75.68339729,6.814341946,90.4547185,cotton
108,38,24,23.41022496,76.43836957,7.442217061,78.82199603,cotton
122,40,17,24.96440768,81.31677618,6.854558957,80.03995829,cotton
111,50,15,25.16820129,80.30351815,7.884550475,84.62419032,cotton
140,40,17,22.72767171,77.07598065,6.006085786,77.55176318,cotton
100,40,20,22.45145981,76.25674874,7.432043735,86.84998693,cotton
123,50,16,23.04920461,75.53835214,6.498052108,70.65644296,cotton
107,36,21,25.29250148,75.66653335,6.205263534,62.64174227,cotton
118,50,19,22.95604064,82.33733678,6.360812227,66.48339303,cotton
103,51,20,22.80213132,84.14668447,7.046607434,91.6389565,cotton
133,57,19,23.54234715,75.98203329,7.947011366,84.12536744,cotton
129,47,20,24.41212325,80.80343786,6.281913858,98.60457373,cotton
116,52,19,22.94276687,75.37170612,6.114525877,67.08022574,cotton
114,40,23,25.53676123,81.13668716,6.753978061,95.4262599,cotton
131,60,17,25.32023717,81.79475917,7.425041316,83.46532547,cotton
107,43,18,22.426733,81.53480799,6.745104394,65.54475812,cotton
123,44,21,25.78544484,75.00539324,7.641116569,91.39578861,cotton
112,49,25,25.68959532,77.90621048,6.470135478,66.19426787,cotton
119,44,15,22.14593688,82.8597549,7.091992365,60.65381719,cotton
130,59,19,25.07278712,82.50257909,6.520403794,93.51042684,cotton
127,53,24,22.21506982,76.17851932,6.127939628,70.40557612,cotton
134,52,18,23.9643129,76.59175937,7.994679507,76.13090645,cotton
109,36,18,25.40059227,76.53237965,7.524707577,62.5138867,cotton
100,48,17,23.7805123,83.03878838,7.827877818,66.26555904,cotton
132,52,19,24.16402322,76.7433897,6.436691764,61.94626051,cotton
102,37,25,25.31468463,77.91757121,5.907930899,72.82902109,cotton
111,39,22,22.60361557,80.3509046,6.135025006,88.57395505,cotton
117,51,15,22.9535715,78.71555832,6.044556594,99.75336197,cotton
136,36,24,22.74446976,80.41198458,7.59781958,90.07326633,cotton
134,56,18,23.80834611,83.91902605,6.691268104,70.97358303,cotton
112,54,15,25.46228792,81.56641891,6.175492306,76.88582484,cotton
105,56,15,25.96779712,81.97904282,7.272316209,74.14169043,cotton
140,45,15,25.5308271,80.04662756,5.801047545,99.39557151,cotton
126,46,25,24.43847399,81.69801729,6.757457943,60.79645852,cotton
106,49,24,23.03887865,76.47039772,6.983395573,90.64770699,cotton
121,53,19,23.51308653,76.72621429,7.976889498,80.11272117,cotton
108,60,17,22.75805656,76.75768356,6.558902588,97.76600619,cotton
116,56,17,24.71252544,77.7293114,7.979090365,85.24963302,cotton
100,52,19,23.45969093,82.44777468,7.903528673,93.50153555,cotton
129,43,16,25.5503704,77.85055621,6.73210948,78.58488484,cotton
118,44,23,22.08458267,82.82904143,6.691690476,67.06459777,cotton
117,43,25,24.68854799,78.51206972,7.839849298,69.31153566,cotton
126,37,21,25.84997269,84.16855231,6.61448588,77.03421249,cotton
120,48,16,22.46054478,75.40989245,7.456971816,71.85436078,cotton
102,45,16,23.65629976,77.52425987,7.2942193,74.8984994,cotton
131,56,20,22.00817088,81.83896111,7.762647875,92.23645249,cotton
114,40,17,24.32630461,80.13456404,6.363406102,69.45072055,cotton
101,37,18,22.92360984,82.68738535,7.63737841,92.91915074,cotton
106,46,20,23.43821725,78.63388824,6.200671976,81.15072105,cotton
113,38,20,22.10718988,78.58320116,6.364729934,74.94136567,cotton
102,53,21,23.03814028,76.11021529,6.913678684,91.49697481,cotton
110,39,18,24.54795322,75.39752705,7.766259769,63.88079866,cotton
107,58,15,23.73868041,75.77503808,7.55606399,76.63669195,cotton
120,60,15,22.31871914,83.86129998,7.288377241,65.35747011,cotton
91,21,26,26.33377983,57.36469955,7.261313694,191.6549412,coffee
107,21,26,26.45288458,55.32222678,7.235070264,144.6861336,coffee
83,38,35,25.70822684,52.88667115,7.18915558,136.7325092,coffee
108,24,31,24.12832546,56.18107663,6.431899748,147.2757818,coffee
116,28,34,23.44372334,60.39523266,6.42321105,122.2103248,coffee
116,23,25,23.4123707,52.26994674,6.869720196,139.3670753,coffee
109,31,27,23.05951896,50.40609436,6.973839707,164.4971875,coffee
89,25,34,23.07895447,63.65861483,7.184801627,129.8765443,coffee
118,18,32,27.6496114,51.11044023,6.351823783,122.8392822,coffee
111,32,34,25.46743689,69.35161206,6.392048018,171.3764462,coffee
84,36,28,26.7350622,55.55164819,6.119892347,140.6305213,coffee
85,33,25,26.20811417,52.50987966,6.910823945,189.0944824,coffee
99,15,27,27.0424167,57.27927475,6.501157208,165.6872119,coffee
81,30,31,24.65090184,51.93952357,7.027585559,135.1386537,coffee
95,39,29,27.35152643,55.99375012,7.13411409,148.9812525,coffee
81,34,30,25.17787724,62.26244581,6.647765997,135.0119649,coffee
80,15,28,23.11438731,68.00096043,6.703270635,161.8944624,coffee
104,20,26,27.22783677,52.95261751,7.493191968,175.7260273,coffee
109,29,28,23.26316991,60.5160021,6.724688503,194.1755471,coffee
100,32,26,25.234661,57.53161469,6.043485685,124.2261737,coffee
100,24,28,25.59535262,57.72920846,7.101661011,195.7733251,coffee
83,21,28,25.5674832,60.49244602,7.466900683,190.2257843,coffee
120,23,28,25.67324193,51.29043632,6.877799264,196.2736367,coffee
104,26,30,24.40726724,62.65692638,6.410992833,148.6977358,coffee
108,33,31,23.69287069,66.76090123,7.393825704,144.6576424,coffee
91,25,26,24.53460016,66.99765375,7.482414225,180.5059257,coffee
86,26,27,27.13140403,52.89368299,6.081172981,192.4280381,coffee
98,18,27,27.56088634,68.49299897,6.516312148,167.4358075,coffee
111,27,31,23.59302313,55.27564977,6.043330951,191.3980675,coffee
84,39,35,23.17714381,52.13864034,6.959404135,117.3113562,coffee
98,27,27,24.71384065,51.29142534,7.238109556,197.6439711,coffee
118,21,34,24.38534644,64.72543073,7.234258375,119.6324109,coffee
103,27,31,27.15998538,51.59100753,6.691541233,126.1752206,coffee
82,24,33,26.53543168,67.09608099,6.809593554,120.6494434,coffee
86,31,35,27.01207284,60.76645256,6.485761419,191.4508931,coffee
88,35,35,27.55906475,58.45742907,6.784460602,117.9389993,coffee
84,27,29,23.32293161,53.00366334,7.167092586,168.2644287,coffee
120,40,33,24.23850608,54.30329632,6.73410539,115.1564012,coffee
106,40,30,23.42611644,64.10651528,6.779984384,122.6847408,coffee
113,21,33,26.02241444,55.83288958,7.277422738,176.9020924,coffee
117,34,25,24.83846178,56.7685316,7.21270048,124.4135035,coffee
80,30,25,26.24092174,65.64381357,7.487266991,148.3771202,coffee
88,21,27,24.43011925,66.02411187,7.231166546,181.6368274,coffee
113,33,34,26.00373964,62.1445102,6.559817161,153.477776,coffee
87,23,28,26.22367404,62.26594559,6.979590627,193.7461968,coffee
113,15,29,27.09617155,63.55324262,6.779230041,190.2440566,coffee
98,29,30,25.64004392,61.03273481,6.217974349,199.4735636,coffee
97,29,27,27.74576987,54.36976075,7.205078785,139.8619431,coffee
85,35,32,26.24928198,54.28617819,6.854011265,133.1120232,coffee
82,29,35,26.67377159,52.24226285,6.246872394,156.1543898,coffee
103,33,25,27.10210397,55.7497332,6.911066044,139.5013171,coffee
112,17,28,27.62975458,61.26002598,6.777417989,196.6492664,coffee
99,19,33,27.5364547,55.51673151,6.273741983,130.6377143,coffee
120,20,34,23.56960509,50.56339727,6.906124587,130.3797119,coffee
114,27,28,24.99451759,57.93250202,7.162802357,192.8736822,coffee
100,40,35,27.56441788,54.41094079,6.955787351,177.816092,coffee
108,35,25,23.98143338,61.10935084,6.971963169,161.5279095,coffee
115,31,30,24.22984659,67.37768353,6.840927967,122.4073418,coffee
87,28,30,25.60153969,68.66257977,6.536676653,168.8383605,coffee
82,24,26,24.31274458,53.57285558,6.089443603,184.4103931,coffee
94,26,27,26.36629861,52.25738495,7.456460375,177.3176161,coffee
87,28,35,26.5602777,57.1621814,6.759211911,152.0616227,coffee
118,40,35,26.35034208,58.50650238,7.460174812,121.5586297,coffee
87,38,29,25.20406808,57.88370456,6.652642579,156.1457255,coffee
92,40,30,23.35723208,55.18792166,6.026287448,171.6976946,coffee
97,22,26,23.60567546,59.68849145,6.074190142,185.1568059,coffee
99,40,32,24.18471151,69.94807345,7.045543056,163.2708732,coffee
89,28,33,26.44414097,53.83876189,6.993236001,175.3723314,coffee
112,39,29,26.12492233,63.37479229,6.726528895,147.8035305,coffee
111,28,26,27.77363343,64.47858698,6.937352845,192.7121236,coffee
114,20,26,25.55656667,62.67087838,7.27905689,193.5866233,coffee
117,26,30,27.92374437,67.96910852,7.079850922,115.2325531,coffee
111,29,31,26.05968403,52.31098539,6.136286518,161.3432535,coffee
119,30,28,26.35770906,64.57578034,6.505203696,163.6269496,coffee
116,40,33,24.91370487,54.15319242,7.042089492,129.5481144,coffee
95,37,35,27.31317116,68.4233391,6.348337519,192.4288139,coffee
86,40,33,26.1387869,52.26311691,7.432322234,136.3027766,coffee
117,37,32,23.1069385,67.06230539,6.787658922,162.5769606,coffee
105,18,35,23.52648086,68.44030686,6.743417121,171.8839938,coffee
109,23,25,25.11711046,68.48030408,7.00733163,194.8773479,coffee
80,18,31,24.02952505,58.84880599,7.303033217,134.6803969,coffee
101,31,26,26.70897548,69.71184111,6.861235184,158.8608887,coffee
103,33,33,26.71717393,50.50148528,7.131435858,126.8073984,coffee
93,26,27,24.59245684,56.46829641,7.288211994,137.7044047,coffee
104,35,28,27.51006055,50.66687215,6.983732393,143.9955548,coffee
116,36,25,27.57847581,58.52534263,6.172090205,156.6810374,coffee
107,38,29,26.65069302,57.56695719,6.35118177,145.105065,coffee
101,33,33,26.97251562,62.0183627,6.908671379,142.8610793,coffee
107,31,31,23.17124551,52.97841162,6.766184468,153.1201644,coffee
99,16,30,23.52652084,65.44340921,6.392791654,186.1728203,coffee
103,40,30,27.30901814,55.196224,6.348316257,141.4831644,coffee
118,31,34,27.54823036,62.88179198,6.123796057,181.4170812,coffee
106,21,35,25.627355,57.04151119,7.428523634,188.5506536,coffee
116,38,34,23.29250318,50.04557009,6.020947179,183.468585,coffee
97,35,26,24.91461008,53.74144743,6.334610249,166.2549307,coffee
107,34,32,26.77463708,66.4132686,6.78006386,177.7745075,coffee
99,15,27,27.41711238,56.63636248,6.086922359,127.92461,coffee
118,33,30,24.13179691,67.22512329,6.362607851,173.3228386,coffee
117,32,34,26.2724184,52.12739421,6.758792552,127.1752928,coffee
104,18,30,23.60301571,60.39647474,6.779832611,140.9370415,coffee
128.9502685,71.21686627,111.6328,11.83954035,77.84905072,6.454076508,789.3178101,cabbage
150.4034697,58.88518931,107.4722068,15.16074256,63.40663632,6.420724292,656.2660013,cabbage
127.6163228,76.58869663,126.2668488,18.31014599,80.10556402,6.473682346,597.8308589,cabbage
117.3386044,65.52361311,114.0823536,13.30663804,74.62321421,6.601258846,651.3522461,cabbage
98.52982508,71.27658291,105.5730962,16.98399284,71.30458818,6.696936385,999.3880234,cabbage
110.7662015,55.06632047,133.4197777,18.95415464,82.59640316,5.985209879,843.1584894,cabbage
131.6880784,62.40178689,136.6979515,21.40936672,61.13993512,6.411262933,1037.087842,cabbage
115.8634392,60.41062265,121.6579145,20.91266074,72.40249726,6.547555805,705.7104754,cabbage
131.4287785,77.70532164,82.64117907,19.30279095,77.79813279,6.077009695,842.8333523,cabbage
138.2048753,63.12700846,113.3040561,15.53912822,80.38524068,6.756765107,674.4148995,cabbage
124.8326651,60.75088373,122.4289417,20.6756329,70.55480691,6.646944557,593.1195933,cabbage
123.4537176,65.039528,113.9979344,9.291218034,80.47437199,6.425461868,669.2590602,cabbage
119.0906329,53.27733806,118.9834798,22.49064082,70.06429832,6.524848522,653.7086234,cabbage
129.7966479,52.81475856,118.163452,13.5787233,89.05841446,6.578742968,775.0813287,cabbage
134.9790305,70.64161748,122.5714912,22.55526609,83.92466933,6.084818876,850.0940033,cabbage
137.9976595,85.51412514,139.3560784,16.52910477,62.99289012,6.352030983,898.6650969,cabbage
118.4854918,61.81180131,107.6676558,18.80632737,87.72103477,6.249363592,892.274186,cabbage
139.3822423,59.50420243,142.0099779,20.92764625,71.6749385,6.570977765,749.1759945,cabbage
114.6993507,53.46234984,133.1697135,15.67318092,82.92037877,6.383387702,723.0180024,cabbage
119.5669153,63.17718323,122.1817835,17.90987653,74.09406227,6.621183662,714.7901758,cabbage
153.7382622,63.10089534,116.9228513,15.60903999,88.32671023,6.061300529,867.8413857,cabbage
129.9618831,66.90644483,120.5377387,12.6557253,88.76071962,6.635605992,655.6208792,cabbage
140.7720724,73.27190086,102.0676295,14.77469086,80.52629012,6.4014641,587.1989416,cabbage
119.1314889,68.73597969,102.3937583,19.15740833,83.70222381,6.418845081,777.7353683,cabbage
121.3743763,65.19983349,109.9916424,17.10135177,65.6504062,6.865256406,750.2876801,cabbage
125.6738839,57.23310989,104.6014129,14.15078403,79.8575319,6.839404908,733.2488147,cabbage
125.5801941,60.86124123,132.3072644,19.21828206,67.58038883,6.607081854,517.3672936,cabbage
127.9254714,60.40841341,113.0024374,19.21459708,73.91489195,6.3294813,884.4406745,cabbage
113.5382858,66.19514692,105.6579936,19.00974914,84.91749975,6.164734645,646.4689077,cabbage
98.09065227,54.10915643,126.404325,17.24688861,82.52785181,6.537136976,714.7978104,cabbage
132.4408881,65.52951587,129.3767177,12.6786746,75.02265824,5.745588277,666.2727345,cabbage
128.7203197,58.72578837,127.5476208,17.81976242,67.82425282,6.599999138,769.3502198,cabbage
131.1598821,68.07081322,113.8976401,21.21442779,78.0037182,6.531241798,608.9327178,cabbage
130.1014792,58.01722015,87.03405789,20.34440224,68.06391289,6.705670607,789.1203466,cabbage
122.4040674,57.03220248,112.122422,21.73512302,89.33687963,6.213173379,724.8877499,cabbage
146.3186477,61.87317308,117.9198179,21.77125468,77.80820478,6.70564323,596.9865373,cabbage
122.0979542,73.13755491,92.37153179,17.38520258,65.44492885,6.666013238,690.5195397,cabbage
130.0735368,66.74308176,114.0566432,17.05393747,60.18262593,6.528577188,750.2104091,cabbage
105.4754315,74.23703835,123.9359382,19.18464447,60.46245498,6.356742268,856.1960295,cabbage
114.3716111,60.49690316,86.85781598,14.88148989,68.66661898,6.630630192,673.8006378,cabbage
106.4159307,58.21095289,113.9287677,16.93842311,76.53991649,6.890998039,843.584959,cabbage
104.4255073,73.44722572,136.2894419,14.57365579,70.48342922,6.363202053,604.0084454,cabbage
114.253384,63.01162057,123.5788436,18.75285306,66.59250901,6.520306376,732.7308242,cabbage
113.5576894,54.10036875,127.8895697,19.70812247,66.21254475,6.285566706,705.1075972,cabbage
127.4098957,82.11743701,128.0720601,19.41791929,84.20144304,6.199379075,924.9156015,cabbage
114.6200276,71.85035003,139.4457694,18.2441281,72.97927442,6.579702085,747.5592123,cabbage
145.2816437,53.65970851,105.2072593,23.13813423,60.4850862,6.455349918,753.9193739,cabbage
113.1575416,60.6836218,113.9330288,18.46879872,69.40216684,6.563994287,619.4208051,cabbage
136.6926327,72.63186485,115.1576592,17.35074387,62.36050971,6.656848019,737.876057,cabbage
110.5603607,58.15404906,122.9845356,15.46129901,80.39618622,6.733663677,793.1579882,cabbage
105.1023065,64.6542408,132.9398461,14.22520611,78.39365921,6.990789497,788.8097583,cabbage
131.4948053,67.5884769,138.7117154,19.2998524,67.46121468,6.663597034,783.8229703,cabbage
137.5467656,60.51012635,117.5058998,18.28638612,77.44524929,6.485263367,755.4873425,cabbage
123.2232108,56.93445478,116.4551122,17.73399717,76.24924523,6.291406597,722.6324465,cabbage
129.1767961,69.56449149,110.5928274,15.46188098,66.25582621,6.657082511,791.6688692,cabbage
102.9653298,78.14475725,109.886698,17.60221934,60.94371586,6.35813818,960.1783142,cabbage
146.9623213,80.25980946,117.4269151,12.65365475,74.12280665,6.793789457,702.298107,cabbage
149.2811941,56.37691852,115.753576,19.62189218,61.04947465,6.277538807,637.9090515,cabbage
123.3883692,70.80875816,125.2250835,14.89620612,82.06242077,6.341882896,634.2931913,cabbage
110.7628135,54.38547596,121.9654598,20.44135854,82.14575692,6.378342203,748.8093466,cabbage
120.8451119,58.93008072,107.8321574,20.10416968,81.65728722,6.409798377,898.4315441,cabbage
112.2763651,77.39483173,134.834188,20.25487188,89.75779855,6.246828609,544.6714637,cabbage
114.0560625,60.80231386,127.0124971,18.73167282,71.83814855,6.357956943,651.246976,cabbage
95.98967388,61.77804835,130.3090868,15.38128897,60.23534764,6.858406255,772.3359169,cabbage
128.8289167,52.51137086,135.9228598,21.90330619,73.37548903,6.750350728,696.6416753,cabbage
109.6623149,74.34199387,122.3169227,15.44770545,61.54986527,6.799294633,660.0450817,cabbage
133.3442733,58.48606606,108.6983038,20.45578386,81.8646654,6.349078182,920.176711,cabbage
121.4401616,52.74607755,122.892591,19.96437379,65.18767493,6.321298185,959.3612323,cabbage
140.5978862,70.03414522,138.1467561,18.19437405,81.66466738,6.236708963,790.4887534,cabbage
119.5119645,55.58296526,131.5342865,15.54153978,81.64888908,6.626091266,686.8484389,cabbage
93.64237908,60.87320752,115.9420684,17.0612131,79.85671664,6.241944154,766.070121,cabbage
131.5647117,73.31564846,121.2231983,15.98360202,62.54028466,6.612703084,774.4633741,cabbage
126.1005591,68.61456341,96.3747109,19.91061048,66.53397345,6.773837299,578.1476864,cabbage
112.8081903,58.90383088,99.14393465,17.43855359,77.65931009,6.53495534,777.8248747,cabbage
131.8076944,79.84737322,101.8043157,17.84257843,86.84131366,6.413646144,725.2047137,cabbage
110.5650595,69.54491234,116.1266211,17.76332333,64.11203828,6.746965396,803.5738212,cabbage
132.2369093,62.41336553,111.2421938,14.7650548,64.52210979,6.191859859,966.3505672,cabbage
138.3394624,69.96215828,148.6813696,20.31085815,88.05750943,6.257879088,588.7935947,cabbage
130.2673348,77.55122701,114.1486668,14.58281548,74.03514039,6.189266663,713.6671592,cabbage
120.6425167,65.64974249,146.7359512,17.37712423,86.91848016,6.399970085,681.9639997,cabbage
138.741968,66.67282117,91.96532411,15.97938106,68.78173314,6.622292158,686.2619358,cabbage
118.6327764,69.50647932,147.1582956,17.3346444,73.04952538,6.332173102,760.4064563,cabbage
116.2506187,66.02849278,125.9278933,19.30150572,67.11231863,6.446344834,513.7554443,cabbage
98.82174336,71.01689132,98.17029457,20.24646354,61.66472163,6.618203767,432.3803502,cabbage
122.2152082,55.41882121,124.3246095,14.89101241,87.99776003,6.652150541,668.3316026,cabbage
119.1709326,63.01686822,115.9541415,15.59807651,65.20610759,6.201656058,536.130114,cabbage
133.5727607,54.19959423,117.6175882,20.25867324,65.77029469,6.673116085,697.6760069,cabbage
101.0964508,83.81357122,117.7738823,14.5092633,68.3547601,6.508551171,650.2937918,cabbage
113.9067755,53.26477693,121.0277148,21.16708275,70.0264588,6.650725011,681.5852577,cabbage
112.2791786,83.81546917,111.2238093,14.6343571,88.7953028,5.880801983,808.4605011,cabbage
140.257818,65.97218126,106.2519193,16.46061826,77.54808355,6.810602327,862.5714006,cabbage
116.0453119,72.32889322,146.6634111,14.83685941,79.98915969,6.145153911,776.1327464,cabbage
129.8235113,70.15716942,111.6102165,26.74232765,63.41814549,6.439129295,676.335309,cabbage
123.2207316,64.16068955,128.5780024,21.42290848,75.52944267,6.290951287,718.9866907,cabbage
134.3639156,64.85114871,115.5386153,19.69689871,61.16917092,6.863687384,969.4221337,cabbage
127.2918627,69.9841815,121.7473222,20.90760967,89.02941278,6.499847879,889.6064974,cabbage
140.2148824,52.43705879,120.1336154,15.9339167,86.1267171,6.409876915,586.2850465,cabbage
118.5429798,70.60231414,108.7854916,11.98998043,75.583583,6.796856788,810.8101656,cabbage
137.5490144,63.34525678,92.51459435,19.29108792,79.73852484,6.614998654,951.2833266,cabbage
106.6846575,56.78021173,109.1039857,20.67125576,69.30065539,6.127438119,767.0816674,cabbage
74.67919207,48.76748829,74.94252199,20.51983362,72.62280623,6.398961893,675.6286729,carrot
61.49141378,40.01634026,97.63242849,22.24604444,67.12863653,6.766356024,600.613145,carrot
60.3488895,56.62919154,95.28036005,15.69469345,65.51216778,6.197512962,602.5627672,carrot
63.09731596,54.10569865,89.85730822,17.4105249,60.73968167,6.5134359,689.4930062,carrot
69.92575443,48.95727147,97.6366815,19.20221176,70.99369939,6.587991436,471.6146113,carrot
76.14494996,55.11325288,100.0183121,19.20150887,76.20197146,6.615206782,593.7911302,carrot
73.68492147,51.55523361,91.21478579,18.94206781,76.46816036,6.317925439,547.959701,carrot
57.90804565,42.86704966,79.48468766,12.44470576,62.96599015,6.534372527,572.8703437,carrot
45.36913758,60.49724239,100.8648012,19.33727955,72.83078727,6.644115655,613.4515672,carrot
62.86054518,57.85534297,79.26949041,19.4426252,76.81566555,6.504898032,638.6166498,carrot
63.71091391,54.75918296,90.99014449,16.43275581,68.23718087,6.789409751,534.3385469,carrot
57.54573982,45.86832229,89.36977023,18.64765787,78.04128634,6.877642129,806.0422698,carrot
67.10003134,53.99389457,100.3700532,17.17355305,65.43188697,6.709117463,606.1595855,carrot
74.59247788,53.03594629,99.88638522,19.34203668,88.3346364,6.241732607,546.7393243,carrot
80.79589455,48.99781084,92.00033787,17.79896987,80.84902382,6.080209575,559.577671,carrot
56.24913692,46.94854035,88.44730696,16.78129872,73.84977542,6.282904178,503.1871402,carrot
70.14523859,45.51057174,98.87803936,22.19545198,71.61653571,6.329971141,539.8989879,carrot
57.56954344,50.37274717,109.8155025,13.38102174,75.66220713,6.666607212,400.8859851,carrot
61.98974839,50.81660617,90.87357425,15.80756062,63.14817541,7.08602312,656.068066,carrot
70.06003325,42.8421567,94.22405083,14.45355225,72.3587904,6.241910026,577.6333428,carrot
67.75511051,46.23100032,91.43405961,19.72607017,81.47550047,6.236411096,687.3395536,carrot
54.6373694,45.21097974,91.18459549,14.60434086,77.79317865,6.192725448,609.9988164,carrot
62.20714051,49.09777177,77.70504842,16.7642303,76.848976,6.6061688,791.1923239,carrot
48.31547872,42.20901713,85.54942656,19.62567846,82.02655019,6.343248095,749.8546361,carrot
62.735583,37.53512225,89.36696777,17.76423482,75.12530461,6.353481882,658.0518546,carrot
59.76390971,48.6651111,106.9688982,23.97008854,85.49927301,6.500975322,617.7908391,carrot
56.07776357,46.48230816,90.03582602,17.41600891,76.66556,6.506163353,731.2688178,carrot
66.81744005,54.72758097,87.89695505,18.61053108,85.66008391,6.181853791,650.691572,carrot
64.66496055,46.65338693,101.0646177,14.24935192,85.18888163,6.167749366,409.6137525,carrot
63.81316054,56.15851902,85.21101668,13.66523249,81.48275753,6.393899662,545.8379237,carrot
64.27487314,46.11251446,94.86741502,18.59194024,67.10783585,6.851630804,694.4042148,carrot
55.19445702,58.33805412,92.95112767,14.37995084,74.51041337,6.356699965,767.7625442,carrot
54.44473337,43.40232689,83.13395468,15.46293207,62.84491317,6.401665764,590.2514774,carrot
69.89494489,45.02375761,101.8100053,14.3244495,81.50652527,6.674666319,609.2743066,carrot
60.85807758,43.64561663,93.62995703,14.47910882,81.36563946,6.639514773,406.2025453,carrot
59.02939249,61.59327874,94.10831963,19.60678619,61.93996632,6.054108605,661.2171619,carrot
69.74407769,50.47779036,87.57624542,20.88663174,68.74541575,6.564054745,443.0326875,carrot
66.0586891,43.36960502,81.40174529,21.89876543,62.7853526,6.004208518,608.7204992,carrot
75.39419709,50.90327582,105.4132114,22.00199456,76.23090867,5.853869646,612.696908,carrot
53.80416058,48.84519046,90.01543968,24.83953645,63.09901433,6.468291707,458.7924394,carrot
66.37909637,56.44093107,78.7165843,21.81744999,77.14234179,7.161737606,534.354108,carrot
64.91891527,45.64864063,79.75748689,14.3934949,88.82752295,6.312306308,505.3435481,carrot
74.42105516,50.2053809,105.4075238,16.42055294,85.69122295,6.201538486,441.3904808,carrot
73.68161766,47.00693456,89.16921559,17.40721629,80.38225673,5.893649662,786.8527188,carrot
53.38485293,51.22746266,90.69085193,9.56811505,87.03567366,6.702050624,560.5875529,carrot
56.33856995,44.21146179,74.66987333,14.20909779,71.17013455,6.836528656,448.5426491,carrot
67.28365701,48.22717204,88.97351427,22.09082189,85.58189896,6.239728468,821.1403576,carrot
72.54704919,51.01546529,90.82874454,18.86896056,82.9216677,6.340158335,762.9318517,carrot
49.5990824,46.52155562,77.91517796,19.23625039,78.80748838,6.120584685,528.1801239,carrot
66.61776793,41.40938861,83.8306753,17.92284278,60.21757284,6.337610939,378.239092,carrot
57.98251092,41.55148874,98.26145616,18.96495798,65.52390069,6.231076516,592.2517226,carrot
69.67870384,46.88572868,97.64329614,19.17819282,83.90734697,6.896268747,533.4954082,carrot
57.86881183,42.09385601,91.82914564,12.43880328,71.73998509,6.465840259,628.5740161,carrot
69.1874027,52.62539225,69.92639148,14.8169682,82.43237463,6.560593744,629.4418978,carrot
68.11377838,48.2494956,102.813834,12.33088955,84.94306858,6.685184161,539.1539919,carrot
72.43508227,51.45416246,87.05288961,14.343545,84.98529279,6.933290415,528.5958256,carrot
72.75739486,62.07014986,102.1494411,18.31731115,67.04845689,6.106215012,580.274936,carrot
52.68875659,53.78796212,86.44508337,11.83625393,60.80311757,6.59120486,539.9493365,carrot
73.91069755,48.61196495,82.12277567,18.6788768,83.42799539,6.505193005,624.5432724,carrot
55.86122962,55.0870801,101.2182749,17.41023181,65.02268843,6.37080637,433.4615362,carrot
57.91195509,59.69692307,104.34001,15.34008249,66.77960297,6.16902584,646.251924,carrot
65.75486603,55.01759023,83.90046089,21.2404325,77.77975944,6.725879034,599.2325936,carrot
72.09940892,56.09911865,90.65784689,16.19751108,74.00974362,6.457878001,622.2802102,carrot
59.96425474,39.54079138,84.71603228,16.90293905,85.7224454,6.867564015,617.78298,carrot
60.58526912,55.36570625,81.67523378,18.28605082,87.45755652,5.945825166,450.3011011,carrot
61.88938452,37.5218992,83.10212455,13.89525227,83.99841146,6.329772021,687.1724424,carrot
73.90457965,49.40952622,96.84714854,14.76913638,77.47655089,6.872832727,616.4776529,carrot
62.62298883,45.04710602,103.556619,18.49977174,66.4932925,6.359505668,727.2198554,carrot
69.90131054,45.29016333,90.32264811,15.31850034,61.91627352,6.892568785,432.703839,carrot
47.35914507,58.30609232,75.36373542,16.8597841,73.67647765,6.515403868,674.8936114,carrot
77.45118248,51.34263039,88.06844775,12.06484525,89.05988739,6.197377064,645.1368031,carrot
62.44962112,47.4695995,82.32928649,20.99947056,60.6416654,6.354982467,452.1997745,carrot
45.90589328,42.61001939,74.29674186,19.01013689,61.56554976,6.457075248,458.9735472,carrot
61.77672218,49.95509229,86.45145427,14.92417371,80.51192081,6.362526643,454.5107835,carrot
73.09941953,50.95619291,81.73634715,16.82331117,74.67816678,6.340736865,630.2150237,carrot
62.44006576,49.68013377,89.80839502,16.42715517,68.94591894,6.608495037,709.9584464,carrot
46.26252888,42.49935782,84.19258909,17.98955745,86.78380069,6.918248279,725.1528869,carrot
68.80979609,54.2109014,111.5974231,15.11159471,80.64854011,5.49381441,757.8945093,carrot
71.62298769,63.37605758,102.3746459,22.73502803,81.57589682,6.601815415,820.9387126,carrot
60.59491696,62.6818876,110.6068893,22.08914496,89.16146894,6.084479345,436.8932375,carrot
58.82364443,55.38493037,105.8033977,20.74970284,74.13710062,6.448545309,703.3628335,carrot
69.72085379,47.94873709,88.44951341,18.50059574,60.77883055,6.413745196,550.2947513,carrot
65.45579054,52.9427984,98.53015188,17.16564041,73.59408994,6.629400205,583.7440383,carrot
66.64623857,51.33940625,104.761901,18.18796348,65.38060078,6.596695967,604.3900533,carrot
72.75444433,45.59439202,84.2481355,17.96429753,82.89058193,6.642940335,491.898793,carrot
56.88476387,45.05669715,99.99631044,20.62962154,74.98213684,6.16975436,593.5796205,carrot
51.88642482,52.48054319,78.84753464,17.16506923,83.55995073,6.437563879,577.2126871,carrot
67.34962665,40.46846229,83.302447,21.10618935,62.54009443,7.048451651,576.4835122,carrot
59.25602814,45.433359,84.50873519,16.21650683,70.20675725,6.581482653,590.2618994,carrot
70.70936949,55.89416214,86.42033111,19.04680148,86.13510996,6.372920904,579.2838311,carrot
75.58406688,58.633381,87.17875057,16.10740947,89.78443387,6.887397018,690.1296211,carrot
57.1415883,44.41437803,83.09522288,16.21031121,77.24267072,6.831622898,546.6155356,carrot
63.7530338,41.08681361,89.87634062,17.01503717,61.67514663,6.209584729,597.9160447,carrot
77.14352563,53.47069812,92.91051901,14.04077755,84.42632695,6.729570915,660.9737723,carrot
76.82553678,37.00273218,96.67218939,20.95120813,89.86560685,6.176094274,510.4782856,carrot
71.05199894,43.5760573,92.01054987,16.96337178,80.80277526,6.220725646,515.5297001,carrot
75.965182,54.31162624,90.82864842,19.42001003,87.25966684,6.975612047,587.3339118,carrot
62.73254669,43.50139415,80.66058093,14.926545,63.6976686,6.191162248,546.6456374,carrot
52.37988281,53.65800318,89.17486481,12.88437718,79.58067118,6.477877893,592.2546993,carrot
77.94024433,39.24440399,89.40100476,13.13185785,62.22357523,6.488193286,547.2933882,carrot
53.17560169,33.57156726,70.83553539,23.59581242,88.88927827,6.453644801,1710.82726,cashew
56.026423,36.90327711,47.97942159,27.24694859,64.83491064,6.15143501,1465.18034,cashew
57.28656072,44.25390571,52.22683876,27.25672629,64.19314983,6.582752847,1507.116212,cashew
58.12757496,32.3538215,60.45752133,29.65547827,72.24800322,6.127686372,1325.370842,cashew
64.58601389,33.26419259,66.118481,30.02541524,83.96247447,6.728713975,1264.69863,cashew
69.89042161,33.95121235,66.88664053,23.55958246,86.46637235,6.276485613,1474.767085,cashew
45.64274591,36.12210019,62.33076887,27.33374855,74.56824954,7.198563443,1423.607401,cashew
58.15699164,32.77654433,61.58980106,28.46982067,60.40332132,6.711748512,1328.959604,cashew
64.06823337,37.37371052,62.51703155,26.54489892,76.58840681,6.767455811,1771.687624,cashew
57.63606245,32.27223699,62.98108942,29.95629229,85.14447496,5.719173887,1549.94533,cashew
57.29313897,37.68589907,66.2947656,27.48790512,74.20618941,6.755715634,1603.473625,cashew
61.91653117,35.79923025,51.55295265,26.48478657,61.43433191,6.301775671,1429.57193,cashew
51.2500754,36.20704558,62.16834451,29.9481579,70.74255906,6.516946176,1534.996547,cashew
63.70417882,30.08916525,57.31002804,30.76016901,85.84897819,6.344460344,1377.183108,cashew
59.62735689,34.60704602,61.37785086,26.67675636,62.34329066,6.868493784,1087.219741,cashew
56.9532412,36.12705071,71.31194066,24.16193661,70.52155528,6.684879569,1229.347026,cashew
65.08761534,39.61240585,60.82917415,30.99527724,66.1280266,7.017145922,1544.080067,cashew
61.0970526,36.1237106,62.76335147,23.8322461,69.96520379,6.207292765,1335.842312,cashew
59.24116818,37.16486464,61.09282709,25.14335209,65.68043171,6.813967654,1439.829914,cashew
65.38260274,34.26521612,43.15033753,26.87121166,82.51166781,6.437808916,1861.865477,cashew
69.62895608,26.63797737,62.58098877,27.00139998,84.93253222,6.430030736,1558.635908,cashew
55.00564897,39.35267772,62.05812263,26.15257987,68.27767659,6.106266276,1396.231017,cashew
48.07325073,40.03558912,68.473534,26.18231642,86.64533731,6.648267666,1245.620168,cashew
54.90864894,39.85273726,64.39034401,20.75129368,64.04624539,6.281557492,1532.494618,cashew
56.31383989,29.70926784,52.15312246,30.90588627,80.17946218,6.03203555,1575.053138,cashew
59.81321585,41.03501619,57.64777396,30.02704315,89.54056662,5.517698594,1767.455835,cashew
63.27335964,36.6491153,59.58815958,27.40856955,83.96113722,6.575846318,1259.223471,cashew
56.63786687,29.70982371,68.13835069,31.3469959,63.62215058,6.726183218,1187.522391,cashew
63.48013757,32.2839925,58.71462608,23.65120519,82.43295831,6.695549857,1508.826848,cashew
50.96529728,25.77559814,63.25014706,31.2602763,89.23827633,6.719107032,1552.377904,cashew
67.07200048,39.49780688,53.21164066,24.28509207,83.48953949,6.681802925,1205.597025,cashew
64.82607978,32.13791207,51.81913909,28.00659989,76.26106157,6.180215013,1303.000746,cashew
56.41370689,34.08549216,52.23038983,30.67665498,79.38030873,6.958351497,1310.392566,cashew
66.12961611,40.53046261,62.14305857,25.0226153,68.39962648,6.475338406,1431.779964,cashew
51.84170102,22.61246941,53.07639429,29.78199549,69.45841539,6.555954131,1434.191316,cashew
47.20471614,39.32270335,62.2332237,31.5997775,74.07734838,7.256330537,1531.408933,cashew
51.53007836,39.81613267,59.28010876,26.71754719,79.18172658,6.419090377,1666.672908,cashew
63.45151939,31.66607618,66.81840371,27.75723816,60.46244875,6.379427671,1529.778296,cashew
37.49613933,32.75174903,65.09268606,26.02401383,65.11299606,6.904051533,1391.285859,cashew
57.54831998,38.83088799,54.9831859,27.38437382,67.73610011,6.406476098,1397.328743,cashew
57.69263819,39.24822391,47.24765764,31.44323692,73.76749573,6.111409794,1809.473944,cashew
59.88309394,31.39348625,65.21871217,29.31002764,76.95053307,6.831842231,1486.424002,cashew
64.50327232,37.88758477,63.37725114,29.7798834,73.74043873,6.404937184,1659.586296,cashew
56.83376919,31.73866748,72.67909742,26.72907241,89.59195729,6.78677752,1038.779096,cashew
78.0987796,42.50939567,58.25994184,27.0235659,60.05174466,6.185141093,1609.313998,cashew
60.50548621,26.15456134,63.08731287,25.7729338,86.65295115,6.428056415,1689.642963,cashew
57.6423163,36.13662953,68.64865023,26.80155965,84.51381847,6.418650876,1583.701674,cashew
59.12338792,30.98098276,59.30497123,30.21957697,84.87860033,6.213513426,1613.228862,cashew
57.96888111,38.1025045,41.80397077,27.01301315,65.15503671,6.121645885,1412.607073,cashew
56.26296954,32.3479563,69.58113237,26.86755431,77.06910101,6.593642832,1634.831435,cashew
67.29708303,41.18244756,72.46759129,25.751995,62.09123239,6.625675611,1581.394127,cashew
65.30786597,31.21607791,64.74890178,28.45286389,60.1344508,7.129760818,1501.894985,cashew
62.84104373,30.09805874,74.23547416,26.1586377,64.37607381,6.325227295,1406.929972,cashew
54.90701732,31.34994239,70.95111012,24.20015216,73.14095349,6.745218381,1654.317363,cashew
67.84805858,44.17067282,48.19051632,23.92529221,68.90556103,6.237261611,1323.677223,cashew
60.57284406,37.5270978,46.91646337,25.81486732,65.48662953,6.417640188,1311.72209,cashew
56.72795689,29.34506306,59.16120432,24.31727168,68.15083849,6.260322135,1456.253159,cashew
62.00528474,34.7763247,65.28930135,26.09808397,85.29597425,6.802261422,1567.641711,cashew
59.53432088,31.01257251,62.53680204,28.72675222,82.81506013,6.76860907,1507.33766,cashew
62.27484422,36.61263132,51.95080399,29.67229005,61.06889386,6.544521805,1612.610742,cashew
54.68812512,32.70800818,62.32909036,27.8552487,84.43523904,6.064066698,1736.021047,cashew
60.48092036,46.57366152,65.26514019,27.12349337,60.94845034,6.473889717,1414.088454,cashew
56.79891811,35.15070331,60.74654622,25.85825214,84.18335453,7.08973039,1163.969812,cashew
63.08524924,41.27825959,63.64958514,23.66798005,78.84838377,6.744808618,1737.070493,cashew
60.35589515,38.14051485,55.46149622,27.73066364,71.41727824,6.752509713,1664.372233,cashew
60.37677036,32.2111076,68.86704399,24.78146146,73.26311239,6.070107967,1708.955798,cashew
54.90100514,26.02008633,61.58583438,26.36348003,70.46093686,6.794024938,1462.748157,cashew
80.68922937,33.81619467,59.30989097,23.80645513,89.13888682,6.023425252,1263.184336,cashew
58.64554314,34.19673357,65.67321786,28.89326056,89.07038891,6.255280276,1630.355502,cashew
51.45257459,29.56038811,61.18252894,29.11539816,66.44613522,6.675056438,1101.911423,cashew
54.43774542,31.54472811,60.78900134,24.99159892,60.40813186,6.25760085,1474.970725,cashew
56.73642219,34.49577591,56.9754382,28.30987968,69.84926131,6.626689147,1595.183771,cashew
54.862547,42.60320048,57.90265702,30.82546406,70.38007239,7.039459492,1447.049378,cashew
56.56373806,35.13301561,66.74042059,26.79275002,70.84770799,6.561405743,1601.658565,cashew
58.45420996,33.28991327,52.31011646,26.07490847,74.84734814,6.699143179,1493.751538,cashew
69.48861299,33.34881444,59.86648535,23.32593487,70.43219347,5.940165736,1298.616081,cashew
58.75222968,41.38131994,62.47471176,27.04557749,61.79937817,7.0160248,1488.662852,cashew
62.26564926,29.68528635,63.51526613,26.06521463,69.81298996,6.820364486,1221.152665,cashew
56.12279491,30.72236156,47.9151469,24.41866681,75.74631654,6.943024032,1831.068429,cashew
51.25050883,40.26225316,62.32732002,25.74990331,85.52341148,6.307552661,1248.334472,cashew
81.91840792,34.29425164,57.82840738,27.28333616,81.64431248,6.482663073,1380.262793,cashew
58.74026331,41.34593629,61.7441229,27.93843656,72.34534809,6.890373022,1517.920833,cashew
51.4750943,28.87053868,60.10082174,27.84080742,64.22086272,6.467461707,1247.412256,cashew
59.68194562,32.0869774,69.42516485,25.97435991,70.64825893,6.228728786,1530.078024,cashew
61.51028501,41.48958253,68.41718271,26.85624258,88.07922254,6.382183657,1464.675178,cashew
66.01328969,31.15786659,62.68848185,28.27580103,78.93197335,7.120956374,1520.777232,cashew
67.32975848,33.24169908,67.90004656,29.65377289,76.07807979,6.393307359,1582.87004,cashew
68.70315294,32.20578651,66.66957785,26.95340436,70.39197959,6.781317134,1452.718963,cashew
68.77563225,20.45669628,51.84833148,24.71091926,79.67846133,6.288677791,1595.39449,cashew
65.65691965,43.02049111,56.09106132,24.96105786,72.26959511,6.823781428,1732.516984,cashew
70.3810726,35.93503861,64.17288064,30.42467056,83.6097025,6.762690134,1442.901731,cashew
67.73308311,37.06740808,50.14620606,27.60735978,76.27230386,6.983975544,1342.07821,cashew
68.3537214,34.54878559,67.84007323,29.83692154,66.51466,6.286447326,1681.752946,cashew
52.54431849,35.54903676,52.28078379,27.31452488,76.59113532,6.10501602,1767.489084,cashew
67.12964925,34.97928708,61.231791,26.38020994,65.12263653,6.329714108,1737.858375,cashew
60.47692108,40.39297558,61.36600572,26.31004464,65.04307649,6.905335513,1380.113052,cashew
59.12949695,37.30665357,57.0942843,28.1608014,84.21539311,6.138990365,1592.523468,cashew
55.02197402,32.99756378,51.6754101,25.76719187,79.31993861,7.277672139,1715.987977,cashew
60.08383846,39.33697246,49.08798757,33.30843333,68.06712914,6.457917284,1397.728127,cashew
60.48407223,31.78301469,62.21879866,22.22828072,64.02890893,6.318575189,1320.376011,cashew
44.63758999,36.12894017,77.18509027,25.12797082,87.46550186,6.104854444,1685.198735,cassava
55.12410292,35.18153671,94.59507767,31.9000188,60.55397715,5.854406271,1650.509694,cassava
51.44982322,39.53926192,86.8555621,30.31375055,63.40194982,5.386559432,1119.163316,cassava
43.67306473,35.61290534,91.25508874,23.47106079,76.11624538,6.62247006,1444.890223,cassava
66.17452003,36.84176002,99.7726337,27.44923845,60.52166229,6.299415218,1473.357022,cassava
46.06920492,24.51047658,89.16894692,29.74167722,75.42621523,6.21245302,1619.623118,cassava
57.64641912,34.67564279,92.07920067,29.46487096,73.33816798,6.30766602,1641.041418,cassava
44.24793824,35.39874834,89.18506134,28.95523653,70.90001346,6.610764991,1682.089639,cassava
53.48296807,32.75701563,81.18181501,25.52196095,72.19199559,5.266937713,1580.687987,cassava
53.39100362,39.85107871,93.27873606,17.6064117,67.17530385,5.447851185,1850.847773,cassava
36.25651259,30.99912351,90.16700867,26.08716766,70.05743507,5.6953399,1246.815785,cassava
50.1538837,29.47033388,99.81070924,30.62554843,84.11264843,6.464109332,1033.339283,cassava
47.97027986,41.53567712,84.28264177,31.40618291,72.53208584,5.721798061,1589.050342,cassava
42.30118088,31.62099573,77.50523511,25.36774504,77.38216893,6.251555423,1604.679783,cassava
38.92530397,42.74909303,95.13609294,28.87424505,82.4782601,5.939356261,1267.301114,cassava
50.08461176,40.68626623,98.19768069,31.27562598,85.27070363,6.243967305,1221.444622,cassava
52.47369159,31.32512449,81.53601694,31.36025796,63.72290628,5.454081733,1442.800992,cassava
37.9585119,28.40666386,98.52805901,28.85348523,78.21085963,5.791603049,1588.670405,cassava
43.13275963,47.22884785,99.36380135,26.5184839,73.12083875,6.097649871,1589.06276,cassava
44.02078919,34.6463555,90.65484859,25.1108079,64.80384721,5.992359139,1480.431617,cassava
49.27588897,34.41964595,98.73066066,28.52246112,73.57600932,5.783607787,1501.213831,cassava
49.29527946,34.06104186,106.6847816,27.76438327,78.15009184,5.614067036,1456.36988,cassava
46.0042953,41.17715888,90.95027885,31.32082345,82.15986161,6.418982853,2011.250352,cassava
51.20061026,34.5158405,79.32970395,26.69857386,72.98114744,6.003062781,1319.526579,cassava
37.16491858,38.63561241,95.79061573,28.16772736,71.00605183,5.962406418,1768.148016,cassava
47.89267144,33.74210361,81.03215614,26.04154524,89.94806929,5.966729519,1398.065809,cassava
37.75996478,32.79411655,78.63624833,27.57912018,83.51737142,6.391470405,1212.76593,cassava
53.98833876,36.65799977,93.62516225,29.80974717,71.65179541,6.656550188,1503.131752,cassava
58.81950774,32.24162431,71.33754065,25.0992889,72.3396809,5.38822388,1494.117347,cassava
61.13900353,46.02425361,96.50231509,24.54688513,82.23321125,5.662610222,1291.462014,cassava
48.10541412,42.83895755,96.45598079,28.75991169,80.03268076,5.38259673,1575.239794,cassava
59.52428363,32.1966749,79.43418564,28.23696359,61.53718623,5.534070025,1636.986914,cassava
61.20510476,34.98876899,81.81997815,27.30754668,65.5674071,5.702218421,1361.930512,cassava
51.15041163,49.22938725,100.9988327,26.76456304,85.462574,6.781343912,1517.419006,cassava
53.98781434,30.12233532,97.67937664,25.68402284,62.51172399,5.877519003,1533.449021,cassava
47.60749277,38.49343355,88.25318083,32.39492922,70.98909436,6.195221357,1525.378229,cassava
58.21469492,37.18686337,84.36151668,21.18644961,86.06552255,6.408839952,1098.222884,cassava
59.05058806,39.43254401,79.12322305,27.6297009,73.36216286,5.972249572,1129.269315,cassava
52.24602176,37.26137189,106.7563629,26.51501302,64.20117694,5.523075973,1623.516538,cassava
47.85752599,34.79506234,86.37829061,26.4108665,80.7573008,6.03472723,1444.436657,cassava
47.79000408,35.40181163,90.40522942,28.9029351,61.29669454,5.750563276,1462.863064,cassava
60.7740116,29.90918607,66.87812997,25.50315047,63.57471137,5.83854639,1458.804731,cassava
47.79173794,36.39620051,72.89824899,29.59292868,66.77935154,5.727563026,1853.473491,cassava
60.34965032,26.65236525,70.70191087,26.78561763,76.77183863,5.71264354,1491.131261,cassava
51.6912237,28.4262557,88.65009772,25.20590216,77.49019449,6.176519079,1406.117055,cassava
52.76183478,36.25428126,95.09666209,29.44395537,86.83169561,6.055809118,1398.051146,cassava
46.68749248,35.36943468,114.3987447,27.7531062,65.73879523,6.347882228,1275.258708,cassava
57.63109989,34.49324845,77.44183216,24.87928201,89.54597821,5.843363231,1543.530757,cassava
55.27830183,32.14048575,83.58888346,31.14717424,80.96782983,6.142898445,1392.162367,cassava
50.13415935,27.59809806,78.7680286,29.00765122,78.0141859,5.656266381,1299.8635,cassava
58.49375722,22.23729924,85.97689977,19.51573349,68.95766269,6.147479498,1281.132962,cassava
46.30983088,37.39411955,92.93316185,25.84856108,69.15474992,6.007430106,1506.261143,cassava
41.98218995,30.04993143,81.749027,27.11615318,63.53029538,6.217364437,1397.414025,cassava
48.0704254,35.04097417,82.07052497,31.50759466,75.32557095,6.109434162,1258.330607,cassava
43.56019384,30.93915264,83.36661676,23.56212652,84.54329354,6.888410695,1611.490053,cassava
32.2158019,39.41629508,89.46840194,23.52512063,72.03644483,6.267798814,1620.106539,cassava
50.5157582,39.44631712,115.4605454,31.28076172,85.82106098,5.906065364,1441.748854,cassava
56.84550397,33.68838202,100.2939762,25.82106324,86.77968586,6.188061478,1303.13441,cassava
49.51451712,39.19007027,88.99304127,24.63421544,71.27384707,5.342580664,1832.916682,cassava
39.55979589,47.92895314,95.14279533,25.70283208,67.8249324,5.730613134,1641.128518,cassava
50.12666055,32.39372597,96.18407216,25.18136519,79.235989,6.207387546,1411.775746,cassava
59.24184055,40.81487913,92.69017528,30.02694437,73.98010543,5.415159912,1658.210529,cassava
52.87522545,29.12928814,88.75699061,26.80311778,60.01662554,5.329206999,1710.835706,cassava
45.51878909,41.79353899,64.42961702,26.03703093,79.51724373,6.13621286,1483.098695,cassava
49.34666022,39.04930992,106.7126246,27.62873417,80.88437775,6.135701886,1598.027218,cassava
53.44036677,39.34754241,79.0753296,30.00123586,83.56805377,5.929859319,1539.911165,cassava
40.86105303,42.97460104,89.87723466,27.70981972,66.84960521,6.643141221,1302.436229,cassava
51.16769627,31.41658046,81.49021571,28.25187091,60.37248268,6.14446834,1443.828938,cassava
53.30832377,42.41416433,97.04789442,29.02385472,61.51804161,5.899300848,1557.919673,cassava
63.5756501,38.76765376,83.01303065,26.95323126,88.11786134,6.698509757,1621.006,cassava
58.3925747,35.47340695,81.92784323,26.8553346,81.17720008,5.373320421,1382.746003,cassava
47.61074688,40.69902108,75.16751682,27.87446317,78.66592939,5.996976792,1448.048735,cassava
54.41157741,36.14093644,103.4511717,25.4952571,77.9306109,5.930370363,1617.032152,cassava
54.78733859,33.32222053,88.8601981,26.97200207,72.04935532,6.193217941,1305.416529,cassava
49.06455848,45.08903224,91.11223335,26.18168606,85.26116351,6.33329623,1589.021353,cassava
51.43607602,34.17053659,78.0489144,28.73058721,67.55233393,6.39395721,1486.76727,cassava
51.90023161,33.46802286,98.98726774,25.48047505,87.60813593,5.201598174,1328.412581,cassava
50.91422268,42.02859322,99.99976069,30.75408655,64.58666537,5.840416994,1572.344748,cassava
49.71429168,35.37136845,80.88406623,29.47515308,69.53356226,6.453701925,1360.903237,cassava
56.67068939,35.74225142,101.0173965,24.23654455,82.58845799,5.87032988,1318.15888,cassava
35.28301623,33.6857975,101.7808737,24.18958504,66.47599193,6.140436955,1527.037436,cassava
63.39112672,40.87612228,98.0181929,23.26183485,89.37336509,6.649312483,1610.384357,cassava
45.39765423,34.5706805,89.24101215,27.20079893,75.42814486,5.584426096,1880.39039,cassava
47.19918015,24.60735528,84.00655519,22.43345127,70.76738973,5.366366029,1564.026696,cassava
50.00359575,36.51481154,88.95448611,23.51425562,85.99245389,5.475981068,1530.427165,cassava
46.88135024,40.66351087,98.54788001,25.65710134,79.15575139,6.108694239,1633.314548,cassava
54.71785496,37.53267196,83.41526405,27.43480878,75.25733766,6.083683224,1440.764283,cassava
54.02797699,35.30972017,94.02936872,23.98971317,66.34746404,6.617181913,1626.474628,cassava
55.55296962,37.93847451,102.9833449,24.28130458,74.95758862,6.095549549,1275.708483,cassava
38.61094023,27.80962824,86.2240342,30.16449771,60.79363516,6.021675271,1521.195653,cassava
53.72154738,34.13686823,99.43193303,28.11486944,82.97556912,5.828597713,1110.930735,cassava
46.07761985,30.56060407,93.10562484,27.54809729,81.7338127,5.641448388,1487.92038,cassava
48.95664113,32.24131074,113.0167485,25.09223412,60.19468564,6.049773614,1698.199162,cassava
51.91440585,33.21680753,92.40447505,31.59726641,75.43659274,6.104380918,1389.484638,cassava
53.01916218,33.66893525,99.2596613,23.75708926,76.04454495,5.359671036,1792.984448,cassava
48.63682447,34.54706489,98.58733135,29.13102103,80.1217722,5.469900989,1618.837642,cassava
37.01773418,34.55332067,101.1204684,25.62121067,87.56171248,6.024940135,1649.40412,cassava
54.34230652,31.93407833,83.04479285,24.86163251,66.99762965,5.1579157,1528.324119,cassava
48.92730041,29.05807665,91.93798714,29.56767575,86.35006818,5.802375348,1427.809683,cassava
42.22627921,47.01590963,101.1051255,28.50931394,82.53921887,5.941835364,1601.132504,cassava
85.67023735,83.82050663,102.2846649,20.82411746,61.58106284,6.509997662,439.9521343,cucumber
75.08278312,57.05949586,90.64455083,28.04255185,86.52492526,6.45923468,800.8153568,cucumber
84.68124207,62.61078065,96.70167262,24.91104484,76.82722584,6.310797219,743.6777963,cucumber
88.85480797,55.4241504,88.59118377,26.29388692,86.32452124,6.570594438,577.8275937,cucumber
100.3944139,67.42170581,109.8251306,31.77817875,85.32140896,6.513810878,785.7743707,cucumber
91.59836176,67.5437054,92.63190975,24.59019235,80.02329529,6.932446847,590.0768948,cucumber
80.75695832,63.02978385,98.2120115,26.57212385,81.86418597,6.929550408,524.5806976,cucumber
88.59996901,76.47674839,97.46552852,26.3770496,73.95921589,6.477269799,899.2006997,cucumber
95.4082821,45.39344608,101.7757041,27.5860593,70.70208807,6.711215726,719.6015668,cucumber
95.85132039,56.52287583,86.37901606,24.81602819,70.40585612,6.638002078,775.9068891,cucumber
56.65107289,59.61368719,75.87211422,26.1342006,75.78130875,6.496374768,661.3194066,cucumber
102.5103297,55.22578637,76.90016964,29.30931506,60.21818944,6.679715855,521.9379609,cucumber
102.594018,71.03335213,88.82810966,19.26239711,88.37134095,6.465802044,742.2147846,cucumber
93.82199212,75.50954602,89.79143888,26.25511212,83.24120604,6.496221602,910.4820521,cucumber
83.41777756,71.78602376,88.01384277,22.15946444,88.3089197,7.071699406,701.6785244,cucumber
80.45046689,67.68918056,105.3881221,22.68868054,89.15970296,6.420315275,542.4625662,cucumber
87.82613801,62.1527893,97.27490204,18.74985032,66.91700647,6.678760777,606.511437,cucumber
89.29481307,66.54134939,78.94765932,27.43343864,87.83856765,6.760760632,779.4442486,cucumber
91.21243732,60.37777605,71.47657497,25.70007602,67.87289955,6.920731216,786.9637442,cucumber
90.69027223,61.01594558,87.68113595,24.39797153,78.69358464,6.356483822,455.1348215,cucumber
103.772639,54.16771327,95.42259391,24.90094469,70.57148277,6.280627622,815.830535,cucumber
119.5188123,69.09584233,86.6449545,19.24340479,68.37835914,6.752823862,799.5579808,cucumber
83.35414512,51.76247386,95.09494862,28.80306088,66.17311566,6.688587583,622.9913538,cucumber
83.72869005,55.83253883,97.13490955,30.43687791,73.82610616,6.455669303,733.7190394,cucumber
83.08069159,69.08301925,99.60060875,25.84942249,73.73705356,6.703009518,775.7966949,cucumber
94.16276831,58.86564755,91.42480673,27.21928073,65.58366734,6.406456604,622.5363981,cucumber
90.32482055,56.98731094,78.64608676,17.58950461,76.96195455,6.466326533,708.1557203,cucumber
84.65132383,64.25235143,81.8145521,27.06034139,88.1763748,5.780991929,602.8628165,cucumber
97.15866337,72.85145253,96.42291994,25.44877721,72.66777783,6.383679554,859.6282713,cucumber
85.00201725,70.85886164,99.95117898,21.65956488,66.38139885,6.314313607,562.2628207,cucumber
97.1373522,67.73308659,99.62591983,26.45236528,76.30681769,6.01885153,781.0554065,cucumber
88.18246826,52.45726768,79.18902152,29.43445408,84.07626771,6.722209705,820.3322207,cucumber
99.52590508,68.23189452,103.7736658,26.07200291,72.43356558,6.346848365,716.6348255,cucumber
93.97534029,71.2883202,87.12263539,27.867651,67.91594628,6.000228047,907.8168689,cucumber
87.68450506,83.05736696,98.02949927,26.2696116,65.86671033,6.325346687,448.5446303,cucumber
88.90691303,68.12544009,105.3776995,21.62447901,72.5759913,7.05331948,727.3318863,cucumber
91.48942796,62.19733023,80.65514652,28.89634066,66.59048651,6.46406841,808.5251433,cucumber
87.48797187,65.68948269,102.5030919,24.04046563,71.62728001,6.172009614,762.1959588,cucumber
97.28238107,63.81540689,98.93067827,25.41834688,87.06057898,6.459695849,636.7426122,cucumber
76.40380453,79.01112426,89.77588136,23.71892812,73.26392227,6.296600186,826.427466,cucumber
82.93156654,58.18267511,98.17485781,20.41591984,74.14576456,6.212544259,501.0464057,cucumber
92.78029468,64.36694684,96.60040957,23.43009443,81.24632513,6.697216054,847.836888,cucumber
102.4113432,47.26174826,94.5041196,23.49944343,82.2345802,6.424154683,533.5704147,cucumber
104.9951403,61.28713122,105.2999798,26.04287618,83.58571782,6.521326129,543.0238612,cucumber
85.74751654,71.98194731,103.2719122,24.07481296,62.67958564,6.393935782,807.6854108,cucumber
79.8966615,70.67635054,90.28199076,27.11223679,73.80294774,6.948672237,618.3466854,cucumber
79.33346631,63.85749565,88.12496116,27.82063597,62.22013727,7.037682672,757.1516137,cucumber
98.59630094,59.64729402,101.7898674,28.77228565,72.62474859,6.064076373,794.6134695,cucumber
70.90417233,58.41390515,105.6102293,27.35553205,66.03604041,6.065148134,889.2461643,cucumber
91.17925077,76.77431311,82.55113141,23.140847,71.90577799,6.574417229,671.5848328,cucumber
93.06512206,57.54629833,94.8671053,21.26822178,71.49312501,6.546052111,581.3791355,cucumber
101.4518806,74.68987827,90.03732409,31.44699138,75.58417851,6.855100231,835.0180339,cucumber
99.96032503,79.78533015,85.80686969,23.5870591,67.80672063,6.530401704,726.2321681,cucumber
73.87990396,67.86429395,87.49052206,28.96077026,69.71900798,6.671843311,891.6729001,cucumber
78.45381432,55.33931334,90.30233803,19.11914732,68.49041409,5.984986262,584.4645452,cucumber
96.56849524,77.44387352,78.51585325,26.72722189,69.76506496,6.451613563,686.0471168,cucumber
93.46146944,58.52880592,97.46394874,25.75176282,63.41836841,6.350363462,664.0079697,cucumber
98.04211032,63.49197063,97.14329902,27.5562325,75.99082515,6.46688882,833.9463823,cucumber
92.29587397,63.01463082,88.8084073,24.83332517,63.78114092,6.881367605,907.1511638,cucumber
98.85525204,57.21015244,104.0315485,26.20848155,82.59299039,6.285114795,553.7397604,cucumber
86.11430753,64.85513242,87.58078873,19.68271073,63.24207886,6.473810113,558.006191,cucumber
97.5107272,69.33138802,75.6423738,32.46127157,71.52841705,6.403220682,655.1586606,cucumber
88.26513409,77.05945665,96.73458876,27.71443326,65.81687743,5.77514745,771.1758682,cucumber
102.8992485,45.77773155,85.95997339,20.33582888,79.26159743,6.731954864,700.2550581,cucumber
89.39060488,74.80531291,104.6253038,24.32127654,62.79421527,6.58577882,802.4126262,cucumber
80.94331664,65.33408218,85.03692523,22.34135969,63.10658826,6.35484118,820.1835622,cucumber
89.04798884,54.18571646,82.76562777,15.93541684,76.07073512,6.867216085,691.3787941,cucumber
84.38426844,70.47665236,90.80592886,24.49262369,89.33288365,6.089182741,651.3810595,cucumber
85.13337193,58.44932334,82.00119334,19.87698496,79.6622137,6.749648777,652.5561228,cucumber
95.40476196,64.98402538,72.08720693,25.08201798,65.79941992,6.588494221,952.3538278,cucumber
104.2977486,69.85690058,91.5143376,28.96969651,71.75125592,7.069019754,801.2551699,cucumber
87.37204523,55.70567724,77.88145751,21.2261844,62.74004815,6.428142448,661.4506097,cucumber
98.25307517,62.78980112,86.15369868,21.1773457,69.34828246,6.355237568,619.031702,cucumber
90.17915078,66.03985219,85.7570872,23.09469799,65.03466282,6.564615044,656.4689835,cucumber
113.1160938,64.37642881,96.17838219,19.49853353,67.72707098,6.762403199,523.532753,cucumber
93.50760358,56.28125392,101.7031573,20.46643583,76.7824428,6.533763926,825.2484085,cucumber
93.4337035,71.29587422,78.35453222,23.61694721,84.49599296,6.086561916,863.089749,cucumber
102.6435437,63.18779622,83.39387209,24.26532696,87.33846517,6.104026102,543.0773477,cucumber
91.55918586,64.03357289,95.94466482,21.51860751,86.42295035,6.938026112,567.7937886,cucumber
104.6163569,57.05104273,86.04696584,26.09713203,71.76660686,6.375775238,772.6572251,cucumber
89.93146005,74.32057843,104.3574006,21.64807978,70.24169166,6.819601573,588.5336415,cucumber
80.1030476,59.75849659,95.32394722,26.51969007,74.92757111,6.977002713,734.5845778,cucumber
63.40718816,67.47739246,99.3474813,25.63645823,80.61645124,6.414576197,806.0372876,cucumber
97.06290056,61.17962443,105.5170299,22.77985863,64.43245735,6.575923148,911.4929687,cucumber
89.58320222,50.37701318,96.46870465,31.0578231,66.60858503,6.295329281,840.505621,cucumber
87.71365584,50.22864715,95.08523985,25.59181999,64.24071729,6.334339152,678.8751141,cucumber
86.83092951,78.063753,79.85522509,28.34515582,85.32951724,6.670206052,707.1269554,cucumber
90.28014792,58.11271902,95.28144408,28.9811835,60.69582421,6.476307332,479.0711392,cucumber
105.5248037,67.04820848,78.36900815,19.14201726,76.04879748,6.691356478,673.9993647,cucumber
88.50645079,74.7093632,86.51824072,23.54947397,64.57083853,6.622038566,631.1935792,cucumber
95.46524416,65.7938672,89.15870417,20.54387385,89.32285107,6.636597191,804.0261508,cucumber
95.78010355,59.43912552,94.24604508,18.99460313,78.27483639,6.873207973,796.0969651,cucumber
84.65737977,66.66793054,110.1332095,23.51659773,68.87978946,6.312346269,650.1650467,cucumber
92.24138102,64.68775092,92.64772783,19.87700093,82.29711758,6.742931577,660.1779479,cucumber
78.59802802,54.08838379,80.92008258,25.98465557,84.69646952,6.499891593,903.9480392,cucumber
95.7193577,54.81845824,86.27917792,23.83093028,78.80069707,6.742007402,1011.843059,cucumber
98.34835738,63.64304967,86.83454297,24.40765205,79.02270103,6.439023064,596.3875795,cucumber
103.8332975,46.46789115,80.46676543,24.08746883,78.22840578,6.465263912,935.3295806,cucumber
96.5118977,53.59056115,77.25148429,25.4301541,72.17045702,6.580592067,694.228586,cucumber
94.63308671,70.75395779,93.19931692,26.49655738,87.10205565,6.483672322,611.7081936,cucumber
74.72157567,41.74864841,85.11331302,27.59024324,66.64599017,6.566637861,2174.776505,ginger
71.80163983,41.02997152,68.6981526,29.65965866,84.15696831,6.054281246,2012.0666,ginger
84.91670478,47.95654406,74.1058838,27.10896916,68.75157972,6.460860748,2140.204584,ginger
70.76760771,46.80522799,75.82653912,29.21988561,80.42815141,6.561823513,1873.17617,ginger
74.19106817,40.5718988,68.43602253,26.26920714,79.75729104,6.495409546,1917.844474,ginger
73.29477933,31.24186665,75.22055075,26.73117548,76.80278753,6.6695943,1794.262971,ginger
72.12160873,42.97981654,79.0274208,29.46831434,61.0146133,6.53649759,1608.388024,ginger
67.32595308,45.0117211,68.480555,26.38270291,65.44103281,6.125976127,1417.492463,ginger
81.41155632,44.55350486,78.45010785,23.74385979,60.61865402,6.852213827,1909.801086,ginger
84.52320827,38.28901433,75.56877974,27.75782363,64.35012229,6.798511746,2063.573588,ginger
85.3426531,42.81857361,78.57791392,27.91708717,67.99991349,6.589535669,2143.816009,ginger
75.82233272,42.9838379,70.97307958,28.73841621,72.4811099,6.521451775,1775.174943,ginger
62.59177081,39.89634236,68.63525416,27.86327389,61.85074353,6.158067473,1709.0499,ginger
65.50229109,35.75618063,66.87205593,25.83215529,72.10357407,6.459064313,2040.068536,ginger
68.11525038,42.12704315,63.65535107,24.2195565,88.11088183,6.943269501,1888.262235,ginger
66.33664111,41.48369882,73.53156326,28.25627921,61.34275067,6.241831118,1791.038945,ginger
76.90476739,36.1206425,85.26982667,23.34403567,60.20221691,6.81741956,2156.251006,ginger
71.18464788,36.85868263,79.1591284,24.6209142,72.62499611,6.345628422,2008.592036,ginger
73.31738666,41.10708531,69.87719211,26.49795691,64.10379404,6.811727982,2178.912439,ginger
79.7031112,49.57813153,75.0834332,28.5781448,73.48236088,6.402167399,1958.954265,ginger
59.18852225,42.46794243,62.92849128,27.29606136,85.14518017,6.303162728,2123.894205,ginger
87.19865141,44.45906216,68.23802431,28.67038657,85.46176711,6.149499844,1934.893281,ginger
84.2525598,40.64980936,62.05802559,24.1881809,63.41054944,6.568553205,2151.34141,ginger
70.62146634,46.06337906,60.81330383,24.9052591,73.15279836,6.461041377,2408.604229,ginger
61.6920327,39.06987168,85.93272146,28.87271965,62.27945347,6.437451654,1814.685567,ginger
76.42190621,39.17556441,59.4051275,29.77348386,62.08867615,6.26269663,2037.554197,ginger
81.53149542,43.14824007,65.24844104,27.36715802,83.60588171,6.242263031,1880.943586,ginger
81.76699186,39.71714931,79.6646073,26.30086973,61.60959926,6.561001516,1914.700664,ginger
70.12272175,35.06247801,71.71041983,24.86080258,68.41379982,6.723930683,2174.643967,ginger
84.09563124,45.47462911,72.04973526,28.66348243,69.00276328,6.288577295,2125.320167,ginger
75.61108274,44.3432862,83.35668945,25.18512025,69.3696189,6.309411907,2054.851908,ginger
75.9348315,31.38508005,72.33048635,27.89319603,63.13210377,6.503286197,1866.203721,ginger
80.62677025,34.9744625,78.79087941,28.2055734,83.55204172,6.431356801,1835.142545,ginger
88.08128902,43.8416406,74.42935936,28.54289918,64.10600574,6.56623715,2016.214788,ginger
82.94791883,43.10043295,67.74658721,26.58343223,65.0664626,6.498675318,2062.538544,ginger
85.49681658,39.95841918,67.23877511,27.28327645,78.46708746,6.383179845,2100.631512,ginger
61.5485978,33.27059793,75.08914339,29.3773053,73.41522861,6.566457631,2325.130951,ginger
74.9652882,45.3380536,80.38800916,25.52644444,68.82971563,6.493581185,1787.014482,ginger
62.50237658,39.89510021,54.83152107,25.70458678,64.06408398,6.917919152,2105.539431,ginger
66.85575182,48.07413605,74.98660971,24.16342083,86.71295265,6.151380355,1976.113155,ginger
67.89226398,45.54098948,80.04943412,26.21560764,65.32704704,6.951579648,2049.404559,ginger
71.06950721,39.46893408,77.37935965,26.51636642,75.69356901,6.558003272,2219.046974,ginger
58.34302056,39.05891208,88.70651372,29.39043359,74.95065277,6.388459559,2075.678034,ginger
85.39384044,34.45928539,71.88935562,23.07028643,88.9120064,6.627047664,2023.74196,ginger
83.01848084,44.76343377,66.11771583,27.68411497,75.59142873,6.279765496,1872.953772,ginger
76.73075937,51.74987243,74.39964998,30.43513839,64.38045644,6.086939108,1961.226427,ginger
71.32188655,39.32867163,70.33898352,23.2307979,85.86868724,6.729535223,1676.294194,ginger
55.34801501,44.16394436,71.4840355,32.50914198,60.63691475,6.478610041,2011.588888,ginger
95.06326185,34.58974227,69.0539072,31.10956483,82.06645461,6.591113074,1854.06842,ginger
60.45100491,43.71218445,71.19299236,24.5105012,76.19923119,6.854145956,2050.565396,ginger
76.27526461,31.84743561,64.27825729,26.00354084,78.44212152,6.016420366,2098.093177,ginger
65.21818301,47.86695315,92.65056135,28.06689248,61.58511713,6.413762671,1695.514949,ginger
81.31689482,33.75806094,74.43738327,27.38258649,85.65640879,6.650655308,2001.325342,ginger
79.97000119,39.61142226,89.81698144,20.8958491,84.14325029,6.695462589,2242.554822,ginger
86.30986872,38.07355298,83.6369363,27.6219279,79.59337612,6.533054173,2016.779957,ginger
81.9819857,44.84422832,77.8047983,23.13097351,81.28680315,6.356673769,1953.763761,ginger
83.80215378,36.31906645,62.64976932,23.47887715,72.20122413,6.875645688,1812.865666,ginger
62.70377686,38.36917296,74.75332099,25.8040622,66.17863678,6.065667984,1938.430471,ginger
92.20411992,43.31901789,73.251682,28.74530901,64.99645349,6.324005502,1737.829262,ginger
78.62978319,36.21669854,76.23939756,26.72222833,69.49817777,6.646496045,1959.497978,ginger
89.25548894,36.67332098,86.24058725,29.93733311,86.40066085,6.515319511,1825.355465,ginger
81.89634195,46.85419792,72.17142593,26.90917265,61.81356797,6.416324633,1864.409571,ginger
73.41844378,35.09154642,79.38457354,25.48582905,86.1446285,6.562672144,1593.118569,ginger
75.40007074,43.06576252,74.9269393,29.83852771,60.68142334,6.622710406,1978.972979,ginger
78.49806359,35.81665611,69.96755291,25.16419874,83.38012312,6.142635075,1924.862765,ginger
66.68199749,42.99446672,70.92596471,28.79602119,71.79084775,6.742979673,1772.689475,ginger
74.56697352,35.26844377,81.46536623,26.16412043,62.20236281,6.408889749,2060.260478,ginger
75.42006316,35.22747076,56.17708785,25.07334386,70.18819243,6.679619935,1949.030089,ginger
69.46658519,32.97135928,60.66960717,25.2419828,62.80676586,6.413690294,1890.070585,ginger
72.96099515,41.07753675,67.73317608,29.50540238,86.50394805,6.192028939,1955.174489,ginger
90.28333682,48.94942158,79.05444419,26.65735296,85.31623687,6.271890349,1983.807633,ginger
69.97725543,46.71203707,74.37771075,23.54929568,87.77156821,6.575071723,1952.830745,ginger
66.17002079,38.80685143,66.47953416,24.28427707,71.71637949,6.682546964,1836.843323,ginger
60.83348229,35.27380347,76.85182594,27.96710455,64.62644245,6.418924529,2012.583001,ginger
83.51136029,44.55606552,70.41588923,28.21507901,78.84749823,6.337229932,2046.929119,ginger
79.55105618,34.77181066,89.31274794,26.57607371,68.42366397,6.24207542,2084.057362,ginger
79.79824981,40.27487936,70.87229658,27.35283723,89.66286413,6.621977022,1872.045381,ginger
59.59133179,41.46249637,71.42852009,25.92725327,85.75199044,6.474989741,2178.391973,ginger
51.49777914,37.01025327,60.48025645,24.01045891,75.78016211,6.311790488,2390.76447,ginger
72.4356039,43.34705449,60.73550448,28.67523272,82.60050071,6.367171045,2084.191845,ginger
77.63705632,40.42310024,63.64086539,27.24953417,69.62073137,6.378448719,2176.697611,ginger
82.55698974,43.65402415,87.5652612,27.01574373,69.50709013,6.993663091,2028.507345,ginger
70.60819177,36.13630599,85.87168919,30.1917355,74.79907939,6.478070873,2240.805919,ginger
77.89406972,42.80684317,67.42100322,22.97762068,80.03060057,6.240142259,2006.663656,ginger
82.96773838,34.33090403,76.89179781,25.52393261,87.02433363,6.548615304,2018.919776,ginger
73.54355725,35.84667004,75.39038394,28.86819021,62.99679248,6.015506671,1906.817571,ginger
77.81167559,31.1412261,53.57385956,21.1515817,62.64425193,6.478307548,2235.552472,ginger
78.5781173,42.12247255,76.45321388,27.68773313,63.2175587,6.506438838,1921.500097,ginger
77.4512157,43.86630611,73.45911152,25.84861107,71.15168994,6.180169108,1987.686958,ginger
61.53692764,49.74829876,91.26860183,29.21373317,64.13389403,6.566905263,1969.203195,ginger
67.26511499,42.97619182,80.8621212,27.28400506,70.35513318,5.909615403,1815.781481,ginger
79.38224595,38.43930141,72.40730463,29.77110405,60.9183984,6.174668679,1963.744537,ginger
72.41263696,34.81204064,74.0169368,25.64707726,64.88108106,6.370977675,2038.558939,ginger
87.62103537,41.29783575,75.85956815,27.58458951,62.98475273,6.558679433,1930.496303,ginger
72.75491151,32.73196777,86.68970259,28.71864099,70.76882744,6.099335432,2110.314934,ginger
76.39800265,35.18544799,83.57585877,22.46621429,76.7603543,6.238529043,2019.553916,ginger
86.02348558,38.73190761,70.27510072,22.33495582,74.81494771,6.595856842,2148.973135,ginger
79.28593265,43.36661138,88.37102455,26.47134862,74.36226188,6.641029232,2058.528357,ginger
74.05604372,44.86978347,75.94159806,24.66967196,79.55533855,6.475956961,1800.069547,ginger
76.71844356,35.90361388,78.67499954,28.64741968,71.34874657,6.636968809,2169.632165,ginger
55.94797261,38.56192844,38.97352281,16.91883769,72.17546701,6.656852907,560.6683075,lettuce
67.52954532,36.42031884,60.17402881,20.21527936,74.23346714,6.719176709,397.3326288,lettuce
54.4899312,37.11356075,59.63069322,16.57945927,74.2737959,6.716119309,456.5559027,lettuce
63.54985037,44.9747781,59.29768791,13.60623701,61.73923338,6.756040582,557.8446619,lettuce
55.17229335,38.14143869,50.50917059,17.25707981,68.0698022,5.929477063,439.5723133,lettuce
65.28125961,33.443991,64.69193891,15.96773366,67.55654984,6.649729001,454.6922464,lettuce
73.33790271,43.71598672,47.94025686,16.80501442,77.26594549,6.470225936,447.4537278,lettuce
52.02822371,41.06619626,56.76553918,18.12430743,86.00827519,6.493552873,559.4850174,lettuce
79.49283455,35.30916636,46.4953013,17.72932343,81.59764357,6.415213341,365.5129807,lettuce
64.61821464,43.17747831,50.65950891,15.72581587,62.6459596,6.74923443,402.0851423,lettuce
52.23024165,40.24624968,44.88133589,18.08994494,70.41637049,6.111903473,510.8768715,lettuce
61.51579609,40.74717933,62.2006936,17.63364324,72.89838177,6.57981688,575.3907002,lettuce
66.25784462,43.10006787,52.78252241,18.72095908,76.53591564,6.532140399,593.0574701,lettuce
55.16888971,50.6580355,51.1487172,14.76653254,89.32344691,6.671718355,566.4180587,lettuce
53.67010845,46.40538772,46.68788356,16.3116039,60.18966269,6.753736129,547.0465082,lettuce
61.33251902,38.75411385,41.66364345,15.20118068,73.52629082,6.289459059,396.7013709,lettuce
62.75692225,43.32096635,53.69250601,21.56079308,70.12613837,6.591805781,602.285817,lettuce
62.19474469,47.95237519,42.82209135,17.1861064,64.71955782,6.628081264,538.6368025,lettuce
50.24422915,42.59298367,51.19058138,19.76622401,83.89926358,6.498003003,493.3445082,lettuce
61.93615141,44.21544749,55.87089566,21.58506684,64.56655099,6.407808114,521.8027137,lettuce
81.60818433,41.96747537,51.41446359,15.53720893,60.1960362,6.494337592,574.6614495,lettuce
59.66045851,32.69112641,51.81258951,16.93641921,77.34681355,6.850379078,535.7346573,lettuce
66.41755399,32.40683475,45.79870237,17.20452521,63.15238337,6.578464311,417.2496279,lettuce
66.37585091,35.35843806,55.6793724,18.52767365,78.79129789,6.317848921,622.0074459,lettuce
51.9836117,44.56414081,53.3039314,15.8583984,87.13861141,6.6062894,445.9043788,lettuce
49.14201806,36.20035097,59.3879707,16.2422308,79.83566798,5.959548034,653.1921263,lettuce
64.89993136,41.44926602,40.18391443,21.74233963,85.57580009,6.979804099,560.892859,lettuce
54.28929074,47.03528949,55.16830837,16.67625251,78.25929026,6.778184701,356.0617091,lettuce
76.25641775,44.75430479,47.53850078,18.99107951,88.32433154,6.764766187,478.1695372,lettuce
49.87793841,43.79543583,52.61726387,14.02314098,75.16690121,6.328615843,479.1713674,lettuce
59.43239667,37.18391807,55.43849569,20.02833364,83.31042039,5.834850973,494.2781489,lettuce
66.6677068,43.7404095,53.6598968,13.0390339,89.76448268,6.383487995,562.0540791,lettuce
67.90413544,38.81585979,41.83030302,21.02579912,80.23837879,6.499356999,572.6105744,lettuce
71.33675418,39.22803613,57.86508921,15.92859504,83.31110946,6.609206179,586.4909096,lettuce
56.48084572,37.73172972,50.49861509,16.23766095,67.83910755,6.382796294,584.3624831,lettuce
67.74824756,48.95450441,57.57832025,18.37357023,74.11213278,6.399892985,584.4405415,lettuce
63.5335139,33.57280051,26.44787875,17.23864524,84.24991236,6.741010109,513.3766822,lettuce
52.15586456,40.39711675,49.20100211,16.05718603,75.97846849,6.503245957,466.6698875,lettuce
76.33842671,37.35876853,53.4438998,20.61096475,74.20486606,6.627746664,465.1786067,lettuce
54.67609765,33.1753651,52.66582392,20.04526148,68.81458199,6.483086806,365.1352862,lettuce
52.23016334,42.18816715,41.49462538,23.26900123,74.99536385,6.583141339,714.0348361,lettuce
72.65171772,30.21943193,47.29734957,17.44666868,65.08512818,6.89046753,454.4847489,lettuce
61.09296121,31.67101349,48.69877366,19.1612983,83.8415926,6.41429251,469.6097403,lettuce
52.07157437,38.72084443,60.91920433,22.33091913,61.98077783,6.442350022,643.6898541,lettuce
71.6560876,42.7250213,48.81679466,12.25960023,67.82282339,6.483585693,542.9433592,lettuce
60.0643242,39.14974643,50.62363614,17.27902809,87.20523868,6.789800798,474.0081689,lettuce
67.14302453,41.71922114,51.63817523,21.63202237,67.94654828,6.289846055,665.9575551,lettuce
64.92344398,39.01953095,60.12671058,21.42431258,64.74322735,6.62424643,493.8522614,lettuce
63.16449164,44.74451978,44.30934564,17.03396553,61.05567254,6.58025165,487.6943288,lettuce
57.19242969,38.0390873,61.4465277,21.1722383,72.73720708,6.770804437,570.1291901,lettuce
65.10205784,47.5423662,42.64396809,20.13340795,68.11560875,6.496674002,506.4469178,lettuce
67.27244916,33.02052702,58.62593071,14.16707086,72.66139727,6.428096863,609.1199831,lettuce
49.92474139,43.65741511,56.59037155,21.6934303,71.91003098,6.688228367,376.8463478,lettuce
66.68257745,47.02395147,53.72279569,18.08759289,78.17624393,6.514060936,607.0044499,lettuce
71.90930237,34.66809715,45.91531993,15.14032575,75.50642022,6.168433991,525.8461934,lettuce
71.21455881,36.11054222,54.91370281,19.41793874,87.98789422,6.699526928,464.5368868,lettuce
67.54869704,40.55457549,43.75826418,15.37493411,81.12880346,6.316773705,623.0494304,lettuce
72.35740941,43.19274721,55.29645001,21.22459858,61.41393755,6.428360361,675.7158653,lettuce
65.87377242,42.25752554,48.24010469,16.6410354,79.68238317,6.226232537,390.407648,lettuce
66.55450891,44.61504741,47.94790086,16.16875123,62.28175129,6.184110014,518.0891317,lettuce
66.97502668,45.47361442,48.99505621,17.05490631,78.49013002,6.542032216,325.0855227,lettuce
62.87767859,43.47602701,56.8154165,16.51323653,69.56269569,6.572584409,375.5535676,lettuce
68.36843262,35.8042671,46.51858516,20.7532577,63.25567211,6.624843818,552.9550872,lettuce
69.91647145,41.31809752,42.75570309,17.91081708,61.8403923,6.353465934,478.5361721,lettuce
62.2808898,40.11932509,41.42339276,17.36248611,71.04804132,6.214267968,611.8583542,lettuce
65.95671628,49.06137463,62.4120685,21.48400432,60.73726197,6.55690985,446.6291687,lettuce
60.68986043,39.21158434,45.16829941,16.87535195,87.48941527,6.394881453,470.7855931,lettuce
68.32838693,51.49890411,39.07109468,23.50631862,74.01507933,6.328124179,557.0300541,lettuce
69.08724912,39.44575745,45.99038359,15.43829444,65.74700773,6.47420707,497.5366934,lettuce
71.34281732,43.25680025,51.59116788,17.87639716,80.36981744,6.30719005,550.9067736,lettuce
71.36186511,34.60199341,44.37752084,21.02867307,74.25027008,6.523751441,442.3072819,lettuce
70.97702884,41.07954537,38.84845757,18.83517302,61.7842064,6.486019479,584.8526528,lettuce
47.94778807,39.30367002,36.09106729,18.45717303,84.17395452,6.48180753,499.3517358,lettuce
68.43052472,42.150428,49.36097141,14.47290926,61.20596935,6.829174516,430.905818,lettuce
61.26938028,38.46283827,71.05382284,19.72335421,80.27486794,6.69798527,587.3390524,lettuce
61.36560327,42.71828427,37.13439711,20.7266878,88.86337071,6.636364226,494.0950694,lettuce
71.35970244,44.69966286,30.58559984,16.77063702,75.79644563,6.63819185,476.4997709,lettuce
69.93559889,42.89194035,45.04676595,17.67191332,80.49231954,6.734642885,473.4831285,lettuce
60.85002037,41.96812707,60.7531426,20.41839707,77.04412739,6.110975106,506.6911857,lettuce
71.33009076,36.25742639,54.88200042,18.12746556,89.91964643,6.264578506,646.2143831,lettuce
53.00731259,39.39390975,51.15643777,15.49920957,84.16485294,6.367511318,369.0547855,lettuce
72.28788849,40.58718285,47.37316839,16.46671406,87.55591355,6.526849089,473.6027937,lettuce
54.24594192,47.71148489,57.72886399,17.70536396,64.9494619,6.518108641,368.804691,lettuce
77.77544736,30.69783077,45.00713646,15.10449039,64.86206044,6.458416743,558.0563812,lettuce
76.49048644,38.85426079,43.03476308,18.10099924,73.13546128,6.852398361,569.9430535,lettuce
57.96225519,41.61170818,57.19348427,15.43897906,86.40570583,6.673693543,672.8091193,lettuce
66.39205461,34.03887576,50.44426668,18.68441092,73.47423468,6.377599486,546.5335236,lettuce
71.72782196,27.54540263,55.52911508,18.02534174,68.78004322,6.363041787,393.2262567,lettuce
68.61863283,40.14094142,34.09630571,22.56174803,77.50915439,6.610849295,459.6664613,lettuce
69.03750891,44.33319268,45.09887238,23.53953683,79.25086161,6.356644622,530.0985139,lettuce
58.50757618,36.90992464,53.16819721,20.55238667,73.52335619,6.636886523,568.6292738,lettuce
80.63827889,40.41559508,45.78343417,14.96782192,72.56928754,6.492059669,621.2700252,lettuce
41.70957968,38.55834863,54.50143244,12.83342677,64.46339207,6.721026923,488.0024317,lettuce
61.12715727,35.6667705,57.63960282,14.11845896,74.88470173,6.689435829,584.2110639,lettuce
71.64385365,36.51243194,52.07221486,21.11013374,87.83003128,6.614692479,613.3941795,lettuce
66.6877333,44.09830764,35.33605361,18.9187793,86.48589992,6.481490748,412.1540503,lettuce
84.5586329,48.01934863,50.55475358,24.17899034,67.70454443,6.600543472,575.9421345,lettuce
61.37232751,43.48117967,59.23508402,20.51168076,71.50215481,6.923284373,617.9260606,lettuce
83.4887242,42.88684149,53.38055575,15.41258045,70.07366889,6.005788607,452.6724262,lettuce
84.22453438,37.52701716,49.59316268,21.53164946,69.69671483,6.991913906,489.5278208,lettuce
146.0386985,76.5929006,119.5324648,23.93009859,75.19772184,6.394243372,590.053698,tomato
133.829674,81.15704671,123.1832949,21.23865856,68.44540773,6.637953871,483.516522,tomato
142.3920612,88.72028627,121.8681106,18.29296738,77.9920792,6.480156038,536.6940688,tomato
126.714699,77.20360925,93.11655027,22.09302532,86.03654605,5.817110161,560.6741433,tomato
138.5053827,78.23304145,122.4223977,25.86214764,83.43141428,6.297560613,602.6879701,tomato
129.2215062,74.33473331,122.3533152,25.90337424,64.69596819,6.249120305,615.9443513,tomato
141.7483487,83.89209048,138.4959405,15.39200703,70.096986,6.263442827,596.2852013,tomato
137.795442,77.40643228,119.8604994,25.86699437,85.70174877,6.787916359,625.8160567,tomato
121.996012,66.93620703,118.2095302,25.61369708,89.16338349,6.752473046,645.4502453,tomato
123.5954161,71.48853217,121.9445577,22.81231998,89.15398649,6.57385777,558.4997345,tomato
135.3306943,79.01096025,130.3508111,26.49560004,82.90240959,6.645359612,446.5956825,tomato
141.9969181,66.74179859,117.2758249,27.18380688,69.6699257,6.511088945,531.0942432,tomato
146.4694751,62.79980567,94.16676591,25.96927983,85.56193098,6.617009295,553.241016,tomato
142.1354098,79.3145293,101.6312661,26.16767567,64.17510849,6.542535227,787.0916658,tomato
124.6289769,65.45192179,131.5859453,22.11366006,66.80044652,6.430976345,622.7513767,tomato
144.4921825,88.01635821,123.659594,21.43106127,65.77225652,6.441430854,463.8980804,tomato
143.9991404,77.3239564,88.63753463,23.85576494,86.51961181,6.930808184,825.6213958,tomato
128.748113,70.56145807,105.586918,27.99310964,69.07334266,6.532195092,476.2184917,tomato
121.9518354,92.49559026,119.929197,23.11829294,68.1589132,6.557690514,492.5009398,tomato
142.9993249,92.1022504,139.6111367,28.46999539,63.72720508,6.637155333,661.3912774,tomato
134.1045222,90.03229937,103.0723994,24.9617779,63.18304577,6.763299588,552.0480517,tomato
160.2495565,78.07097942,121.9843565,26.71886183,71.01844007,6.39848617,653.4175794,tomato
152.2691704,76.60732999,93.31779997,28.01348321,77.31205784,6.788274626,676.3246955,tomato
124.3879303,61.82703177,120.2975901,23.79867361,83.30195446,5.911763866,620.7854116,tomato
155.8045846,63.63676528,133.0330724,19.26902014,87.80901026,6.372276175,579.9538606,tomato
134.9410718,80.22220097,145.589271,20.89912233,68.32618216,6.513226177,514.7444144,tomato
145.8500889,74.41388436,139.7274457,25.65298863,64.05731812,6.464550609,607.1484222,tomato
154.6850131,78.0650688,100.0682055,23.7482493,73.31105362,6.623632228,678.68471,tomato
161.1862017,82.20311101,116.3776836,24.73891885,85.25772312,6.47446313,739.112865,tomato
149.0244543,73.73361743,116.2727414,24.23966113,64.61655071,6.619261536,709.9374513,tomato
131.5430887,71.5420804,116.8201927,23.61780721,89.44696006,6.390860839,534.5529564,tomato
149.8409027,82.90055547,129.6924761,24.65208629,61.08861486,6.401580115,557.0113857,tomato
142.1005664,70.11260617,118.827951,19.83596742,80.56301474,6.099507781,672.8327879,tomato
116.3525011,67.08095958,116.6349123,27.14783094,61.85006366,6.19478833,648.2003723,tomato
123.1385664,65.13023089,104.029292,24.46466128,76.67267409,5.994020046,536.8228964,tomato
167.2031526,72.24064048,122.3616846,20.0191647,84.38970062,6.521409699,446.9824239,tomato
159.8514333,79.632745,124.2810901,24.0479223,65.07539633,6.595052117,535.8403559,tomato
129.5402859,72.1553303,118.462755,26.76351546,73.27604558,6.63644161,690.4731202,tomato
154.2673366,63.7735418,150.5793529,26.83415801,78.75929446,6.442981699,491.4311383,tomato
146.1354083,60.16599792,118.7574484,25.39140099,78.09554518,6.470716849,486.3384206,tomato
160.4673916,77.21130637,120.1125797,23.62277594,81.97407887,6.670724485,571.03787,tomato
149.2991364,81.02596127,126.6637264,28.90071151,77.35393028,6.49101033,569.891301,tomato
148.5285558,84.33490505,143.3370042,25.82697356,85.52951091,6.46306616,717.4234653,tomato
126.7394809,63.07859207,108.2235315,24.13028635,77.72976282,6.89425473,571.5318673,tomato
136.4849503,73.85488499,119.9379955,26.24635339,61.68851029,6.523462714,493.4412808,tomato
140.296324,87.05441111,118.0733307,24.72637678,85.6023047,6.58775161,730.8991609,tomato
148.0327129,59.40817977,127.4048658,20.73036609,80.35277489,6.604355819,554.2732892,tomato
137.2116235,74.26805761,128.2115463,23.99004996,64.82953968,6.092560389,655.5385249,tomato
153.1389338,82.5392061,108.0224634,25.16421969,66.20083269,6.340787555,790.7397375,tomato
150.9379376,74.75269827,111.9867948,21.11425844,71.12621946,6.5507269,629.1496329,tomato
117.4703414,81.89983043,111.8965145,20.97003539,87.88357458,6.460339626,683.3862237,tomato
149.9791422,72.17062763,112.8038377,23.82175852,70.37219691,6.645123511,614.0093408,tomato
119.9324735,71.3606305,112.3332363,23.57517072,86.96511951,6.232864122,635.2467066,tomato
138.8851513,59.24018892,113.4420602,27.61886135,88.71321814,6.7038041,590.9152973,tomato
152.9649253,51.08109096,121.3291926,24.73976174,64.48116537,6.154746455,649.532241,tomato
151.7004775,70.88388846,104.5806659,26.80036839,60.14065939,6.08903176,620.5173123,tomato
128.4718271,89.56312009,127.501561,23.00281839,84.75258362,6.060577928,573.5181561,tomato
161.9988963,75.3900912,131.6333819,25.63971625,66.4984397,6.346629816,535.9999484,tomato
138.3847353,80.00002231,126.2727387,26.65862397,86.05389596,6.619498684,538.8677553,tomato
154.4302857,94.46304179,107.5598488,26.66636855,62.23774689,6.018634039,602.0639151,tomato
131.7742144,69.12558328,119.494928,18.05299047,86.07333024,6.603245719,484.7550548,tomato
156.0195031,70.56652219,137.299439,25.26916702,85.65272787,6.880523289,731.5455058,tomato
165.8883075,73.96631009,109.4046258,20.71982291,81.00383815,6.527351974,452.3869599,tomato
151.1826875,75.64740708,102.2665428,22.72771073,65.21682503,6.241393486,503.2174397,tomato
147.4053653,87.35567372,133.8813436,28.13001138,74.43735588,6.408515721,461.3768899,tomato
153.2686494,67.8407807,136.6567908,20.07346654,68.76640614,6.59685478,639.9641346,tomato
133.7662553,62.80636026,126.6703028,26.50999691,71.0963428,6.463275917,641.848054,tomato
133.7079532,71.79487495,113.704692,26.36312249,71.09420979,6.633808685,651.4202171,tomato
155.3887238,57.1325768,135.624817,27.1548494,76.02165454,6.561965494,624.9796587,tomato
133.7866122,80.84396912,111.7200788,22.81247402,84.79197978,6.679027137,564.3476915,tomato
120.4174267,63.14996766,109.8497549,26.05736642,81.83393124,6.514400444,504.1277864,tomato
148.6022348,71.23155685,131.0273863,24.06191478,77.55493756,6.986435736,603.9900323,tomato
160.4506508,76.03301723,112.876412,23.69215974,60.5266092,6.351732175,657.7212028,tomato
132.6746851,67.9274853,114.8327194,26.07263432,77.47175976,6.571783039,612.0226479,tomato
158.4588677,71.95274885,135.0893543,21.56361871,69.45809714,6.37664411,507.6467012,tomato
137.6058774,82.62641117,130.1296962,23.56754083,78.98162508,7.124641878,401.4802022,tomato
126.3004621,67.2684817,108.6190679,28.0322115,75.42489736,6.54013331,328.392587,tomato
144.9247728,72.77846793,101.7090956,25.60814843,62.74617299,5.987623233,828.0142357,tomato
144.0856945,78.65655642,134.3071413,23.80888808,85.85637049,6.36086116,629.950518,tomato
144.1128903,65.46405049,124.2532439,19.50311192,76.82353914,6.883016103,791.052936,tomato
123.2054242,70.62604683,107.8475818,33.90282077,68.25580958,6.914790347,836.5430295,tomato
143.858287,66.66964332,144.6030173,21.36839759,86.64015535,6.236599057,467.8946523,tomato
144.6555581,76.14544025,102.8885785,23.84742109,88.05015292,5.897456079,414.6537705,tomato
118.1230567,77.19924823,127.9716279,27.41924296,88.64610792,6.625033535,475.6903368,tomato
152.9282838,75.34048156,138.5564395,28.51193302,86.25964305,6.902451867,666.9487846,tomato
132.1965148,76.6507516,115.6987566,21.80883827,80.27104986,6.569558654,461.166846,tomato
133.0412201,70.98885422,127.8013828,23.34787434,67.13534944,7.009964112,497.095371,tomato
144.0960353,78.86310451,118.7115123,28.07827062,80.62026025,6.312009965,620.3896227,tomato
127.3283671,71.9337543,126.0016302,22.56249228,63.84803155,6.384724839,556.4002134,tomato
159.3331501,66.94311625,137.8001082,26.42135058,81.80435633,6.396075678,617.5218977,tomato
129.6083557,73.87663862,119.3877677,20.07548843,60.36036193,6.207235713,640.8361097,tomato
134.4859814,76.51330081,117.4383121,26.62154524,65.43343525,6.338003962,717.8318979,tomato
162.6371188,75.35351059,125.3933281,19.82372239,65.63963039,6.461637967,709.1364552,tomato
132.5737077,73.50905591,137.7203447,27.80424833,83.31116901,6.474757446,662.7270633,tomato
163.2426631,65.33408815,111.532149,29.50135405,87.57984956,6.494138327,453.3857181,tomato
134.2201495,82.45175287,118.4809604,26.61608674,81.08257959,6.261352284,688.8717455,tomato
149.4660725,76.24213734,120.440659,22.59467812,67.39313608,6.351341099,531.3098637,tomato
137.8329436,82.32241302,135.5799065,21.3572026,76.11517618,6.255121241,655.3048836,tomato
148.4639848,77.32715184,116.0384703,22.06324305,89.17813371,6.487483879,590.0864832,tomato
116.5876599,74.6754882,130.6665698,22.50157757,83.00820603,6.231930524,469.2397117,tomato
71.27943594,44.03669495,62.56556864,24.6327942,87.28010754,6.626689977,912.8707783,okra
55.36736082,38.48761126,56.46967992,26.69594611,84.89115806,6.261331702,704.5144689,okra
60.56056801,51.61720139,52.91285363,27.31049609,71.73313019,6.580461561,727.6064274,okra
53.64427569,59.49336554,68.63871915,28.62560449,65.52371385,6.877073544,997.566064,okra
53.1585061,47.10228443,62.22269624,26.5883512,70.72343864,6.448124846,873.3021477,okra
45.47952205,49.52791664,66.64943684,26.82850905,73.51384916,6.242699785,964.9433872,okra
65.59548237,44.46754668,58.81086938,26.60581104,87.82828137,6.431273284,1191.651364,okra
61.64785878,44.18680824,53.382582,31.16672904,87.33650175,7.032207706,1054.472128,okra
60.24945912,51.46940477,56.9410023,27.98342923,84.27868776,6.717854913,888.8605554,okra
56.29953585,64.34991052,58.00260868,25.02409225,79.95719847,6.429066413,1123.070872,okra
61.05143569,46.49325448,59.95312271,29.06479283,87.85274104,6.704519913,853.6615668,okra
55.69372176,57.02003504,61.94056033,28.71740527,64.86207977,6.466898972,832.7833161,okra
63.50923526,58.51564721,58.96947745,27.02112385,73.06502106,6.459966929,719.0411755,okra
65.48027881,38.90144347,52.68236294,27.01554132,89.69419547,6.551929816,488.0245721,okra
52.58645594,53.54746186,55.711268,25.54692433,71.5339663,6.640013884,945.2552928,okra
63.11176229,55.33787525,64.12847312,23.54631925,65.58896582,6.584261694,759.8462722,okra
52.97789649,52.54860294,56.26744988,26.52375164,81.47199341,6.479110123,1082.340202,okra
61.79250008,46.80099425,55.60775864,23.40992337,81.0929775,6.492208224,1037.619152,okra
60.16140672,53.74336858,60.34404221,24.35799073,85.81883118,6.91067185,937.8374844,okra
73.11794357,63.65999895,54.0160589,25.38323436,68.36756388,6.833604652,861.7492533,okra
57.65636492,52.2905059,45.64987698,30.38716485,77.12807177,6.169255937,1032.926177,okra
62.106124,45.90596124,60.36653503,27.32293496,69.7362489,6.729085406,967.5174382,okra
62.2241926,52.00394943,56.4937552,33.25292207,63.32996752,6.48525942,657.9637619,okra
61.94779551,52.34582655,69.97513401,26.94669231,82.97200125,6.145572376,960.0810268,okra
53.2959471,46.96670662,61.1709418,26.90947549,83.85717653,6.290039456,1040.1381,okra
59.86394285,64.96982036,53.06676966,32.01588025,75.92889121,6.4336678,680.8976853,okra
54.2575642,50.33703834,57.76833708,30.28504252,72.39560501,6.792759395,1002.110495,okra
53.2465056,46.85588039,60.86554936,29.54918651,85.57320287,6.508082792,946.8699616,okra
57.92552739,44.29019983,60.34036503,26.33247909,63.18399858,6.304388286,914.3223457,okra
70.41665162,56.95814639,69.26539596,27.79105349,70.90923245,6.064809354,1131.574325,okra
68.25662702,44.08940243,54.14516392,23.26261012,71.01514713,6.469525367,920.5486561,okra
65.83365883,48.21736622,58.78190031,29.21799838,79.59075841,6.506041535,932.3954565,okra
57.34219211,45.9940619,57.53825704,28.41333333,82.35257792,6.890588605,852.789649,okra
57.07320552,40.26101717,52.5327137,24.97099655,69.43289597,6.570868127,883.471921,okra
44.80781521,63.3035696,61.1734413,27.00294339,79.60767315,6.239627661,1070.563836,okra
51.04214455,49.19299415,52.69225567,30.26351179,82.44865097,6.387033276,698.5228358,okra
51.58469759,49.2728308,58.65160314,25.81029347,76.34676431,6.271685713,1179.882874,okra
80.86489207,50.13410439,54.05712808,27.06479383,72.15003098,6.540831164,685.2886901,okra
63.08040363,60.00145976,55.527126,25.40339804,61.10994391,6.072089201,618.4706313,okra
65.10504202,44.90838064,70.48995019,24.3640664,79.20210997,6.70043125,930.8674367,okra
54.17061315,58.84077085,62.31859624,23.87992413,68.38275837,6.651406692,865.583324,okra
60.19968107,46.97370041,51.89052769,23.73991374,67.4342643,6.509709907,871.8160614,okra
55.24372106,60.12619342,49.82230339,23.29158463,64.58267544,6.305948635,1003.801277,okra
67.85668864,41.94467958,49.04727661,31.11098529,62.35390174,6.741634952,1135.22391,okra
67.40903542,53.37158228,66.54784115,24.04516033,82.29953084,6.817031488,757.569224,okra
60.174075,60.96984358,57.40130544,25.38716413,67.02740857,6.072282749,920.0400664,okra
48.10150287,52.62755493,69.05631741,28.3258403,60.85093383,6.712307286,790.5438182,okra
52.94851349,50.17494281,61.99549012,27.23010546,86.60487098,6.531276613,1193.953725,okra
52.7157411,40.79917414,64.09939098,26.43986708,66.33937377,6.224924526,604.1217403,okra
59.92636634,38.21887999,62.70036807,30.79689513,71.54586014,6.808708492,1084.385093,okra
57.1831246,48.20792926,60.91751909,30.50261627,65.29574286,6.716273133,784.1150777,okra
63.09181001,51.06452086,55.64824994,26.87226256,81.01268602,6.29268045,726.9210148,okra
55.90155959,43.49293876,61.88988355,30.04386442,63.2746123,6.948824962,1074.61327,okra
64.06775401,56.62797947,63.44256236,27.57177304,71.75553097,6.775372288,830.1941661,okra
59.45840902,50.53194238,52.68119895,28.10415628,73.39892454,6.565667328,951.6233671,okra
68.78738754,52.00220835,57.53136302,25.9465373,66.26594375,6.585473315,936.2054351,okra
63.7004656,50.507725,63.10095212,31.16379743,78.34771581,6.368648619,788.0476879,okra
64.20127698,48.57436107,50.14067291,33.4808151,84.98294034,5.997695865,1205.128339,okra
55.65003711,51.30107802,64.84994858,30.52243385,73.73188598,6.588739195,663.3039755,okra
60.67803072,40.40823707,54.36230649,27.26701483,72.22288577,5.843352569,1001.201389,okra
66.72299172,54.9697363,44.31057035,23.85497253,81.16091012,6.765800038,923.8085375,okra
77.69671324,45.51106574,70.99796816,25.53701757,72.88448247,6.423071879,739.5205506,okra
53.09128455,45.85048578,62.47044885,25.47505006,82.64580907,6.491111099,639.4164504,okra
45.76708915,46.46724407,54.42998377,25.5206731,86.1867786,6.426108509,1078.426332,okra
59.90921227,62.04037916,64.74794519,24.5832257,75.82193895,6.427041474,1189.645636,okra
64.6526716,53.5368619,46.744216,21.65195186,76.02012107,6.703704594,765.8244285,okra
42.71461031,53.44678838,63.46182332,28.70031794,86.01819659,6.701581294,949.1386045,okra
61.76052889,45.97071919,61.37093445,26.15068652,78.8533161,6.510961368,867.9306652,okra
59.6317407,42.04271263,65.13082857,23.35670773,78.04711682,6.425786585,1049.601527,okra
49.45702475,42.12262332,59.59270351,24.33350038,83.62133908,6.636621734,1089.990807,okra
67.15444861,49.95293525,55.29649816,28.2471364,80.47651478,6.987562075,689.4170512,okra
61.90056502,54.9622679,66.55763318,26.22194905,66.90377978,6.439277025,1190.503265,okra
55.38197733,53.39198284,54.78182338,25.01708967,76.45397441,6.721189256,810.434129,okra
68.69630183,41.71703949,60.88031189,28.38470754,67.26460567,6.334463462,685.0741956,okra
62.87008986,41.61138253,46.05916866,30.24283614,68.8313834,6.066895662,817.7431925,okra
55.74726636,42.02975611,71.08672533,29.86717418,68.92041483,6.387566801,934.1929107,okra
56.72716447,63.47046771,51.40203229,27.70528917,73.00691906,6.688026643,1012.475121,okra
55.34868867,41.71843332,57.42797169,25.25527089,82.7704646,6.865549148,907.6831638,okra
63.39174197,59.9218746,65.12520151,26.99937706,77.07810668,6.774658558,892.3317144,okra
61.3830802,46.20106,60.1200106,30.65861577,79.8313245,6.476233516,1132.841709,okra
59.09410569,55.84016225,61.29593226,29.30243729,72.78729792,6.448931315,1058.142813,okra
57.58171906,32.06578105,59.51457928,22.39579698,71.27289349,6.533441837,1028.433967,okra
63.36253115,56.01256712,62.75936749,26.19114615,62.61812392,6.110100466,853.9356164,okra
47.57377064,52.33394005,61.64873231,27.31531683,81.27269935,6.79068073,647.8254963,okra
57.83027198,53.66565224,71.67455675,26.90293068,79.71773226,6.92726874,848.447248,okra
69.18178448,59.59273193,55.78604418,24.49053792,70.33272976,6.645470016,997.7771098,okra
56.78658721,59.54691486,57.53986812,26.32504747,60.38443952,6.033988283,773.8905192,okra
55.61695289,44.99857454,57.13276101,21.86428357,80.93096086,6.307870858,856.9038468,okra
65.66037401,54.42510315,56.16547363,26.00103457,75.83403154,6.366608075,714.4807127,okra
55.38285609,54.56722124,63.89849087,29.57287025,66.59177591,7.086912347,981.5135414,okra
57.24095875,47.6708936,72.7279026,27.76745005,73.9520652,6.732895621,1124.792031,okra
52.13849504,61.13596487,56.53205002,30.93052322,86.43288143,6.622725327,1156.988036,okra
63.68537647,51.53802111,56.55075029,26.80481486,79.2989178,6.55843832,695.3969267,okra
66.97406985,36.14047827,59.83358657,28.90051598,61.03586471,6.056492493,1023.57009,okra
58.9078364,60.10154117,62.61326857,27.57858443,70.86821974,6.42243573,914.3979085,okra
63.80862795,41.83082741,64.08575809,22.76656291,60.47947666,7.079685567,851.1912967,okra
55.48380347,48.98180672,70.01063266,30.9327293,75.18127065,6.251155328,998.6930339,okra
53.90304225,53.21539094,55.60577261,26.59109718,84.57381996,6.618314689,905.7619144,okra
61.50793107,44.35859454,65.67124883,20.98242851,69.26302098,6.515093225,880.3001011,okra
60.24183584,53.47884222,63.07810009,26.55116701,70.93999588,6.999957149,948.6935811,okra
99.72661304,59.20635393,94.92027096,17.83531104,60.09654252,6.615371463,712.0311178,onion
97.92856515,45.81966486,86.182304,13.64373006,60.83023665,6.210247326,518.4820051,onion
80.57165,44.32315302,89.47185752,18.48270508,75.67777239,6.182780989,768.7798469,onion
99.84083653,52.03928795,89.95291408,18.53706076,77.67081579,6.34906225,480.8829464,onion
93.35350027,59.47348028,100.8695951,18.10918653,82.40146723,6.460374079,352.1351008,onion
77.74851552,58.57242362,76.49426756,21.7498822,68.76062482,6.603053449,533.5938646,onion
92.38092645,58.12743993,83.46833816,20.23498277,79.4852419,6.75801175,405.2030775,onion
102.1159423,63.47001879,95.80669295,17.09300983,76.64505702,6.401612621,574.7666483,onion
101.1440422,57.63021919,83.77529043,19.30210152,88.48483126,6.48095365,542.0587135,onion
91.2608151,36.9839699,89.7795807,19.98377889,78.50038569,6.309610666,693.484042,onion
84.29727737,43.79658622,89.19444349,25.39378804,82.30272086,6.634053733,509.4930688,onion
85.4436736,43.85442735,105.3681064,21.47942843,67.98544414,6.524362771,569.421842,onion
97.11383617,44.06932339,100.5507254,22.04945931,87.47642174,6.267138597,672.0675358,onion
96.6670182,56.59269522,71.17136397,22.39143952,87.63147529,7.079551423,571.1579961,onion
103.985916,47.18979058,100.678025,18.63393738,63.23824286,6.448824587,719.6103789,onion
92.97718416,62.5649273,89.29982227,17.21786472,88.93676912,6.296669943,645.087374,onion
102.5918003,39.01361767,81.22973046,19.60143088,84.18088219,6.453745974,425.1419572,onion
93.89821905,51.21842166,88.46210007,18.42533971,78.43943175,6.613953703,495.4847804,onion
94.77389931,38.28793436,77.14609521,21.18828129,68.96090651,6.524713363,402.4699935,onion
99.14952759,54.43819892,88.4656899,19.27487938,83.10671936,6.164699077,542.5992622,onion
75.09530597,45.34273598,92.37754218,19.72184776,86.64375121,6.259806876,659.8703082,onion
87.9847065,38.04299282,97.48680863,19.32161245,63.70485418,6.684188989,686.7003792,onion
91.90481869,59.15485909,93.83827024,20.26862355,62.75884658,6.441806903,470.7539884,onion
75.82757109,49.14160491,89.10150609,23.97746082,85.30210289,6.847074131,462.9502974,onion
114.2882021,48.3414183,83.07811006,19.46369488,88.42120747,6.375248696,631.7267327,onion
105.7176812,47.65859286,79.03740726,17.017231,72.30246476,6.236125063,541.8740903,onion
82.40778833,48.13441948,82.01546795,22.52435974,65.44992223,6.570927672,625.6483906,onion
75.0465741,51.04917577,92.65062543,17.6413053,84.6587177,6.26462333,601.0052876,onion
93.96528897,38.04136075,83.486893,20.47580048,78.42154915,6.306811867,602.5349128,onion
81.77474805,44.22816124,88.65057186,21.59568609,75.91714369,6.298104669,679.1865669,onion
92.96817479,44.94225899,77.97916574,22.09933667,61.0568673,6.811768688,642.9203646,onion
109.1410181,51.38281575,97.51695833,17.9835114,86.04265289,6.353371834,620.1424101,onion
86.29255188,58.67688974,82.53177011,18.68678091,87.26944328,6.765453008,530.5450971,onion
94.69407074,46.00959047,100.4068964,19.73555762,84.58138644,7.087450162,493.9892761,onion
81.60624257,51.8602284,80.07163583,17.31737463,71.34384452,6.266785414,472.202626,onion
77.381644,39.88537377,76.96357807,19.87245739,83.65009991,6.397554081,603.7968759,onion
93.71743909,45.80062638,94.51790756,23.87223652,81.01648179,6.685698751,452.7502559,onion
79.1593174,45.35107366,97.36976133,17.10717947,83.01677167,6.330226858,561.6754677,onion
82.900481,39.38174828,91.89285118,19.10894458,81.34494476,6.699681538,371.820794,onion
88.12578737,44.11845243,94.04309344,22.25010204,63.11831327,6.613924931,630.3513972,onion
108.7120945,46.95139323,91.95854006,16.82689921,78.53781011,6.64862095,534.3786525,onion
96.11476233,46.31944609,101.2798153,18.18961345,63.12430408,6.258457403,521.847372,onion
90.16678043,39.73586583,79.48702655,18.34998866,71.80490943,6.328869545,583.148617,onion
72.26052318,48.92878967,101.4557702,18.91893252,87.89189939,6.667575589,428.4915931,onion
99.07011013,53.11931464,89.24598153,22.35006474,89.47726936,6.501682588,594.9101223,onion
109.9897092,53.33913829,104.8847122,17.10231269,75.42856181,6.373487445,667.5115354,onion
89.99843229,67.71152233,87.18399245,27.50417159,85.60126114,6.296080936,707.0561258,onion
88.06683823,45.16676009,93.84647163,21.49018036,88.04786668,6.643102684,598.60023,onion
84.2480508,50.83236114,66.65664181,22.47543416,75.81125258,6.650503698,688.1885263,onion
97.62116017,39.40841018,104.4243346,18.61929626,84.67902693,6.770213812,563.4182253,onion
91.7336161,54.91193583,89.2860743,18.28024395,65.37818883,6.208303997,594.303898,onion
75.49701348,49.40214576,84.32910388,18.21063867,60.87589367,6.253945981,650.8820897,onion
100.179916,58.76008495,88.12155777,18.91598003,77.005816,6.455384524,619.3616568,onion
106.6382073,50.21245897,75.99414362,19.96785662,82.93263689,6.445053437,457.6196905,onion
104.6223899,56.51453652,81.86082661,21.54718879,89.44947604,6.663599076,574.0019053,onion
110.7458605,58.60169589,84.16080078,20.12286453,80.43934717,6.640535066,533.2284339,onion
84.1509556,43.82811176,55.72344472,21.83709858,72.00914225,6.28939457,509.3776797,onion
87.93059855,58.64224647,104.2478715,25.58223274,77.2646684,6.727274096,681.9369495,onion
94.04611999,38.64498002,95.14851681,16.29831152,72.95803861,6.596045695,531.1146499,onion
85.48786557,49.7646792,82.7288239,19.17970213,73.14394454,6.848388926,423.826784,onion
113.3700231,52.01350085,90.69326905,18.64933438,71.04300614,6.816653213,609.6669176,onion
81.19465975,53.69267509,91.75488287,15.09929092,69.99511801,6.556365789,726.5435664,onion
88.84159383,52.49661535,97.77176406,21.2835203,67.60853361,6.3506355,680.4577381,onion
82.42765177,53.92198085,89.95912901,18.3568852,70.40094104,6.335104227,579.5362222,onion
87.34931211,43.23044792,103.1085686,20.20629776,77.56875573,6.462799113,569.4575986,onion
107.0596341,57.04924223,67.74080758,18.638776,85.56620025,6.104229896,517.617469,onion
91.52389492,49.78373472,103.1756616,17.60024403,67.51206029,6.237943126,476.4590856,onion
75.42012098,52.560861,99.60114354,22.90743921,72.63809028,6.808144932,560.9278875,onion
76.88961849,63.42948304,88.03678448,20.61895244,70.78273288,6.065700044,599.9211216,onion
89.99191267,50.05628134,114.4614244,23.9681813,89.52432802,6.916829412,641.6933223,onion
87.30744213,48.69287009,100.1449677,20.70906072,77.62118855,7.016918127,411.3330433,onion
78.55505993,49.33465694,92.30277178,24.20266012,71.97968628,6.112422354,582.7520012,onion
109.336327,42.41547423,97.38055412,17.97100096,75.63032736,6.148040696,547.6765019,onion
84.59199395,60.49131722,81.02098992,20.540862,78.94751969,6.128193823,446.0334074,onion
89.5076048,52.33151176,100.5893183,23.69009127,63.12910653,6.295552356,655.0983373,onion
94.56243468,58.44718352,79.19111151,16.56064572,81.94522109,6.990205791,603.4464626,onion
94.33961978,46.55542601,100.1728877,16.18905468,63.44039476,6.780160959,426.7712659,onion
96.02260633,47.61622585,98.47377264,20.92242271,71.86172107,6.519285439,506.7199194,onion
83.61111234,36.78064156,101.643713,22.62726292,60.82669245,6.490539478,694.1383248,onion
72.05587403,53.3576919,106.7370754,18.42541884,83.30141409,6.88794498,465.9744816,onion
97.16365564,46.51972949,103.4371619,21.3405378,74.31464557,6.403760828,414.9249731,onion
74.59088558,42.7221131,96.76294964,18.12229819,62.59054984,6.528636425,547.812849,onion
93.32385428,41.66803572,90.73178715,23.58614757,87.00902807,6.729615048,515.4261409,onion
92.65563023,50.64763918,100.7378439,21.06162501,82.71393452,6.610531911,457.7109764,onion
78.29235653,47.64515028,105.5164053,19.57086739,69.50251426,6.970544892,574.8234165,onion
90.31778489,41.81381569,72.40694135,15.98034457,68.90884509,6.748618003,564.4330566,onion
85.51549909,46.43949867,85.82007766,20.40222239,80.21292599,6.234839963,423.0913542,onion
72.76841304,42.78634934,112.2393072,23.26014145,62.11449324,6.662053745,700.6298645,onion
84.88941108,46.91368533,95.63326619,20.52148241,82.88925976,5.879880073,496.3801398,onion
104.5197253,39.14471334,77.61618196,18.40861117,78.0852872,6.469241652,547.4630706,onion
67.90780381,51.25518085,78.22453938,21.76667137,77.00208765,6.515044346,566.6304415,onion
83.89730368,61.37323048,89.16844631,21.25991682,67.18403992,6.443498458,522.6996185,onion
74.66477758,52.89623163,78.19084328,23.86527236,86.60618716,7.015179382,640.0986096,onion
99.87913011,50.96612535,100.0957399,21.90017855,73.00768255,6.169941146,469.505247,onion
92.36991761,48.98135031,99.67644458,16.65326691,83.61284341,6.810218954,453.1704756,onion
84.96281205,48.26426107,83.32615653,17.19352604,63.84172065,6.244593103,629.1785853,onion
100.32816,61.20041017,94.34053377,19.15195352,84.66394369,6.47968801,544.1541548,onion
87.29843584,51.99342025,95.51696686,18.86871575,72.7149327,6.392038164,673.4452933,onion
91.82136194,47.54746122,82.14730755,19.61368818,66.85440044,6.397983451,625.7923834,onion
87.5672014,51.76348116,100.4609542,19.7802641,61.45214497,6.639869209,525.5088948,onion
52.17664358,33.20814468,56.07087696,17.95064306,73.62352612,6.233460442,1017.976166,pear
62.73422555,38.02942091,57.39560403,16.63088754,73.01644543,6.366429237,910.9554219,pear
45.12724661,41.22743365,65.11656144,17.80610113,64.69404997,6.122697883,807.2194655,pear
71.77010901,41.70496223,69.17558194,17.22720249,76.91538352,6.698610277,982.7280345,pear
64.32408017,35.07113932,65.49001558,21.91737062,86.95029381,6.160437779,960.847035,pear
59.67668975,41.97647762,70.3241491,15.19726127,78.4052837,7.06882886,1027.005171,pear
54.54043433,41.75974363,84.24279752,16.07369234,79.51101747,6.434397967,922.0850547,pear
56.42283773,41.07181949,74.44581678,18.03405389,79.83379216,6.494765763,1234.165277,pear
62.22046811,46.20117852,70.71384325,18.61282893,81.45965555,6.107694863,1141.392394,pear
67.1430992,46.82013104,64.83475785,18.89287612,68.88665174,6.493891346,1023.933027,pear
57.66620559,34.06632589,87.27005012,15.99342504,77.95148916,6.470243712,937.3041175,pear
62.32767044,41.5268299,65.70388805,15.16056761,75.46817125,6.847370877,1106.321249,pear
61.2734255,40.82097033,80.6118019,23.42807733,78.85399011,6.53015855,1135.64114,pear
58.49816364,33.98154699,80.44227744,15.88688532,67.68680164,6.391109141,717.0049275,pear
56.9683069,39.71437626,79.60411549,19.01978613,75.92829719,6.366475411,907.6014069,pear
59.57628723,39.64070356,74.53371887,20.47726184,63.33040404,7.283108674,1247.525642,pear
53.34196209,40.32972168,72.3834533,18.33139553,73.30775311,6.554188142,1043.028772,pear
64.07299704,30.16465377,67.70758144,21.38959715,69.53803785,6.686197196,909.4144753,pear
47.4895886,36.38654772,68.08524191,15.05447986,67.79554457,6.940306444,1198.50524,pear
57.71274774,37.52755358,84.5035953,16.58979785,66.53715237,6.391488708,1022.256118,pear
67.4474537,42.99902063,64.36433448,19.04523973,69.91224042,6.42546384,1178.334489,pear
60.88146572,39.62602874,84.61528162,19.20961656,60.73505655,6.369813424,728.6015392,pear
51.49061051,41.79960467,91.58895574,17.94879171,70.3762817,6.274366911,1208.777054,pear
52.61040109,39.53722554,65.05059996,19.52843079,84.86550387,7.005453251,1239.093553,pear
44.64419512,42.95605409,68.80584873,19.50940196,67.11969738,6.519257455,965.0947214,pear
50.26395919,34.98208406,83.96166766,19.04612376,63.99088638,6.679829571,998.406917,pear
65.24248125,39.64617003,80.09810238,14.80831469,89.83404009,7.285336544,907.4390717,pear
63.67186728,42.64648665,84.58306555,17.83079838,74.05274875,6.473339169,1005.333143,pear
52.63521085,33.75358721,83.15107881,22.01991118,62.46565922,6.648705067,1179.80908,pear
60.7689357,45.7729112,59.96957348,15.19752157,60.13256779,6.165773934,998.4372889,pear
57.05675723,36.79670712,75.39114626,20.08513092,84.12125535,7.114716908,1020.232643,pear
57.47425818,40.44502858,84.11923325,17.6161216,74.67295896,6.76634086,653.9723095,pear
62.03899516,28.15993775,74.84109784,16.76565808,66.29977597,6.542462281,934.0714392,pear
59.6983736,31.58282829,75.37425736,16.51029574,62.98389594,6.739932603,882.949775,pear
64.26624343,40.28243122,75.39433115,17.18238168,82.56316194,6.68860772,885.6882161,pear
62.41313762,41.7604607,89.80494258,15.08940216,76.5469591,6.107607645,1093.598085,pear
67.680597,45.02583556,72.89405786,14.81930127,72.66316729,6.698995068,1158.683614,pear
74.28139431,38.32842485,67.77741537,16.20823164,67.19758958,6.541913182,1090.183307,pear
66.33467137,45.40736585,69.11177001,15.33177047,86.94140218,6.571384488,961.097158,pear
59.52814502,33.59383828,46.71099494,17.70635002,68.63788707,6.713800213,879.3804389,pear
64.88714097,32.51948169,77.12973768,18.61332143,65.01454224,6.774551149,1221.529179,pear
54.95991727,32.40771718,77.5806832,13.81074364,84.10882194,6.592188498,1083.298099,pear
63.92746439,39.89358417,67.48815241,24.26280157,85.70320869,6.401414018,951.5311298,pear
62.81387014,41.60908069,89.26622651,16.5188944,64.04908008,6.723963475,971.4476548,pear
59.37410712,44.78452574,73.85542107,13.1531807,62.78029196,6.645993471,1049.280086,pear
59.45093197,41.59222778,67.05470007,19.32268036,76.55001602,6.372280162,941.8018805,pear
61.16114063,35.61433865,91.52362196,18.05724167,74.87585042,6.483031429,963.1570162,pear
49.22503597,41.82660038,78.64590427,16.88963692,65.65725576,6.646791243,990.1264691,pear
59.67135748,52.20255831,77.70494537,12.80784971,82.02921182,6.622969014,1141.159669,pear
63.79076748,38.20616267,61.50553327,24.30661061,83.18456317,6.718949242,1137.820464,pear
61.05833245,49.79045115,83.71286132,16.63409464,86.73325542,6.746374401,1279.577027,pear
53.72586009,42.40052444,66.61716891,18.45592441,72.48954081,6.67593909,949.5775656,pear
78.10512625,41.26484967,80.9155749,16.53390811,87.90303863,6.491066923,1195.149288,pear
57.30448677,42.17095576,73.69909125,15.72072208,65.44603401,6.63654145,793.9485014,pear
66.81112683,38.65830773,77.03938945,12.78729974,63.96996329,6.626624134,1011.609507,pear
54.46576844,44.04449007,57.93001775,14.32151036,62.93843303,6.432061894,1117.93738,pear
47.5461925,39.74315352,74.17431147,16.93178352,81.92086281,6.369450142,753.4143408,pear
60.5079497,40.04961485,65.89420116,20.1322989,68.62466427,6.429619575,1167.44609,pear
63.51780315,39.23073714,75.13635468,17.25563714,83.25229972,6.308480384,1182.164153,pear
58.76494688,40.06678631,94.92357563,20.1493534,86.24374013,6.639184636,933.9603938,pear
66.26265586,46.16907365,61.44173852,14.97555895,81.09783667,6.496392403,1009.965688,pear
61.0688501,43.87734693,72.23461594,19.00800499,82.86696224,6.584948461,1045.684253,pear
55.40737334,45.00846738,59.205653,18.48464975,70.2889772,6.231492434,868.0730937,pear
66.91013489,46.67112144,80.3599152,15.68255962,68.73205788,6.661151296,896.3141517,pear
66.53583788,30.30715424,78.93742818,15.09212644,66.23980304,6.404457539,850.4062846,pear
56.27944944,42.50225116,61.4345095,16.53565547,68.76325352,6.577182082,996.4814728,pear
65.08344387,38.78968279,73.2528427,19.78675686,66.64390396,6.621117598,990.0050914,pear
56.19132024,43.92325993,57.69505108,19.63255655,72.80807995,6.584791414,547.4780649,pear
68.65563184,45.16008047,67.42081498,21.70592346,63.53424193,6.49111327,906.2901806,pear
67.92182264,46.65740455,73.92073193,19.16400828,78.8335144,6.443157607,1122.586381,pear
65.42355917,39.78595911,86.60259227,18.54478277,88.06871509,6.264016541,1022.883606,pear
62.97056417,42.25539015,76.04080579,15.66817355,74.61256906,6.381646781,1097.232593,pear
72.72482566,33.28590068,80.09312135,18.0540463,88.81971983,6.441146776,935.0305769,pear
59.91605694,39.62254193,71.93685367,22.84285287,62.01545621,6.376621403,938.762984,pear
73.52286215,40.63521351,68.46095472,17.08996092,83.95792944,6.391296237,1092.953261,pear
54.73859267,39.25195592,81.07282266,16.26584161,70.95593669,6.643644475,1017.975782,pear
57.59525805,48.66514312,65.37939299,16.84127585,82.68420219,6.433875332,945.7930868,pear
66.49263634,41.71318282,71.24964368,16.32763236,63.95960233,6.543161176,869.3432692,pear
61.85074215,43.06279918,75.31988982,21.32589557,74.25963314,6.531212995,1032.81052,pear
46.62591521,37.56398557,75.48554236,15.00608883,79.11837718,6.419481485,1025.15621,pear
51.24760928,39.06107796,89.20070241,19.54464333,64.65070369,6.835628903,1157.873237,pear
66.726459,46.22163528,87.7279019,12.61530907,68.48178592,5.985087485,771.558985,pear
66.23710101,36.54333614,85.37404648,12.92647596,64.6827157,6.899353828,979.607348,pear
73.01285406,30.62353921,67.92277075,21.60016857,70.59847658,6.540013741,892.5454794,pear
64.38648359,48.37962563,66.81108422,15.91152303,64.7846284,6.476656891,922.8712003,pear
63.26595423,35.64175136,77.53107924,19.76575913,85.80836942,6.485321462,1005.455388,pear
60.57008078,39.71097989,69.35737779,15.19283518,61.51430684,6.747921039,1267.563881,pear
76.4071528,40.66895508,66.40722798,17.43177371,86.03371786,5.953755117,1193.439426,pear
61.33891332,37.37978214,62.73636359,16.60119087,86.30259815,6.516021791,820.0150176,pear
63.03124595,41.92618309,60.23884952,16.29815286,65.01262391,6.589084807,856.4688659,pear
60.75766792,37.27161218,79.21071858,21.20558696,84.79736304,6.420214907,976.3764183,pear
65.35175073,42.70323947,86.10974547,18.0162663,73.73757466,6.470008375,811.6763821,pear
59.02173082,32.54847157,72.35239921,17.16905706,86.48738296,6.431113645,948.8145835,pear
67.55710743,41.40999956,62.32915914,18.31012391,72.67399669,6.631956638,1048.184364,pear
53.74980295,35.53348695,82.82972303,14.07176333,68.35527197,6.717374469,921.9623864,pear
52.30269288,44.35017677,73.95244547,13.31718344,83.7493001,6.581936959,1121.436094,pear
53.59141316,44.50980937,80.33461005,21.43005335,66.68762716,6.504615974,1086.18412,pear
60.8377103,47.22317119,71.40684033,18.09779078,65.92180778,6.443876208,760.6979732,pear
59.08346358,46.60021381,81.48274376,18.26191232,82.69597394,6.811726133,882.4225417,pear
56.02644469,32.92689161,87.20873066,13.98275444,86.78757021,6.511206325,1027.608078,pear
125.6422265,69.01100474,92.48907262,24.90181256,84.74918553,6.800087548,707.3796764,pepper
145.2504792,58.36332031,94.07044764,28.10026738,88.4991274,6.602720336,720.2473079,pepper
110.7603945,49.72902011,85.42746558,23.8106851,72.71990107,6.829292597,829.3577613,pepper
129.1680917,74.70887804,72.62319154,25.41766137,78.25501401,6.456802999,589.6032807,pepper
95.69388018,60.75937337,88.72007081,24.01025238,87.38464949,6.576572274,653.6961027,pepper
135.3509545,57.73132252,93.1673637,22.37060615,60.00025297,6.330140567,741.942892,pepper
125.7824552,62.0904403,91.7050758,25.64708555,77.7031959,6.309090456,693.5616063,pepper
133.8637448,59.0532768,113.2061128,22.52554842,68.41204635,6.584888241,808.67227,pepper
123.28902,62.58247135,96.82287349,24.00469171,74.63252704,6.701727876,684.3126449,pepper
118.5736723,75.19744672,81.45640467,26.33971546,88.12836542,6.45981204,772.7805821,pepper
109.6491876,61.05711433,79.61114819,19.64761666,75.55767773,6.630057571,860.1383103,pepper
113.9058151,48.3233541,94.54995369,23.95677603,88.70051165,6.73931367,717.3518339,pepper
99.55285842,79.22374651,97.99295319,26.93752698,88.38093732,6.306344554,478.669762,pepper
98.67521462,58.46306603,100.7541348,26.054416,64.73432024,6.303930805,800.860439,pepper
125.1424656,67.51643745,85.99256912,23.06554337,87.72843112,6.57928749,842.2112879,pepper
123.2433726,60.27375083,103.3847286,28.09098843,88.93294287,6.368284822,961.6857784,pepper
105.0262037,63.31008468,84.90926415,20.7367596,67.8325628,6.856764851,853.3427726,pepper
130.9210346,76.02248223,97.71271923,24.61440355,69.86839014,6.545078611,812.3332493,pepper
127.4244738,75.98597826,97.77056898,24.43219246,61.32128809,6.884432311,752.344618,pepper
112.8752705,69.65366013,79.03699355,24.43950743,62.56705044,6.768450201,1012.74238,pepper
109.4689755,64.16508004,88.03491201,31.07532808,85.05259369,5.669145155,832.7321928,pepper
94.41124684,82.40379445,93.62300811,25.84537285,69.58145148,6.213282837,829.4863491,pepper
134.1356391,68.58539609,84.33024571,22.66378793,73.46802851,6.619830974,883.4043447,pepper
105.2663777,58.43746388,88.02532196,29.48340063,77.80662674,6.696012334,1031.76817,pepper
131.8429348,67.15982869,75.67733098,29.76240086,68.56560225,6.547775679,1068.660254,pepper
116.987177,66.27321143,93.45055483,25.48012104,77.62129022,6.376326828,814.8847583,pepper
165.0748599,68.96416374,99.65908004,22.76403885,72.08776041,6.672541906,647.5907332,pepper
139.6362137,53.97513496,106.0598979,26.73664556,60.55330068,6.48010101,946.3366138,pepper
85.94315208,69.51017405,100.3302649,23.39398577,73.10980582,6.267413121,576.3740596,pepper
110.0547464,69.77873399,100.0186875,22.76840853,62.30530978,6.659647251,712.1160558,pepper
124.9720521,70.09975728,80.67224636,25.14731884,84.81677229,6.428327403,690.5788535,pepper
121.0104969,63.64606297,99.03882845,25.01808378,64.16227487,6.51118479,956.1483232,pepper
138.8548132,54.00859398,87.08810799,28.30440439,66.98417041,6.437685137,864.6583674,pepper
121.9200213,39.90402475,79.70839105,24.15187466,71.02351333,6.448666204,751.3019472,pepper
122.255533,62.67497554,94.46997375,25.40577986,71.39786466,6.604834395,959.8239437,pepper
128.9501173,82.21986721,96.97683396,21.22516379,79.36852649,6.24797092,914.0551199,pepper
108.995199,67.70242297,98.25932595,28.40194427,67.76609847,6.573201391,801.0853251,pepper
118.8821234,49.12998321,89.31302199,26.81091674,74.13024683,6.556334004,662.187539,pepper
112.9487477,63.10881518,110.7648545,25.28553584,82.09580212,6.483297657,945.8000517,pepper
141.1099986,57.16149408,78.84761367,19.79176228,68.888086,6.434818153,684.9853663,pepper
121.3523206,64.64768314,91.63045648,26.17247971,87.11103931,6.309977784,944.588394,pepper
102.037804,69.17063249,87.67857367,25.22277254,84.94025246,6.339400253,814.1266526,pepper
125.4842802,69.40878367,80.54878155,28.80611877,64.09017502,6.263427971,647.509597,pepper
132.0481827,48.68137601,84.16067507,23.71968635,81.50888106,6.214530296,775.3080186,pepper
121.297152,67.19147904,80.35713385,24.60987537,71.5555887,6.558875973,808.8262028,pepper
145.6655886,62.72300457,94.86970529,22.20016711,67.171647,6.51083913,634.4009109,pepper
129.1688756,57.5344968,88.46689178,26.47038941,69.6738421,6.401345587,663.8562021,pepper
92.79019661,72.98347034,105.101757,27.67011379,62.93488686,6.650784963,834.7655031,pepper
120.6302051,61.36629172,105.6129076,26.80356487,71.57305991,6.541315562,954.02178,pepper
141.2535654,59.4830023,88.65366835,25.57800458,63.55538913,6.350237563,805.2695802,pepper
104.8576337,71.35509067,110.3662909,23.60547728,74.4928591,6.613943122,763.1031012,pepper
127.1762137,76.73886397,82.80884094,28.93435617,71.27676289,6.601413446,747.0154676,pepper
140.2016941,57.19056094,99.60709953,23.48487291,63.15730234,6.796374003,856.2117837,pepper
137.0304018,73.69743153,116.195082,27.69090208,61.97680317,6.71146235,689.1925837,pepper
120.8305011,70.53366575,99.2919986,27.66430089,89.98152963,6.631978511,942.3399498,pepper
115.9732679,57.94782583,96.21491541,23.97781156,73.38519042,6.631978809,804.6772836,pepper
125.9820895,69.34336575,93.69023366,23.65815377,72.32153393,6.585030448,736.494129,pepper
125.0188188,54.24099826,96.51524643,28.39808542,89.80909623,6.047465383,726.1207317,pepper
120.2419876,53.04336316,90.31196506,26.09507859,78.15781037,6.246487087,1083.494699,pepper
102.5478303,62.79777651,92.93432828,26.01158371,78.55220112,6.533090987,742.8275255,pepper
106.3264283,82.02050728,99.06875608,25.93265877,82.73960562,6.073317249,777.7475817,pepper
128.9578793,64.72177157,84.30469874,26.14141633,77.13333999,6.56719017,956.8156512,pepper
97.69988471,57.50304738,98.64727418,23.83456827,84.75152694,6.360711268,896.7452567,pepper
120.9592227,52.86569912,80.77055584,24.4825573,61.2516138,6.107749064,909.1039305,pepper
119.4364811,62.53307254,96.90555604,20.93569739,87.8944188,6.747132286,898.7819246,pepper
97.73431209,59.98332963,97.49626389,26.30332319,83.96609453,6.213469726,975.6141346,pepper
132.6867697,67.04269525,92.43606544,24.78655833,83.82202714,6.710070653,1009.841115,pepper
140.6011906,75.00967092,85.81351239,27.11990864,76.74758955,6.615103346,808.7566049,pepper
124.9563326,60.59100215,101.5092534,25.58433774,84.95855189,6.460420517,646.0292704,pepper
133.6283333,64.73862001,92.14355359,26.35522805,84.89256893,6.203216615,686.1600471,pepper
120.0609007,59.64131947,68.39468713,23.26160547,63.40002298,6.32555267,726.0329663,pepper
117.9735461,69.68290864,105.6903928,25.53685212,67.31715273,6.333084591,658.6710606,pepper
110.9239988,68.71839397,87.46596437,23.30842886,61.81668343,6.574496083,846.8873422,pepper
120.7834726,72.82273046,94.67609078,22.66217257,69.81001567,6.807799295,766.4380915,pepper
134.1994882,58.69821451,88.60116486,23.63549164,63.82320761,6.816786616,793.4830155,pepper
152.0928756,78.60014914,68.44357667,22.49371873,60.82190274,6.832325373,870.7803858,pepper
127.1335849,75.38025712,88.35242556,27.14436955,78.03526346,6.406407359,762.7399671,pepper
136.7162816,77.62944402,85.68880388,23.93185766,72.70108291,6.935857478,916.5120915,pepper
123.3933381,71.79114402,97.53052612,22.68305251,83.09672322,6.156813253,895.7289511,pepper
110.5886361,44.98158252,88.45626067,22.32577887,64.8359227,6.336321258,799.9067706,pepper
113.2044991,64.70016676,96.0251556,22.76452948,63.35401809,6.942431684,767.3608934,pepper
119.8211425,71.65197021,94.05363041,26.06444432,68.87312331,6.582746002,903.1505335,pepper
118.4004204,54.09417554,112.4391175,23.59383054,79.94870297,6.330089836,656.4755228,pepper
127.2317913,70.86013955,81.07799542,24.70471586,73.4976523,6.744238203,715.703946,pepper
118.5457744,57.46144419,92.11433505,25.09282064,62.68824394,6.875551488,732.1341182,pepper
110.8907253,73.70310778,83.0184995,22.92143159,82.93180275,6.622974321,897.9396332,pepper
98.1122627,61.61384391,98.15034134,24.65706097,85.89586625,6.206651416,659.47224,pepper
114.9983667,76.91955616,71.8382983,28.96718192,67.2701646,6.416367642,766.3108028,pepper
112.8732646,58.95324273,87.79687595,23.62369174,75.59875769,6.459640182,854.7533134,pepper
118.867507,62.58822786,84.73775129,27.43665768,68.75192012,6.4417447,856.1753727,pepper
131.7307669,78.73865285,97.39155072,22.93978809,70.4141439,6.258958051,795.9208585,pepper
123.5518987,49.45971014,69.06664649,24.00246836,74.15789865,6.431464901,992.5898602,pepper
145.4279878,65.48642101,90.96377748,27.85971764,88.44526845,6.180057109,711.5711598,pepper
107.8473405,69.52304071,87.65590592,26.92870139,80.94445964,6.341552091,811.645935,pepper
132.5280183,70.64504128,89.5060032,25.66306285,75.08794704,6.406458839,870.9000068,pepper
115.9974335,62.88160227,86.91686437,28.67889332,67.21726124,6.481163177,900.3914685,pepper
100.5629814,67.88726602,101.51259,23.0928612,70.29134318,6.245289,801.8365718,pepper
126.1207273,70.63664511,83.25711766,26.27477077,74.85468458,6.666720815,771.4169079,pepper
82.92823555,71.48510402,101.6361581,28.12504683,84.27130167,6.456159365,879.2753387,pepper
125.2139156,64.49524101,99.12593829,25.99650731,66.64708616,6.264302318,614.3793183,pepper
59.90151322,56.91317307,90.62076342,27.03264751,85.46319137,6.857382231,1137.886125,yam
60.79852929,49.16136017,80.76549293,28.29259824,76.37958371,6.564059617,1619.887082,yam
60.93176685,57.30926952,76.93237541,27.73736572,85.12622984,7.738736437,1688.586542,yam
61.72544093,53.17648232,88.61381332,28.77817825,65.62078679,6.689992394,1558.929686,yam
55.58478951,44.78757043,82.0058028,26.78245227,85.3238559,5.806121755,1597.995318,yam
65.83766112,54.03755433,107.5427659,29.35420262,63.49423137,6.37173037,1515.089659,yam
53.24256016,46.73588916,76.6606003,28.44050873,83.67432062,6.61073597,1418.642292,yam
59.13092642,43.94893444,81.50976746,28.82985857,82.57032079,6.455984384,1578.820607,yam
61.88830393,54.60547664,99.56436012,29.10798972,87.24611114,6.579323112,1335.041186,yam
61.65306606,52.33518839,95.33824995,27.40372465,68.82310445,6.081654219,1440.704383,yam
55.39199919,52.61641734,84.22895261,27.97461482,86.35198644,7.044195316,1439.95384,yam
50.80838435,50.33873369,91.80676809,26.93648488,63.42290375,6.028643423,1493.728699,yam
60.71539422,40.59555538,89.43814488,28.01044635,75.02307784,6.906477156,1693.263457,yam
57.69820337,65.56596005,86.54622617,27.54365723,78.27299001,6.484429043,1515.676723,yam
58.87531928,44.08331821,82.46216413,27.46556813,78.46160604,6.338571123,1683.345971,yam
59.28386775,43.27812082,87.31216804,27.98971897,74.23350012,6.912178562,1614.839652,yam
63.17445963,43.33661519,100.1966116,28.23537764,61.159357,6.419141079,1467.013685,yam
52.11256413,41.55962716,90.30692444,26.53094503,63.48729433,6.444929662,1614.433032,yam
59.00520676,37.86032646,86.90466507,26.1181901,65.71636921,6.657842518,1463.609161,yam
59.41416628,42.13140831,96.19293237,28.39720764,87.69032511,6.739194547,1448.938256,yam
58.48762669,46.83185083,83.03940261,26.87530104,68.24094687,6.483293449,1447.203445,yam
59.70156329,52.73798808,92.95526359,30.16064396,60.44648809,6.701951509,1519.336985,yam
68.97150356,67.18653869,98.19232016,28.62666835,76.94269025,6.343942628,1484.229118,yam
62.03697367,44.67292789,76.43187367,29.03061506,81.56769002,6.178264299,1318.256327,yam
60.53579652,45.32626515,98.59002624,27.0469945,84.04400938,6.765260926,1206.359693,yam
51.61323175,41.17964147,85.98109044,26.53350575,74.1121969,6.595623451,1734.165896,yam
66.39717658,47.49253716,100.5456837,25.11022136,67.71527207,6.526917508,1755.975992,yam
61.07498519,56.16545139,73.31576751,28.0219289,69.87849287,6.704539321,1488.811969,yam
63.8177703,53.697017,97.07950412,30.69750955,63.6416222,5.877055714,1659.190188,yam
60.50283522,49.34677879,106.3895707,28.51908252,74.38530256,7.089255022,1571.757925,yam
64.19977646,46.93770005,106.8053746,26.9380012,69.78240553,6.478336472,1504.804515,yam
51.68777593,57.77831856,94.60416759,28.98207768,73.59253457,6.331397018,1421.397439,yam
70.02992784,49.58224828,89.4482248,31.06458135,66.1328174,6.791503541,1788.225856,yam
65.48557876,43.30414111,80.81036718,28.46083617,74.95557639,6.22762869,1236.31776,yam
67.59288011,50.01138464,99.94772988,27.24961163,70.42394195,6.272614826,1890.515958,yam
59.63726252,54.29473495,102.9490354,27.8775013,79.98545934,6.52065585,1600.520523,yam
62.97598968,50.37003646,99.59237521,25.53753113,88.18125014,7.049090483,1574.710476,yam
60.33727359,43.94746497,85.50274317,26.89652014,64.98913714,6.690584315,1206.411225,yam
52.72801893,54.83225994,88.43164391,26.77556737,65.27997442,6.132506821,1574.443899,yam
59.88506676,50.88386516,102.9794735,27.44402526,73.16505277,6.487939881,1308.315231,yam
60.16233897,35.87094366,106.1200306,26.02231198,84.10873718,6.607675902,1586.227519,yam
55.15130769,36.36162314,77.82798222,29.02649735,81.05288457,6.940458621,1710.803906,yam
66.72935355,38.95700851,84.57429247,27.11913375,83.05562386,6.769899522,1135.566497,yam
53.38032224,44.80595853,96.61109334,29.0482347,85.08855497,6.409425036,1681.131411,yam
56.3791294,57.26139168,91.31859807,27.48060229,65.96878255,6.089636313,1470.377432,yam
66.06708562,48.29016278,79.53391644,28.56095091,81.76503476,6.411550349,1546.112036,yam
62.19652052,60.91423628,96.23343024,28.2467291,61.09682154,6.275615031,1537.206367,yam
61.47525259,51.07845607,94.34980805,28.00014733,86.76937459,6.26440142,1568.394747,yam
59.27428704,61.45188721,92.95272903,28.54619202,88.26992474,6.568467,1430.844229,yam
68.6446405,46.14969207,88.91664752,32.19029979,60.12703885,6.043142153,1807.467644,yam
62.4626442,62.3714157,86.50772987,28.78641181,78.59723311,6.437091905,1480.110909,yam
60.09444974,50.57483046,68.80723317,27.77013838,73.48350538,6.512412339,1504.108334,yam
57.9009926,45.86155329,87.2613006,25.80052265,75.91452459,6.712610923,1562.618809,yam
54.63552622,70.12251134,99.49335717,28.3085868,79.45637811,6.73035455,1650.796266,yam
66.11745407,47.25871245,101.9520167,27.8132384,87.17238499,6.87940999,1660.572173,yam
57.22158728,44.33936661,89.63389602,28.00709525,85.41833732,6.967217895,1363.513944,yam
61.82002848,60.19339113,96.53886069,29.73398148,70.7953361,6.661037254,1687.103474,yam
63.0953815,46.14478376,78.14912677,29.61595801,85.25934387,6.793237441,1149.732563,yam
68.48167088,44.07101248,80.89357557,32.14711458,60.60958274,7.031392439,1732.758806,yam
56.44481783,43.24192868,91.33588561,29.7153446,73.05239116,6.403674163,1448.124604,yam
59.76427922,44.63242482,102.738474,29.21075337,60.80175797,6.64347737,1309.360738,yam
55.65070631,50.24801339,95.54170586,24.41691882,71.22768001,7.252778489,1325.037405,yam
70.95999419,40.78183677,110.7816616,27.23237258,67.86664554,6.585507585,1509.068652,yam
50.76223687,47.44079557,90.08500714,27.46040102,89.78113817,6.35257622,1571.394023,yam
62.50536185,52.19216238,89.98296292,26.84518845,60.80148583,6.816769085,1842.362832,yam
55.28056657,35.09890196,98.28471868,30.19540809,79.9109603,6.112626498,1394.603246,yam
64.50064303,51.64468108,89.82365324,28.73284231,72.76834956,6.865311193,1410.987999,yam
60.59901843,38.75290157,98.4177211,27.42139736,68.48022481,6.769375293,1783.020042,yam
52.17519247,44.52339811,90.48741676,30.35014425,78.34389546,6.466282359,1576.387337,yam
63.29911909,57.47205417,83.9998065,28.20999021,87.37073633,6.448971942,1241.736809,yam
60.97100478,60.9618712,94.93560727,25.70686607,89.1341201,6.573762361,1603.003331,yam
65.84276615,56.66467322,99.66692152,28.96416783,70.19668903,6.284821149,1303.06073,yam
54.47393428,54.61854226,85.9085191,30.45930097,66.19951896,6.533138756,1455.025091,yam
57.91758609,51.48635595,95.66704227,28.37318918,86.3860966,6.818846695,1595.702408,yam
51.51052685,45.19943634,88.41261616,27.68772014,88.88792149,5.747549385,1410.71843,yam
51.17692692,57.80404014,98.58135625,26.98509831,88.41346306,6.288200323,1381.098207,yam
71.19800516,45.60969984,88.78423847,25.89619007,85.22546596,6.523237252,1516.439155,yam
56.44468307,51.71280678,86.98688151,29.02981114,66.34473641,6.772540966,1495.970798,yam
59.59695861,53.93412709,99.96645296,26.83561813,63.72732917,6.634879287,1308.135034,yam
59.91097184,42.66486212,90.7078745,27.67519982,87.25120028,6.20432818,1533.960193,yam
60.92504136,46.25847323,81.36849885,28.25663918,70.79573736,6.129611061,1284.462264,yam
66.65298868,46.58167383,76.4350473,26.04815496,60.88851467,6.706111519,1687.193065,yam
55.92806315,36.59319746,84.02642075,29.87941248,74.20108709,6.018496498,1347.72109,yam
63.87201124,65.82556468,97.33699622,27.71314859,70.88946457,6.406489388,1586.804783,yam
59.09809927,45.20311761,86.03408895,27.71923254,62.14450478,6.358970575,1312.045945,yam
61.2607055,53.47791458,102.8222585,27.2748937,77.05478932,6.135830817,1457.733708,yam
61.27247217,54.38619846,71.12552244,24.90378322,82.95106671,6.393323074,1292.652516,yam
44.53886422,53.41097897,88.20246605,29.85330432,71.3357306,6.222146606,1528.941534,yam
61.5002022,53.91192842,108.7944095,28.0472858,69.43180515,6.612561648,1546.478304,yam
59.44384732,41.43990041,73.67243089,26.89387319,78.98830702,6.581303692,1278.151542,yam
68.72807136,52.25830855,102.2658606,25.22527264,87.0982469,7.060783308,1194.09426,yam
55.43680489,55.23792764,93.07614837,26.88147614,71.11433562,6.71710008,1470.118403,yam
63.62624113,49.26364621,86.98656253,26.7409742,80.78828297,6.40426277,1341.508433,yam
62.88488047,53.87656252,81.12686218,25.75519033,75.15247848,6.264911071,1578.094512,yam
54.73511123,50.34125424,77.55756543,27.31425552,69.27121912,6.880010642,1381.467926,yam
65.69484416,41.83350634,103.9296412,28.25394651,69.64707538,7.119402946,1686.326544,yam
67.57137279,50.80533505,92.31492916,26.46483197,75.1899742,5.897970641,1337.947074,yam
62.79512052,43.53060272,111.5519252,26.21883402,62.33416745,6.43629883,1450.96294,yam
59.48662894,60.13664436,98.43087239,27.23948997,65.75731391,6.78025398,1378.210832,yam
65.72616084,50.29432987,81.50886998,26.84516339,89.24749279,6.258182046,1506.775102,yam
