N,P,K,temperature,humidity,ph,rainfall,label
64.73973312,37.22131656,57.59355889,21.28476778,80.0425541,6.280922227,1043.774053,apple
48.86813885,43.82343467,51.72332513,15.68713467,71.39077225,5.981123609,1301.001659,apple
51.46380432,43.77397091,46.12047061,22.80662638,68.83397279,6.823940897,1194.840292,apple
57.76189951,41.73022104,74.36826359,19.90472897,67.73663056,6.556955146,1169.336111,apple
60.12289289,36.73790853,56.40160213,15.79480328,60.5517203,5.956802338,1291.977276,apple
73.37049364,38.5879579,56.87234853,19.49298934,60.32987486,6.585343245,1363.781831,apple
71.10316296,40.07185033,47.72750512,14.37453193,75.56753116,6.383995638,1233.09306,apple
50.43756689,37.90511005,49.83989839,15.73775603,70.67018149,6.174708916,1375.606966,apple
53.67067407,48.16191032,63.28878601,18.52370235,81.97716292,6.702522288,946.8033362,apple
59.96442353,31.70615587,48.73628516,20.79684623,83.12736611,6.48833717,1495.133439,apple
55.82021961,44.06224279,64.71834624,16.40634413,83.98247637,6.137406355,1354.913751,apple
48.24755381,40.72067601,51.20434741,17.35897188,76.25702842,6.626732617,1301.764291,apple
63.73193632,40.40390363,65.55948103,19.30101022,67.49004027,5.991149379,1190.349182,apple
65.4565649,35.66923827,62.97759821,17.39572827,89.13174735,6.486814949,1313.58345,apple
60.18878917,35.1487807,66.25522537,16.53787327,61.11022904,6.031613359,1283.505557,apple
53.05010084,41.38963415,58.25981831,18.38245671,69.45871013,6.982325961,1232.759129,apple
66.8789636,27.57219813,61.78033511,20.52062059,66.98878424,6.737799863,1207.836202,apple
68.154473,31.58284105,56.60094948,10.96026719,78.8251639,6.35149916,1442.230746,apple
70.53048097,32.38569986,57.19875455,17.20161027,70.63866473,6.164628036,1024.848007,apple
47.10881133,28.96302084,52.8628128,19.93409917,88.49883552,6.828107466,1164.335193,apple
59.67024194,38.37409746,52.51518652,19.08349428,89.73505878,6.889034305,1470.18476,apple
49.53359775,35.36981482,56.54977566,16.30304754,65.59314786,6.287537624,1398.169422,apple
69.47002832,32.14626853,54.45096285,19.33567741,84.47499375,6.264929755,1082.72999,apple
75.71584243,39.68919151,54.39926614,18.46664384,86.32382588,6.295737103,1135.383073,apple
61.90576927,36.67228395,64.39029515,23.69557953,62.6096028,5.917151005,990.4432833,apple
65.89400558,30.24658104,54.39394135,17.97654546,66.60549606,6.3274629,1237.297992,apple
59.89051403,40.94196637,76.84621617,16.49587181,84.74042898,6.941291601,1011.363976,apple
49.07069155,37.31274276,61.60015158,18.86573724,79.75355504,6.77349406,1284.545672,apple
67.1111646,40.84647795,69.21439327,19.83801135,64.75815316,6.376558877,1061.073502,apple
55.40306453,37.47477759,62.78835037,19.13450075,75.22403201,6.563699689,1207.739425,apple
50.93429239,38.73126783,64.30322787,24.12922172,83.39536185,6.588860182,1133.103374,apple
63.5868157,35.23977025,68.05987963,13.9157663,87.96084317,6.351188795,1232.348332,apple
67.157545,29.8674235,60.88646449,16.01632436,70.37649171,6.339956044,1221.30045,apple
62.44734845,32.37097306,59.12641062,12.23348598,83.11222253,6.314933491,1513.526178,apple
50.346574,24.00597022,62.93342967,16.57751303,80.81046677,6.873951063,1418.423971,apple
58.51724814,29.26520686,59.23606466,19.79425792,79.15577843,5.99149161,1084.681988,apple
59.69609322,36.21669725,58.39175961,18.99749029,66.39314112,6.524735405,1161.766233,apple
66.33668504,33.28512086,63.37001207,17.91804616,65.56576547,6.614241782,1276.125537,apple
63.79844853,37.2385428,64.2848184,21.76593217,63.93734633,6.916400589,1281.900761,apple
53.12854998,34.75116745,62.49985292,15.8540347,72.90917685,6.486614016,961.537483,apple
60.85402943,31.59474171,65.60429033,16.15089873,69.31085877,6.407700387,1195.768492,apple
58.84643414,31.55920155,76.48186308,16.59504583,68.74987736,6.761933386,1270.909594,apple
53.55349238,34.76144322,59.97598307,14.71796671,78.54467203,6.674962926,1496.937515,apple
54.15787555,35.18830117,58.20542579,17.75594107,62.35735491,6.166126663,1153.149951,apple
71.98457685,38.20421431,56.19214007,19.62231788,65.02447747,6.591836854,1066.909114,apple
72.07986749,36.78962864,62.62175434,19.93076106,84.05184249,6.849850905,1110.794131,apple
68.7826271,35.98799802,73.83507248,16.04730118,75.79207983,6.376826128,1234.091566,apple
53.12282502,32.35350881,64.12457699,21.19975257,74.94587149,7.075847723,1272.720612,apple
60.25335652,35.60015663,64.09011982,15.10208773,62.16595227,6.863682034,1181.544428,apple
66.2191939,39.36579274,47.57112314,15.44546455,71.13116289,6.574817273,1374.516384,apple
71.22618461,32.70557869,67.19120556,17.89089267,87.02105592,5.955682573,1104.538596,apple
65.33665495,35.89637302,63.55239929,14.44754334,78.9468066,6.291479099,1265.967256,apple
63.29353458,36.30336883,56.33129897,16.09706712,89.14185282,6.607933376,1151.418337,apple
48.99672527,34.74788574,58.95513068,21.01013761,75.44452062,6.8829219,910.0477035,apple
57.58372706,29.40165053,51.36879016,21.28900923,83.20419377,5.981367117,1154.600672,apple
46.03228318,36.27086946,58.27166372,21.49544628,67.46142818,7.000253264,1341.703624,apple
57.67565244,33.25371148,57.85576633,23.88411929,85.32511347,6.620885207,1416.456417,apple
57.97794359,36.89863093,57.8207948,16.43898034,61.71260568,6.742543181,1208.657648,apple
64.88426718,34.5964171,60.5242346,12.33843139,61.24718577,6.546447531,1275.422482,apple
59.10946772,40.42933171,45.99387426,26.32363307,80.00592773,6.869394272,1026.682345,apple
64.08515937,29.73292218,55.84154026,23.42308884,86.04426763,6.682405313,1047.140032,apple
59.79408243,45.01703634,66.41977019,18.87159214,77.1182924,6.868508644,1397.838384,apple
64.25820148,29.28497544,70.88954355,14.75202139,63.19779091,6.835047524,1157.936659,apple
62.27066679,42.17590775,63.76268659,19.00739345,72.12420965,6.896490163,995.3986975,apple
63.98266713,38.50586371,58.01624331,21.89783597,84.53502649,6.540166653,1028.554278,apple
51.47984944,26.78129642,54.09891001,22.39892514,73.46080868,6.287012751,979.4850344,apple
70.94676773,40.04908545,55.41233103,24.38190145,71.39357341,6.519714041,1387.686171,apple
56.97170483,34.90032302,52.28837183,13.65707842,71.96468343,6.840856811,1606.625401,apple
69.22848546,37.8195456,63.96502894,20.41801075,88.66571088,6.415771437,1265.347422,apple
58.74068875,37.76536638,59.77542315,15.30734681,67.70329703,6.170469631,1016.068447,apple
61.19929434,41.96001143,66.12211071,13.55024829,81.48452023,6.298892145,935.5313807,apple
59.10487931,34.20388061,53.53866926,19.56127236,75.75490151,6.299544119,1253.296989,apple
49.38004178,37.20237369,59.86908134,19.5653882,84.17977649,6.307012248,1210.614732,apple
63.14640889,35.69607704,68.04102264,19.0879194,86.5261939,6.266002771,1089.516514,apple
50.64929819,43.74788372,51.70757843,16.03676861,83.41576546,6.767633873,1106.591975,apple
72.13048698,30.85903009,61.59651641,15.78428336,73.55303036,6.10413386,1251.636785,apple
64.22517921,37.06899549,58.76474894,17.63217468,60.70915758,6.908194813,1470.566094,apple
49.75368027,36.33875612,69.72995736,13.22495234,74.90300577,6.232108477,1473.186134,apple
71.18467209,32.23205879,63.79322053,22.61379043,68.22482,6.133073572,1081.450229,apple
56.0895728,34.01232387,54.93973035,18.09479985,84.01069523,6.577928637,940.684059,apple
62.20586821,39.16764481,46.70842905,19.05982695,69.99005739,6.731665967,1524.423806,apple
58.26334292,43.63416921,60.64289146,16.07081937,88.72875854,6.679585331,1046.554401,apple
61.12907216,27.93142752,59.25849292,15.43892835,82.68489987,6.938003158,997.576085,apple
56.44060599,27.96427987,60.48664504,20.21022151,85.26099883,7.273109847,1265.552973,apple
61.28032744,33.45441768,60.8902727,17.56800213,83.46084263,6.143135221,1051.708983,apple
55.30474861,33.80559626,60.58124269,20.00625251,69.16572932,6.132211131,841.1849012,apple
62.59052403,47.46499759,59.95952726,20.37572386,89.76474044,6.371719373,1277.328714,apple
57.07608529,40.83151374,63.78960671,19.69884999,69.14037417,6.441680081,1074.042473,apple
63.57673229,30.50766009,60.18787438,17.97416284,79.22916232,6.424951158,1232.92982,apple
76.43251757,33.49929858,55.6639131,19.50079721,75.07698229,6.144962112,1149.129216,apple
55.93658532,34.06514349,60.37766617,19.50079614,88.97466483,5.899197031,1092.24508,apple
40.74485863,36.46634657,61.88866279,15.75236797,66.48114548,7.010250277,1403.126975,apple
58.57704753,42.45363068,60.99111638,17.04492308,89.51036776,6.312116991,1131.511474,apple
57.55183856,31.46621621,62.01633143,16.22086929,61.86875394,6.55352466,1200.50767,apple
62.91292113,40.95323137,66.3303609,13.79278909,75.81124392,6.152009053,1165.173252,apple
59.14328346,39.94684719,56.61928071,14.68204808,72.42389258,6.680487576,1326.52586,apple
56.15659733,22.04478854,56.35837034,19.11011135,76.05930394,6.168631256,1194.8435,apple
46.93227994,45.30279308,52.04626697,17.88641588,69.74027781,6.442351313,1485.284747,apple
50.85399238,26.93219301,69.80780218,17.40691625,86.76254067,6.880775485,1013.196272,apple
49.33909009,32.96638458,59.41104894,20.61049054,79.1160443,6.747365124,1249.882097,apple
96.31984328,93.8661749,408.4189615,31.61510683,84.77796926,6.913715781,2143.421758,banana
99.7120421,99.55615781,401.7261284,28.92264608,78.15268556,6.69124814,1680.923896,banana
102.8225651,87.43929568,404.8507066,24.95292478,82.91076808,5.985207549,2033.068198,banana
112.0998725,86.95814896,359.4558056,26.29944364,65.53377153,6.340784806,1686.216157,banana
118.2979376,80.32826969,302.3517103,33.84324008,71.48352301,6.434076985,2047.277804,banana
110.2977019,85.07887662,404.2174402,24.55147301,76.98055275,6.552231243,2255.882661,banana
122.3371571,73.86062134,386.2725544,27.43975989,88.3791267,6.337335561,2205.241721,banana
98.16526777,85.99666886,410.6386763,27.43673587,64.27669665,6.825938517,1473.588265,banana
135.3812046,96.55291164,389.9273138,18.32287637,72.46329002,6.536796546,2126.855232,banana
107.7876703,94.45245662,353.5389652,25.1129047,62.90897013,6.665399729,1866.170822,banana
126.8199943,101.1262837,427.1833674,26.83970498,62.18204843,6.200836146,1671.954381,banana
126.7028652,82.09755455,383.4649229,28.98548019,71.97997741,6.607658168,1984.749007,banana
126.6698729,80.55333078,440.6940433,24.07742073,72.60033013,6.900338254,2070.736546,banana
124.5296515,87.35002188,405.3239243,25.77919434,64.1996213,6.926506223,1445.79529,banana
126.7032641,64.22274316,367.8111732,32.43055455,63.99029397,6.956032827,1707.814743,banana
84.97246191,80.6549909,438.0899972,21.22485325,77.26780286,6.465522925,1690.236824,banana
147.94458,98.28701993,422.6315663,24.29199217,60.75597284,6.901558147,1843.975322,banana
98.38141125,88.61457684,420.4947132,32.92885042,83.88730828,6.729021932,2366.635215,banana
105.17893,84.70145351,382.2848483,21.77380192,77.97897861,5.884197205,2029.889231,banana
119.9768464,83.10093349,433.1309919,23.97264606,60.71838796,6.713514312,2030.76955,banana
118.491626,74.17319697,407.7595581,24.47745341,76.51595042,6.693139661,1372.29125,banana
119.4914655,85.41502326,431.206967,27.61603434,77.9083567,6.400839266,2327.995935,banana
124.277143,86.61709953,357.6646304,27.95651951,68.06392845,6.290215967,1812.696096,banana
126.9674923,69.70993309,348.1343325,33.20915497,78.46262339,6.52375125,1676.623094,banana
110.7240683,77.3489418,441.3194669,25.67923441,60.41586408,6.945640146,2295.641432,banana
118.5686028,93.32849194,463.4430896,29.51358644,80.37199813,6.175540387,2251.783334,banana
124.4819328,83.1043645,372.5354838,24.6029685,64.14375879,6.500062222,2287.651888,banana
104.8978166,91.32648752,426.3932138,29.61937336,69.37794075,6.050141263,1896.196558,banana
120.4536988,85.92810502,394.0302238,28.31939927,83.45672739,6.753372792,2263.603028,banana
118.7292037,88.47441253,412.7322153,24.26176824,81.87929401,6.042380183,2087.869975,banana
93.62366334,85.39112418,463.2589006,23.84035761,82.35644228,6.332876909,1645.48502,banana
108.8894006,79.68102529,403.64692,27.25253114,71.10696557,6.640515361,2066.704599,banana
115.4783696,88.08384263,395.8755773,28.5260187,70.17721984,6.492325049,1817.830483,banana
116.1065527,81.21638683,433.0079485,25.04344771,86.26465951,6.760957912,1892.218608,banana
125.4407046,89.58997977,414.8257936,24.24782106,88.35072194,6.121867872,2307.443556,banana
149.6091173,85.07356782,365.1215042,27.09700903,69.36192134,6.62444952,2078.094553,banana
135.9031355,74.51776537,424.3793418,28.96807354,88.37249107,6.772289323,1893.432861,banana
125.3589194,78.98363894,428.1842033,30.8373988,67.56944208,6.478437132,2018.218525,banana
120.9759599,83.74797509,439.7235832,26.72094013,71.50191423,6.612963866,1916.465888,banana
102.0713463,86.7633365,403.0366956,33.02178224,78.12938947,6.925130246,1962.071392,banana
127.1114566,91.99557087,440.6064904,30.52456102,70.88948521,6.620471841,2152.057224,banana
117.0541032,77.26547801,402.4241542,27.6243185,78.94127933,6.194559694,1790.769824,banana
118.1283325,87.5634389,382.5144329,31.50734226,64.17762212,6.507965032,1933.957248,banana
119.1877622,86.84564748,354.3910354,22.82234791,75.61631512,6.837545803,1960.461539,banana
163.2412396,104.2326354,393.9516977,26.64554332,79.89438747,5.982190734,2436.467834,banana
138.6571112,81.81723107,417.0075882,25.38403108,79.46241342,6.100100824,1420.964034,banana
131.4401893,78.09836439,332.7170712,27.48354582,77.88150347,6.499083253,2005.26505,banana
116.9554889,90.1650759,353.0297691,25.63788029,60.00681115,6.261773108,2130.319976,banana
124.2890472,86.40049838,366.8283839,26.39498946,75.37178462,6.088834139,1627.590645,banana
139.4077442,91.72884863,396.4504039,25.48735838,84.07205353,6.26924989,1507.769214,banana
121.3791751,102.0173003,409.2452821,26.92573674,74.49696228,6.582757978,1593.600158,banana
123.845482,80.3108998,352.6282287,25.27620973,84.56607812,6.833941618,1875.60729,banana
109.5732868,78.66914069,340.9643816,28.57180793,72.52184347,6.806670487,1924.65922,banana
119.7877621,92.63341933,375.9243705,25.9600433,88.60208638,6.44989318,1918.325947,banana
106.0989641,75.23138539,415.4789955,25.16482689,63.67493586,6.202927684,2079.908169,banana
126.4666839,81.10148181,373.1758476,27.28359677,88.66344574,6.6953886,1896.896545,banana
123.4293196,82.99445688,400.2626728,25.91462983,83.08327738,6.286923146,1777.277597,banana
108.6373116,72.81028077,431.0914536,19.55573727,64.7963929,6.202404162,2128.403616,banana
120.46285,68.59579822,421.8325195,29.70266215,79.36603069,6.554468491,1701.094057,banana
117.0580967,78.81459989,383.2165279,26.68458736,68.21964298,6.37239427,1969.067763,banana
114.6976041,75.13307868,386.6700313,27.89764918,89.43772732,6.938259942,1858.622178,banana
135.9624865,72.6994409,387.3197581,25.89673942,88.14192419,6.893963698,2120.227023,banana
117.299677,80.59752461,434.536255,22.25675025,70.6787332,6.599201648,1728.907198,banana
114.0920683,94.84801163,390.729359,25.87603954,67.12449916,6.82629652,1657.064218,banana
141.4504114,91.90191408,436.3620557,25.45686829,66.12262983,6.970071268,1963.730851,banana
115.6274411,91.6756747,363.0015721,30.82353793,61.67222561,6.034736933,2147.83731,banana
110.3467956,83.37174707,384.9350209,24.36887165,62.69278502,6.146235489,1988.633756,banana
126.3055611,83.22106553,422.0908609,24.30953339,76.40031795,6.546629078,2249.029554,banana
101.4637077,86.31467866,363.421056,22.07691691,82.79470975,6.627081422,1966.018178,banana
128.2414547,97.57881411,391.9890588,21.43377444,66.80935618,6.60056667,2043.884057,banana
95.41608555,77.5806846,397.8640745,28.78763637,74.67145201,6.732773605,1936.762075,banana
140.177817,88.31690025,381.9624876,30.55623363,73.01082994,6.368982414,2250.407956,banana
138.5793937,90.92124252,414.3113608,28.26546549,71.85160014,6.458524226,1857.743159,banana
112.6088271,101.1665699,375.2672191,31.30545076,79.04232423,6.6953014,1815.807466,banana
101.1297708,86.82111702,433.6490596,24.18352854,74.47803707,6.205280507,1352.895842,banana
120.7969045,92.91269098,366.2064689,29.82644058,73.40179406,6.412446827,1915.903264,banana
132.804064,88.8540302,360.6876959,27.57418129,81.84349312,7.006239451,2164.598128,banana
95.19402667,92.20203012,380.9541916,27.65521183,86.92191955,6.383520224,1806.857813,banana
125.0553749,95.25185146,380.1008571,19.03231878,85.6364218,6.784473817,1907.653317,banana
121.2929357,83.79760048,389.0351972,28.19767527,72.91039597,6.671764774,1791.429547,banana
149.1212898,89.75422674,380.6450566,24.96204918,61.24491977,6.710049592,1530.820317,banana
125.4737602,92.33570899,419.621756,26.72024248,81.57735602,6.516436111,2192.209919,banana
111.8903132,88.02596356,410.370333,20.70116903,76.93249763,6.116609313,2086.659049,banana
139.440337,72.53167372,402.5661047,27.41357575,77.75150907,6.689367735,1737.586125,banana
138.1675047,98.67178803,500,23.25501989,70.03327581,6.029235227,2022.545659,banana
113.0412433,89.2239788,395.7706429,24.24671941,79.74922319,5.936938987,1882.184065,banana
93.66016305,91.25916212,331.1638985,27.0948586,82.11397242,6.490086115,1863.472249,banana
127.9581624,83.06412922,400.9750493,26.09907746,82.21990743,6.212168798,1992.199128,banana
120.240225,88.93858622,354.4380546,28.97522425,74.50494255,6.246527267,1968.315991,banana
110.4658237,79.91749364,452.5129825,27.09596938,61.85839556,6.171668958,2049.670002,banana
118.9457688,80.17396575,383.972207,29.32055999,72.65137853,6.479632695,1861.9855,banana
142.4610633,100.3658224,358.8239835,23.25948921,63.19870857,6.239614541,1935.049965,banana
141.3138415,91.68440382,428.7407837,22.27924315,73.66948648,7.040325322,1971.729916,banana
107.1522207,75.37611684,429.1209501,26.89865744,78.31089023,5.961371071,2074.911922,banana
132.4324649,81.54083093,423.3566871,36.38218148,62.98739141,6.95668122,1591.78054,banana
123.1375728,80.49914089,404.138553,29.36594764,63.78345967,6.987398646,2112.158941,banana
132.8264959,83.02490025,424.9966746,27.93089279,78.70515934,6.367951303,1808.122088,banana
130.1826362,94.39478342,369.5239563,25.08018396,82.69353264,5.987471735,1963.773855,banana
114.0540838,85.94283714,387.8961113,20.30847713,64.43875002,6.403320853,1909.591869,banana
114.5682484,97.2616129,387.8765628,27.16557019,61.03293926,6.937055833,1943.920257,banana
128.9502685,71.21686627,111.6328,11.83954035,77.84905072,6.454076508,789.3178101,cabbage
150.4034697,58.88518931,107.4722068,15.16074256,63.40663632,6.420724292,656.2660013,cabbage
127.6163228,76.58869663,126.2668488,18.31014599,80.10556402,6.473682346,597.8308589,cabbage
117.3386044,65.52361311,114.0823536,13.30663804,74.62321421,6.601258846,651.3522461,cabbage
98.52982508,71.27658291,105.5730962,16.98399284,71.30458818,6.696936385,999.3880234,cabbage
110.7662015,55.06632047,133.4197777,18.95415464,82.59640316,5.985209879,843.1584894,cabbage
131.6880784,62.40178689,136.6979515,21.40936672,61.13993512,6.411262933,1037.087842,cabbage
115.8634392,60.41062265,121.6579145,20.91266074,72.40249726,6.547555805,705.7104754,cabbage
131.4287785,77.70532164,82.64117907,19.30279095,77.79813279,6.077009695,842.8333523,cabbage
138.2048753,63.12700846,113.3040561,15.53912822,80.38524068,6.756765107,674.4148995,cabbage
124.8326651,60.75088373,122.4289417,20.6756329,70.55480691,6.646944557,593.1195933,cabbage
123.4537176,65.039528,113.9979344,9.291218034,80.47437199,6.425461868,669.2590602,cabbage
119.0906329,53.27733806,118.9834798,22.49064082,70.06429832,6.524848522,653.7086234,cabbage
129.7966479,52.81475856,118.163452,13.5787233,89.05841446,6.578742968,775.0813287,cabbage
134.9790305,70.64161748,122.5714912,22.55526609,83.92466933,6.084818876,850.0940033,cabbage
137.9976595,85.51412514,139.3560784,16.52910477,62.99289012,6.352030983,898.6650969,cabbage
118.4854918,61.81180131,107.6676558,18.80632737,87.72103477,6.249363592,892.274186,cabbage
139.3822423,59.50420243,142.0099779,20.92764625,71.6749385,6.570977765,749.1759945,cabbage
114.6993507,53.46234984,133.1697135,15.67318092,82.92037877,6.383387702,723.0180024,cabbage
119.5669153,63.17718323,122.1817835,17.90987653,74.09406227,6.621183662,714.7901758,cabbage
153.7382622,63.10089534,116.9228513,15.60903999,88.32671023,6.061300529,867.8413857,cabbage
129.9618831,66.90644483,120.5377387,12.6557253,88.76071962,6.635605992,655.6208792,cabbage
140.7720724,73.27190086,102.0676295,14.77469086,80.52629012,6.4014641,587.1989416,cabbage
119.1314889,68.73597969,102.3937583,19.15740833,83.70222381,6.418845081,777.7353683,cabbage
121.3743763,65.19983349,109.9916424,17.10135177,65.6504062,6.865256406,750.2876801,cabbage
125.6738839,57.23310989,104.6014129,14.15078403,79.8575319,6.839404908,733.2488147,cabbage
125.5801941,60.86124123,132.3072644,19.21828206,67.58038883,6.607081854,517.3672936,cabbage
127.9254714,60.40841341,113.0024374,19.21459708,73.91489195,6.3294813,884.4406745,cabbage
113.5382858,66.19514692,105.6579936,19.00974914,84.91749975,6.164734645,646.4689077,cabbage
98.09065227,54.10915643,126.404325,17.24688861,82.52785181,6.537136976,714.7978104,cabbage
132.4408881,65.52951587,129.3767177,12.6786746,75.02265824,5.745588277,666.2727345,cabbage
128.7203197,58.72578837,127.5476208,17.81976242,67.82425282,6.599999138,769.3502198,cabbage
131.1598821,68.07081322,113.8976401,21.21442779,78.0037182,6.531241798,608.9327178,cabbage
130.1014792,58.01722015,87.03405789,20.34440224,68.06391289,6.705670607,789.1203466,cabbage
122.4040674,57.03220248,112.122422,21.73512302,89.33687963,6.213173379,724.8877499,cabbage
146.3186477,61.87317308,117.9198179,21.77125468,77.80820478,6.70564323,596.9865373,cabbage
122.0979542,73.13755491,92.37153179,17.38520258,65.44492885,6.666013238,690.5195397,cabbage
130.0735368,66.74308176,114.0566432,17.05393747,60.18262593,6.528577188,750.2104091,cabbage
105.4754315,74.23703835,123.9359382,19.18464447,60.46245498,6.356742268,856.1960295,cabbage
114.3716111,60.49690316,86.85781598,14.88148989,68.66661898,6.630630192,673.8006378,cabbage
106.4159307,58.21095289,113.9287677,16.93842311,76.53991649,6.890998039,843.584959,cabbage
104.4255073,73.44722572,136.2894419,14.57365579,70.48342922,6.363202053,604.0084454,cabbage
114.253384,63.01162057,123.5788436,18.75285306,66.59250901,6.520306376,732.7308242,cabbage
113.5576894,54.10036875,127.8895697,19.70812247,66.21254475,6.285566706,705.1075972,cabbage
127.4098957,82.11743701,128.0720601,19.41791929,84.20144304,6.199379075,924.9156015,cabbage
114.6200276,71.85035003,139.4457694,18.2441281,72.97927442,6.579702085,747.5592123,cabbage
145.2816437,53.65970851,105.2072593,23.13813423,60.4850862,6.455349918,753.9193739,cabbage
113.1575416,60.6836218,113.9330288,18.46879872,69.40216684,6.563994287,619.4208051,cabbage
136.6926327,72.63186485,115.1576592,17.35074387,62.36050971,6.656848019,737.876057,cabbage
110.5603607,58.15404906,122.9845356,15.46129901,80.39618622,6.733663677,793.1579882,cabbage
105.1023065,64.6542408,132.9398461,14.22520611,78.39365921,6.990789497,788.8097583,cabbage
131.4948053,67.5884769,138.7117154,19.2998524,67.46121468,6.663597034,783.8229703,cabbage
137.5467656,60.51012635,117.5058998,18.28638612,77.44524929,6.485263367,755.4873425,cabbage
123.2232108,56.93445478,116.4551122,17.73399717,76.24924523,6.291406597,722.6324465,cabbage
129.1767961,69.56449149,110.5928274,15.46188098,66.25582621,6.657082511,791.6688692,cabbage
102.9653298,78.14475725,109.886698,17.60221934,60.94371586,6.35813818,960.1783142,cabbage
146.9623213,80.25980946,117.4269151,12.65365475,74.12280665,6.793789457,702.298107,cabbage
149.2811941,56.37691852,115.753576,19.62189218,61.04947465,6.277538807,637.9090515,cabbage
123.3883692,70.80875816,125.2250835,14.89620612,82.06242077,6.341882896,634.2931913,cabbage
110.7628135,54.38547596,121.9654598,20.44135854,82.14575692,6.378342203,748.8093466,cabbage
120.8451119,58.93008072,107.8321574,20.10416968,81.65728722,6.409798377,898.4315441,cabbage
112.2763651,77.39483173,134.834188,20.25487188,89.75779855,6.246828609,544.6714637,cabbage
114.0560625,60.80231386,127.0124971,18.73167282,71.83814855,6.357956943,651.246976,cabbage
95.98967388,61.77804835,130.3090868,15.38128897,60.23534764,6.858406255,772.3359169,cabbage
128.8289167,52.51137086,135.9228598,21.90330619,73.37548903,6.750350728,696.6416753,cabbage
109.6623149,74.34199387,122.3169227,15.44770545,61.54986527,6.799294633,660.0450817,cabbage
133.3442733,58.48606606,108.6983038,20.45578386,81.8646654,6.349078182,920.176711,cabbage
121.4401616,52.74607755,122.892591,19.96437379,65.18767493,6.321298185,959.3612323,cabbage
140.5978862,70.03414522,138.1467561,18.19437405,81.66466738,6.236708963,790.4887534,cabbage
119.5119645,55.58296526,131.5342865,15.54153978,81.64888908,6.626091266,686.8484389,cabbage
93.64237908,60.87320752,115.9420684,17.0612131,79.85671664,6.241944154,766.070121,cabbage
131.5647117,73.31564846,121.2231983,15.98360202,62.54028466,6.612703084,774.4633741,cabbage
126.1005591,68.61456341,96.3747109,19.91061048,66.53397345,6.773837299,578.1476864,cabbage
112.8081903,58.90383088,99.14393465,17.43855359,77.65931009,6.53495534,777.8248747,cabbage
131.8076944,79.84737322,101.8043157,17.84257843,86.84131366,6.413646144,725.2047137,cabbage
110.5650595,69.54491234,116.1266211,17.76332333,64.11203828,6.746965396,803.5738212,cabbage
132.2369093,62.41336553,111.2421938,14.7650548,64.52210979,6.191859859,966.3505672,cabbage
138.3394624,69.96215828,148.6813696,20.31085815,88.05750943,6.257879088,588.7935947,cabbage
130.2673348,77.55122701,114.1486668,14.58281548,74.03514039,6.189266663,713.6671592,cabbage
120.6425167,65.64974249,146.7359512,17.37712423,86.91848016,6.399970085,681.9639997,cabbage
138.741968,66.67282117,91.96532411,15.97938106,68.78173314,6.622292158,686.2619358,cabbage
118.6327764,69.50647932,147.1582956,17.3346444,73.04952538,6.332173102,760.4064563,cabbage
116.2506187,66.02849278,125.9278933,19.30150572,67.11231863,6.446344834,513.7554443,cabbage
98.82174336,71.01689132,98.17029457,20.24646354,61.66472163,6.618203767,432.3803502,cabbage
122.2152082,55.41882121,124.3246095,14.89101241,87.99776003,6.652150541,668.3316026,cabbage
119.1709326,63.01686822,115.9541415,15.59807651,65.20610759,6.201656058,536.130114,cabbage
133.5727607,54.19959423,117.6175882,20.25867324,65.77029469,6.673116085,697.6760069,cabbage
101.0964508,83.81357122,117.7738823,14.5092633,68.3547601,6.508551171,650.2937918,cabbage
113.9067755,53.26477693,121.0277148,21.16708275,70.0264588,6.650725011,681.5852577,cabbage
112.2791786,83.81546917,111.2238093,14.6343571,88.7953028,5.880801983,808.4605011,cabbage
140.257818,65.97218126,106.2519193,16.46061826,77.54808355,6.810602327,862.5714006,cabbage
116.0453119,72.32889322,146.6634111,14.83685941,79.98915969,6.145153911,776.1327464,cabbage
129.8235113,70.15716942,111.6102165,26.74232765,63.41814549,6.439129295,676.335309,cabbage
123.2207316,64.16068955,128.5780024,21.42290848,75.52944267,6.290951287,718.9866907,cabbage
134.3639156,64.85114871,115.5386153,19.69689871,61.16917092,6.863687384,969.4221337,cabbage
127.2918627,69.9841815,121.7473222,20.90760967,89.02941278,6.499847879,889.6064974,cabbage
140.2148824,52.43705879,120.1336154,15.9339167,86.1267171,6.409876915,586.2850465,cabbage
118.5429798,70.60231414,108.7854916,11.98998043,75.583583,6.796856788,810.8101656,cabbage
137.5490144,63.34525678,92.51459435,19.29108792,79.73852484,6.614998654,951.2833266,cabbage
106.6846575,56.78021173,109.1039857,20.67125576,69.30065539,6.127438119,767.0816674,cabbage
74.67919207,48.76748829,74.94252199,20.51983362,72.62280623,6.398961893,675.6286729,carrot
61.49141378,40.01634026,97.63242849,22.24604444,67.12863653,6.766356024,600.613145,carrot
60.3488895,56.62919154,95.28036005,15.69469345,65.51216778,6.197512962,602.5627672,carrot
63.09731596,54.10569865,89.85730822,17.4105249,60.73968167,6.5134359,689.4930062,carrot
69.92575443,48.95727147,97.6366815,19.20221176,70.99369939,6.587991436,471.6146113,carrot
76.14494996,55.11325288,100.0183121,19.20150887,76.20197146,6.615206782,593.7911302,carrot
73.68492147,51.55523361,91.21478579,18.94206781,76.46816036,6.317925439,547.959701,carrot
57.90804565,42.86704966,79.48468766,12.44470576,62.96599015,6.534372527,572.8703437,carrot
45.36913758,60.49724239,100.8648012,19.33727955,72.83078727,6.644115655,613.4515672,carrot
62.86054518,57.85534297,79.26949041,19.4426252,76.81566555,6.504898032,638.6166498,carrot
63.71091391,54.75918296,90.99014449,16.43275581,68.23718087,6.789409751,534.3385469,carrot
57.54573982,45.86832229,89.36977023,18.64765787,78.04128634,6.877642129,806.0422698,carrot
67.10003134,53.99389457,100.3700532,17.17355305,65.43188697,6.709117463,606.1595855,carrot
74.59247788,53.03594629,99.88638522,19.34203668,88.3346364,6.241732607,546.7393243,carrot
80.79589455,48.99781084,92.00033787,17.79896987,80.84902382,6.080209575,559.577671,carrot
56.24913692,46.94854035,88.44730696,16.78129872,73.84977542,6.282904178,503.1871402,carrot
70.14523859,45.51057174,98.87803936,22.19545198,71.61653571,6.329971141,539.8989879,carrot
57.56954344,50.37274717,109.8155025,13.38102174,75.66220713,6.666607212,400.8859851,carrot
61.98974839,50.81660617,90.87357425,15.80756062,63.14817541,7.08602312,656.068066,carrot
70.06003325,42.8421567,94.22405083,14.45355225,72.3587904,6.241910026,577.6333428,carrot
67.75511051,46.23100032,91.43405961,19.72607017,81.47550047,6.236411096,687.3395536,carrot
54.6373694,45.21097974,91.18459549,14.60434086,77.79317865,6.192725448,609.9988164,carrot
62.20714051,49.09777177,77.70504842,16.7642303,76.848976,6.6061688,791.1923239,carrot
48.31547872,42.20901713,85.54942656,19.62567846,82.02655019,6.343248095,749.8546361,carrot
62.735583,37.53512225,89.36696777,17.76423482,75.12530461,6.353481882,658.0518546,carrot
59.76390971,48.6651111,106.9688982,23.97008854,85.49927301,6.500975322,617.7908391,carrot
56.07776357,46.48230816,90.03582602,17.41600891,76.66556,6.506163353,731.2688178,carrot
66.81744005,54.72758097,87.89695505,18.61053108,85.66008391,6.181853791,650.691572,carrot
64.66496055,46.65338693,101.0646177,14.24935192,85.18888163,6.167749366,409.6137525,carrot
63.81316054,56.15851902,85.21101668,13.66523249,81.48275753,6.393899662,545.8379237,carrot
64.27487314,46.11251446,94.86741502,18.59194024,67.10783585,6.851630804,694.4042148,carrot
55.19445702,58.33805412,92.95112767,14.37995084,74.51041337,6.356699965,767.7625442,carrot
54.44473337,43.40232689,83.13395468,15.46293207,62.84491317,6.401665764,590.2514774,carrot
69.89494489,45.02375761,101.8100053,14.3244495,81.50652527,6.674666319,609.2743066,carrot
60.85807758,43.64561663,93.62995703,14.47910882,81.36563946,6.639514773,406.2025453,carrot
59.02939249,61.59327874,94.10831963,19.60678619,61.93996632,6.054108605,661.2171619,carrot
69.74407769,50.47779036,87.57624542,20.88663174,68.74541575,6.564054745,443.0326875,carrot
66.0586891,43.36960502,81.40174529,21.89876543,62.7853526,6.004208518,608.7204992,carrot
75.39419709,50.90327582,105.4132114,22.00199456,76.23090867,5.853869646,612.696908,carrot
53.80416058,48.84519046,90.01543968,24.83953645,63.09901433,6.468291707,458.7924394,carrot
66.37909637,56.44093107,78.7165843,21.81744999,77.14234179,7.161737606,534.354108,carrot
64.91891527,45.64864063,79.75748689,14.3934949,88.82752295,6.312306308,505.3435481,carrot
74.42105516,50.2053809,105.4075238,16.42055294,85.69122295,6.201538486,441.3904808,carrot
73.68161766,47.00693456,89.16921559,17.40721629,80.38225673,5.893649662,786.8527188,carrot
53.38485293,51.22746266,90.69085193,9.56811505,87.03567366,6.702050624,560.5875529,carrot
56.33856995,44.21146179,74.66987333,14.20909779,71.17013455,6.836528656,448.5426491,carrot
67.28365701,48.22717204,88.97351427,22.09082189,85.58189896,6.239728468,821.1403576,carrot
72.54704919,51.01546529,90.82874454,18.86896056,82.9216677,6.340158335,762.9318517,carrot
49.5990824,46.52155562,77.91517796,19.23625039,78.80748838,6.120584685,528.1801239,carrot
66.61776793,41.40938861,83.8306753,17.92284278,60.21757284,6.337610939,378.239092,carrot
57.98251092,41.55148874,98.26145616,18.96495798,65.52390069,6.231076516,592.2517226,carrot
69.67870384,46.88572868,97.64329614,19.17819282,83.90734697,6.896268747,533.4954082,carrot
57.86881183,42.09385601,91.82914564,12.43880328,71.73998509,6.465840259,628.5740161,carrot
69.1874027,52.62539225,69.92639148,14.8169682,82.43237463,6.560593744,629.4418978,carrot
68.11377838,48.2494956,102.813834,12.33088955,84.94306858,6.685184161,539.1539919,carrot
72.43508227,51.45416246,87.05288961,14.343545,84.98529279,6.933290415,528.5958256,carrot
72.75739486,62.07014986,102.1494411,18.31731115,67.04845689,6.106215012,580.274936,carrot
52.68875659,53.78796212,86.44508337,11.83625393,60.80311757,6.59120486,539.9493365,carrot
73.91069755,48.61196495,82.12277567,18.6788768,83.42799539,6.505193005,624.5432724,carrot
55.86122962,55.0870801,101.2182749,17.41023181,65.02268843,6.37080637,433.4615362,carrot
57.91195509,59.69692307,104.34001,15.34008249,66.77960297,6.16902584,646.251924,carrot
65.75486603,55.01759023,83.90046089,21.2404325,77.77975944,6.725879034,599.2325936,carrot
72.09940892,56.09911865,90.65784689,16.19751108,74.00974362,6.457878001,622.2802102,carrot
59.96425474,39.54079138,84.71603228,16.90293905,85.7224454,6.867564015,617.78298,carrot
60.58526912,55.36570625,81.67523378,18.28605082,87.45755652,5.945825166,450.3011011,carrot
61.88938452,37.5218992,83.10212455,13.89525227,83.99841146,6.329772021,687.1724424,carrot
73.90457965,49.40952622,96.84714854,14.76913638,77.47655089,6.872832727,616.4776529,carrot
62.62298883,45.04710602,103.556619,18.49977174,66.4932925,6.359505668,727.2198554,carrot
69.90131054,45.29016333,90.32264811,15.31850034,61.91627352,6.892568785,432.703839,carrot
47.35914507,58.30609232,75.36373542,16.8597841,73.67647765,6.515403868,674.8936114,carrot
77.45118248,51.34263039,88.06844775,12.06484525,89.05988739,6.197377064,645.1368031,carrot
62.44962112,47.4695995,82.32928649,20.99947056,60.6416654,6.354982467,452.1997745,carrot
45.90589328,42.61001939,74.29674186,19.01013689,61.56554976,6.457075248,458.9735472,carrot
61.77672218,49.95509229,86.45145427,14.92417371,80.51192081,6.362526643,454.5107835,carrot
73.09941953,50.95619291,81.73634715,16.82331117,74.67816678,6.340736865,630.2150237,carrot
62.44006576,49.68013377,89.80839502,16.42715517,68.94591894,6.608495037,709.9584464,carrot
46.26252888,42.49935782,84.19258909,17.98955745,86.78380069,6.918248279,725.1528869,carrot
68.80979609,54.2109014,111.5974231,15.11159471,80.64854011,5.49381441,757.8945093,carrot
71.62298769,63.37605758,102.3746459,22.73502803,81.57589682,6.601815415,820.9387126,carrot
60.59491696,62.6818876,110.6068893,22.08914496,89.16146894,6.084479345,436.8932375,carrot
58.82364443,55.38493037,105.8033977,20.74970284,74.13710062,6.448545309,703.3628335,carrot
69.72085379,47.94873709,88.44951341,18.50059574,60.77883055,6.413745196,550.2947513,carrot
65.45579054,52.9427984,98.53015188,17.16564041,73.59408994,6.629400205,583.7440383,carrot
66.64623857,51.33940625,104.761901,18.18796348,65.38060078,6.596695967,604.3900533,carrot
72.75444433,45.59439202,84.2481355,17.96429753,82.89058193,6.642940335,491.898793,carrot
56.88476387,45.05669715,99.99631044,20.62962154,74.98213684,6.16975436,593.5796205,carrot
51.88642482,52.48054319,78.84753464,17.16506923,83.55995073,6.437563879,577.2126871,carrot
67.34962665,40.46846229,83.302447,21.10618935,62.54009443,7.048451651,576.4835122,carrot
59.25602814,45.433359,84.50873519,16.21650683,70.20675725,6.581482653,590.2618994,carrot
70.70936949,55.89416214,86.42033111,19.04680148,86.13510996,6.372920904,579.2838311,carrot
75.58406688,58.633381,87.17875057,16.10740947,89.78443387,6.887397018,690.1296211,carrot
57.1415883,44.41437803,83.09522288,16.21031121,77.24267072,6.831622898,546.6155356,carrot
63.7530338,41.08681361,89.87634062,17.01503717,61.67514663,6.209584729,597.9160447,carrot
77.14352563,53.47069812,92.91051901,14.04077755,84.42632695,6.729570915,660.9737723,carrot
76.82553678,37.00273218,96.67218939,20.95120813,89.86560685,6.176094274,510.4782856,carrot
71.05199894,43.5760573,92.01054987,16.96337178,80.80277526,6.220725646,515.5297001,carrot
75.965182,54.31162624,90.82864842,19.42001003,87.25966684,6.975612047,587.3339118,carrot
62.73254669,43.50139415,80.66058093,14.926545,63.6976686,6.191162248,546.6456374,carrot
52.37988281,53.65800318,89.17486481,12.88437718,79.58067118,6.477877893,592.2546993,carrot
77.94024433,39.24440399,89.40100476,13.13185785,62.22357523,6.488193286,547.2933882,carrot
53.17560169,33.57156726,70.83553539,23.59581242,88.88927827,6.453644801,1710.82726,cashew
56.026423,36.90327711,47.97942159,27.24694859,64.83491064,6.15143501,1465.18034,cashew
57.28656072,44.25390571,52.22683876,27.25672629,64.19314983,6.582752847,1507.116212,cashew
58.12757496,32.3538215,60.45752133,29.65547827,72.24800322,6.127686372,1325.370842,cashew
64.58601389,33.26419259,66.118481,30.02541524,83.96247447,6.728713975,1264.69863,cashew
69.89042161,33.95121235,66.88664053,23.55958246,86.46637235,6.276485613,1474.767085,cashew
45.64274591,36.12210019,62.33076887,27.33374855,74.56824954,7.198563443,1423.607401,cashew
58.15699164,32.77654433,61.58980106,28.46982067,60.40332132,6.711748512,1328.959604,cashew
64.06823337,37.37371052,62.51703155,26.54489892,76.58840681,6.767455811,1771.687624,cashew
57.63606245,32.27223699,62.98108942,29.95629229,85.14447496,5.719173887,1549.94533,cashew
57.29313897,37.68589907,66.2947656,27.48790512,74.20618941,6.755715634,1603.473625,cashew
61.91653117,35.79923025,51.55295265,26.48478657,61.43433191,6.301775671,1429.57193,cashew
51.2500754,36.20704558,62.16834451,29.9481579,70.74255906,6.516946176,1534.996547,cashew
63.70417882,30.08916525,57.31002804,30.76016901,85.84897819,6.344460344,1377.183108,cashew
59.62735689,34.60704602,61.37785086,26.67675636,62.34329066,6.868493784,1087.219741,cashew
56.9532412,36.12705071,71.31194066,24.16193661,70.52155528,6.684879569,1229.347026,cashew
65.08761534,39.61240585,60.82917415,30.99527724,66.1280266,7.017145922,1544.080067,cashew
61.0970526,36.1237106,62.76335147,23.8322461,69.96520379,6.207292765,1335.842312,cashew
59.24116818,37.16486464,61.09282709,25.14335209,65.68043171,6.813967654,1439.829914,cashew
65.38260274,34.26521612,43.15033753,26.87121166,82.51166781,6.437808916,1861.865477,cashew
69.62895608,26.63797737,62.58098877,27.00139998,84.93253222,6.430030736,1558.635908,cashew
55.00564897,39.35267772,62.05812263,26.15257987,68.27767659,6.106266276,1396.231017,cashew
48.07325073,40.03558912,68.473534,26.18231642,86.64533731,6.648267666,1245.620168,cashew
54.90864894,39.85273726,64.39034401,20.75129368,64.04624539,6.281557492,1532.494618,cashew
56.31383989,29.70926784,52.15312246,30.90588627,80.17946218,6.03203555,1575.053138,cashew
59.81321585,41.03501619,57.64777396,30.02704315,89.54056662,5.517698594,1767.455835,cashew
63.27335964,36.6491153,59.58815958,27.40856955,83.96113722,6.575846318,1259.223471,cashew
56.63786687,29.70982371,68.13835069,31.3469959,63.62215058,6.726183218,1187.522391,cashew
63.48013757,32.2839925,58.71462608,23.65120519,82.43295831,6.695549857,1508.826848,cashew
50.96529728,25.77559814,63.25014706,31.2602763,89.23827633,6.719107032,1552.377904,cashew
67.07200048,39.49780688,53.21164066,24.28509207,83.48953949,6.681802925,1205.597025,cashew
64.82607978,32.13791207,51.81913909,28.00659989,76.26106157,6.180215013,1303.000746,cashew
56.41370689,34.08549216,52.23038983,30.67665498,79.38030873,6.958351497,1310.392566,cashew
66.12961611,40.53046261,62.14305857,25.0226153,68.39962648,6.475338406,1431.779964,cashew
51.84170102,22.61246941,53.07639429,29.78199549,69.45841539,6.555954131,1434.191316,cashew
47.20471614,39.32270335,62.2332237,31.5997775,74.07734838,7.256330537,1531.408933,cashew
51.53007836,39.81613267,59.28010876,26.71754719,79.18172658,6.419090377,1666.672908,cashew
63.45151939,31.66607618,66.81840371,27.75723816,60.46244875,6.379427671,1529.778296,cashew
37.49613933,32.75174903,65.09268606,26.02401383,65.11299606,6.904051533,1391.285859,cashew
57.54831998,38.83088799,54.9831859,27.38437382,67.73610011,6.406476098,1397.328743,cashew
57.69263819,39.24822391,47.24765764,31.44323692,73.76749573,6.111409794,1809.473944,cashew
59.88309394,31.39348625,65.21871217,29.31002764,76.95053307,6.831842231,1486.424002,cashew
64.50327232,37.88758477,63.37725114,29.7798834,73.74043873,6.404937184,1659.586296,cashew
56.83376919,31.73866748,72.67909742,26.72907241,89.59195729,6.78677752,1038.779096,cashew
78.0987796,42.50939567,58.25994184,27.0235659,60.05174466,6.185141093,1609.313998,cashew
60.50548621,26.15456134,63.08731287,25.7729338,86.65295115,6.428056415,1689.642963,cashew
57.6423163,36.13662953,68.64865023,26.80155965,84.51381847,6.418650876,1583.701674,cashew
59.12338792,30.98098276,59.30497123,30.21957697,84.87860033,6.213513426,1613.228862,cashew
57.96888111,38.1025045,41.80397077,27.01301315,65.15503671,6.121645885,1412.607073,cashew
56.26296954,32.3479563,69.58113237,26.86755431,77.06910101,6.593642832,1634.831435,cashew
67.29708303,41.18244756,72.46759129,25.751995,62.09123239,6.625675611,1581.394127,cashew
65.30786597,31.21607791,64.74890178,28.45286389,60.1344508,7.129760818,1501.894985,cashew
62.84104373,30.09805874,74.23547416,26.1586377,64.37607381,6.325227295,1406.929972,cashew
54.90701732,31.34994239,70.95111012,24.20015216,73.14095349,6.745218381,1654.317363,cashew
67.84805858,44.17067282,48.19051632,23.92529221,68.90556103,6.237261611,1323.677223,cashew
60.57284406,37.5270978,46.91646337,25.81486732,65.48662953,6.417640188,1311.72209,cashew
56.72795689,29.34506306,59.16120432,24.31727168,68.15083849,6.260322135,1456.253159,cashew
62.00528474,34.7763247,65.28930135,26.09808397,85.29597425,6.802261422,1567.641711,cashew
59.53432088,31.01257251,62.53680204,28.72675222,82.81506013,6.76860907,1507.33766,cashew
62.27484422,36.61263132,51.95080399,29.67229005,61.06889386,6.544521805,1612.610742,cashew
54.68812512,32.70800818,62.32909036,27.8552487,84.43523904,6.064066698,1736.021047,cashew
60.48092036,46.57366152,65.26514019,27.12349337,60.94845034,6.473889717,1414.088454,cashew
56.79891811,35.15070331,60.74654622,25.85825214,84.18335453,7.08973039,1163.969812,cashew
63.08524924,41.27825959,63.64958514,23.66798005,78.84838377,6.744808618,1737.070493,cashew
60.35589515,38.14051485,55.46149622,27.73066364,71.41727824,6.752509713,1664.372233,cashew
60.37677036,32.2111076,68.86704399,24.78146146,73.26311239,6.070107967,1708.955798,cashew
54.90100514,26.02008633,61.58583438,26.36348003,70.46093686,6.794024938,1462.748157,cashew
80.68922937,33.81619467,59.30989097,23.80645513,89.13888682,6.023425252,1263.184336,cashew
58.64554314,34.19673357,65.67321786,28.89326056,89.07038891,6.255280276,1630.355502,cashew
51.45257459,29.56038811,61.18252894,29.11539816,66.44613522,6.675056438,1101.911423,cashew
54.43774542,31.54472811,60.78900134,24.99159892,60.40813186,6.25760085,1474.970725,cashew
56.73642219,34.49577591,56.9754382,28.30987968,69.84926131,6.626689147,1595.183771,cashew
54.862547,42.60320048,57.90265702,30.82546406,70.38007239,7.039459492,1447.049378,cashew
56.56373806,35.13301561,66.74042059,26.79275002,70.84770799,6.561405743,1601.658565,cashew
58.45420996,33.28991327,52.31011646,26.07490847,74.84734814,6.699143179,1493.751538,cashew
69.48861299,33.34881444,59.86648535,23.32593487,70.43219347,5.940165736,1298.616081,cashew
58.75222968,41.38131994,62.47471176,27.04557749,61.79937817,7.0160248,1488.662852,cashew
62.26564926,29.68528635,63.51526613,26.06521463,69.81298996,6.820364486,1221.152665,cashew
56.12279491,30.72236156,47.9151469,24.41866681,75.74631654,6.943024032,1831.068429,cashew
51.25050883,40.26225316,62.32732002,25.74990331,85.52341148,6.307552661,1248.334472,cashew
81.91840792,34.29425164,57.82840738,27.28333616,81.64431248,6.482663073,1380.262793,cashew
58.74026331,41.34593629,61.7441229,27.93843656,72.34534809,6.890373022,1517.920833,cashew
51.4750943,28.87053868,60.10082174,27.84080742,64.22086272,6.467461707,1247.412256,cashew
59.68194562,32.0869774,69.42516485,25.97435991,70.64825893,6.228728786,1530.078024,cashew
61.51028501,41.48958253,68.41718271,26.85624258,88.07922254,6.382183657,1464.675178,cashew
66.01328969,31.15786659,62.68848185,28.27580103,78.93197335,7.120956374,1520.777232,cashew
67.32975848,33.24169908,67.90004656,29.65377289,76.07807979,6.393307359,1582.87004,cashew
68.70315294,32.20578651,66.66957785,26.95340436,70.39197959,6.781317134,1452.718963,cashew
68.77563225,20.45669628,51.84833148,24.71091926,79.67846133,6.288677791,1595.39449,cashew
65.65691965,43.02049111,56.09106132,24.96105786,72.26959511,6.823781428,1732.516984,cashew
70.3810726,35.93503861,64.17288064,30.42467056,83.6097025,6.762690134,1442.901731,cashew
67.73308311,37.06740808,50.14620606,27.60735978,76.27230386,6.983975544,1342.07821,cashew
68.3537214,34.54878559,67.84007323,29.83692154,66.51466,6.286447326,1681.752946,cashew
52.54431849,35.54903676,52.28078379,27.31452488,76.59113532,6.10501602,1767.489084,cashew
67.12964925,34.97928708,61.231791,26.38020994,65.12263653,6.329714108,1737.858375,cashew
60.47692108,40.39297558,61.36600572,26.31004464,65.04307649,6.905335513,1380.113052,cashew
59.12949695,37.30665357,57.0942843,28.1608014,84.21539311,6.138990365,1592.523468,cashew
55.02197402,32.99756378,51.6754101,25.76719187,79.31993861,7.277672139,1715.987977,cashew
60.08383846,39.33697246,49.08798757,33.30843333,68.06712914,6.457917284,1397.728127,cashew
60.48407223,31.78301469,62.21879866,22.22828072,64.02890893,6.318575189,1320.376011,cashew
44.63758999,36.12894017,77.18509027,25.12797082,87.46550186,6.104854444,1685.198735,cassava
55.12410292,35.18153671,94.59507767,31.9000188,60.55397715,5.854406271,1650.509694,cassava
51.44982322,39.53926192,86.8555621,30.31375055,63.40194982,5.386559432,1119.163316,cassava
43.67306473,35.61290534,91.25508874,23.47106079,76.11624538,6.62247006,1444.890223,cassava
66.17452003,36.84176002,99.7726337,27.44923845,60.52166229,6.299415218,1473.357022,cassava
46.06920492,24.51047658,89.16894692,29.74167722,75.42621523,6.21245302,1619.623118,cassava
57.64641912,34.67564279,92.07920067,29.46487096,73.33816798,6.30766602,1641.041418,cassava
44.24793824,35.39874834,89.18506134,28.95523653,70.90001346,6.610764991,1682.089639,cassava
53.48296807,32.75701563,81.18181501,25.52196095,72.19199559,5.266937713,1580.687987,cassava
53.39100362,39.85107871,93.27873606,17.6064117,67.17530385,5.447851185,1850.847773,cassava
36.25651259,30.99912351,90.16700867,26.08716766,70.05743507,5.6953399,1246.815785,cassava
50.1538837,29.47033388,99.81070924,30.62554843,84.11264843,6.464109332,1033.339283,cassava
47.97027986,41.53567712,84.28264177,31.40618291,72.53208584,5.721798061,1589.050342,cassava
42.30118088,31.62099573,77.50523511,25.36774504,77.38216893,6.251555423,1604.679783,cassava
38.92530397,42.74909303,95.13609294,28.87424505,82.4782601,5.939356261,1267.301114,cassava
50.08461176,40.68626623,98.19768069,31.27562598,85.27070363,6.243967305,1221.444622,cassava
52.47369159,31.32512449,81.53601694,31.36025796,63.72290628,5.454081733,1442.800992,cassava
37.9585119,28.40666386,98.52805901,28.85348523,78.21085963,5.791603049,1588.670405,cassava
43.13275963,47.22884785,99.36380135,26.5184839,73.12083875,6.097649871,1589.06276,cassava
44.02078919,34.6463555,90.65484859,25.1108079,64.80384721,5.992359139,1480.431617,cassava
49.27588897,34.41964595,98.73066066,28.52246112,73.57600932,5.783607787,1501.213831,cassava
49.29527946,34.06104186,106.6847816,27.76438327,78.15009184,5.614067036,1456.36988,cassava
46.0042953,41.17715888,90.95027885,31.32082345,82.15986161,6.418982853,2011.250352,cassava
51.20061026,34.5158405,79.32970395,26.69857386,72.98114744,6.003062781,1319.526579,cassava
37.16491858,38.63561241,95.79061573,28.16772736,71.00605183,5.962406418,1768.148016,cassava
47.89267144,33.74210361,81.03215614,26.04154524,89.94806929,5.966729519,1398.065809,cassava
37.75996478,32.79411655,78.63624833,27.57912018,83.51737142,6.391470405,1212.76593,cassava
53.98833876,36.65799977,93.62516225,29.80974717,71.65179541,6.656550188,1503.131752,cassava
58.81950774,32.24162431,71.33754065,25.0992889,72.3396809,5.38822388,1494.117347,cassava
61.13900353,46.02425361,96.50231509,24.54688513,82.23321125,5.662610222,1291.462014,cassava
48.10541412,42.83895755,96.45598079,28.75991169,80.03268076,5.38259673,1575.239794,cassava
59.52428363,32.1966749,79.43418564,28.23696359,61.53718623,5.534070025,1636.986914,cassava
61.20510476,34.98876899,81.81997815,27.30754668,65.5674071,5.702218421,1361.930512,cassava
51.15041163,49.22938725,100.9988327,26.76456304,85.462574,6.781343912,1517.419006,cassava
53.98781434,30.12233532,97.67937664,25.68402284,62.51172399,5.877519003,1533.449021,cassava
47.60749277,38.49343355,88.25318083,32.39492922,70.98909436,6.195221357,1525.378229,cassava
58.21469492,37.18686337,84.36151668,21.18644961,86.06552255,6.408839952,1098.222884,cassava
59.05058806,39.43254401,79.12322305,27.6297009,73.36216286,5.972249572,1129.269315,cassava
52.24602176,37.26137189,106.7563629,26.51501302,64.20117694,5.523075973,1623.516538,cassava
47.85752599,34.79506234,86.37829061,26.4108665,80.7573008,6.03472723,1444.436657,cassava
47.79000408,35.40181163,90.40522942,28.9029351,61.29669454,5.750563276,1462.863064,cassava
60.7740116,29.90918607,66.87812997,25.50315047,63.57471137,5.83854639,1458.804731,cassava
47.79173794,36.39620051,72.89824899,29.59292868,66.77935154,5.727563026,1853.473491,cassava
60.34965032,26.65236525,70.70191087,26.78561763,76.77183863,5.71264354,1491.131261,cassava
51.6912237,28.4262557,88.65009772,25.20590216,77.49019449,6.176519079,1406.117055,cassava
52.76183478,36.25428126,95.09666209,29.44395537,86.83169561,6.055809118,1398.051146,cassava
46.68749248,35.36943468,114.3987447,27.7531062,65.73879523,6.347882228,1275.258708,cassava
57.63109989,34.49324845,77.44183216,24.87928201,89.54597821,5.843363231,1543.530757,cassava
55.27830183,32.14048575,83.58888346,31.14717424,80.96782983,6.142898445,1392.162367,cassava
50.13415935,27.59809806,78.7680286,29.00765122,78.0141859,5.656266381,1299.8635,cassava
58.49375722,22.23729924,85.97689977,19.51573349,68.95766269,6.147479498,1281.132962,cassava
46.30983088,37.39411955,92.93316185,25.84856108,69.15474992,6.007430106,1506.261143,cassava
41.98218995,30.04993143,81.749027,27.11615318,63.53029538,6.217364437,1397.414025,cassava
48.0704254,35.04097417,82.07052497,31.50759466,75.32557095,6.109434162,1258.330607,cassava
43.56019384,30.93915264,83.36661676,23.56212652,84.54329354,6.888410695,1611.490053,cassava
32.2158019,39.41629508,89.46840194,23.52512063,72.03644483,6.267798814,1620.106539,cassava
50.5157582,39.44631712,115.4605454,31.28076172,85.82106098,5.906065364,1441.748854,cassava
56.84550397,33.68838202,100.2939762,25.82106324,86.77968586,6.188061478,1303.13441,cassava
49.51451712,39.19007027,88.99304127,24.63421544,71.27384707,5.342580664,1832.916682,cassava
39.55979589,47.92895314,95.14279533,25.70283208,67.8249324,5.730613134,1641.128518,cassava
50.12666055,32.39372597,96.18407216,25.18136519,79.235989,6.207387546,1411.775746,cassava
59.24184055,40.81487913,92.69017528,30.02694437,73.98010543,5.415159912,1658.210529,cassava
52.87522545,29.12928814,88.75699061,26.80311778,60.01662554,5.329206999,1710.835706,cassava
45.51878909,41.79353899,64.42961702,26.03703093,79.51724373,6.13621286,1483.098695,cassava
49.34666022,39.04930992,106.7126246,27.62873417,80.88437775,6.135701886,1598.027218,cassava
53.44036677,39.34754241,79.0753296,30.00123586,83.56805377,5.929859319,1539.911165,cassava
40.86105303,42.97460104,89.87723466,27.70981972,66.84960521,6.643141221,1302.436229,cassava
51.16769627,31.41658046,81.49021571,28.25187091,60.37248268,6.14446834,1443.828938,cassava
53.30832377,42.41416433,97.04789442,29.02385472,61.51804161,5.899300848,1557.919673,cassava
63.5756501,38.76765376,83.01303065,26.95323126,88.11786134,6.698509757,1621.006,cassava
58.3925747,35.47340695,81.92784323,26.8553346,81.17720008,5.373320421,1382.746003,cassava
47.61074688,40.69902108,75.16751682,27.87446317,78.66592939,5.996976792,1448.048735,cassava
54.41157741,36.14093644,103.4511717,25.4952571,77.9306109,5.930370363,1617.032152,cassava
54.78733859,33.32222053,88.8601981,26.97200207,72.04935532,6.193217941,1305.416529,cassava
49.06455848,45.08903224,91.11223335,26.18168606,85.26116351,6.33329623,1589.021353,cassava
51.43607602,34.17053659,78.0489144,28.73058721,67.55233393,6.39395721,1486.76727,cassava
51.90023161,33.46802286,98.98726774,25.48047505,87.60813593,5.201598174,1328.412581,cassava
50.91422268,42.02859322,99.99976069,30.75408655,64.58666537,5.840416994,1572.344748,cassava
49.71429168,35.37136845,80.88406623,29.47515308,69.53356226,6.453701925,1360.903237,cassava
56.67068939,35.74225142,101.0173965,24.23654455,82.58845799,5.87032988,1318.15888,cassava
35.28301623,33.6857975,101.7808737,24.18958504,66.47599193,6.140436955,1527.037436,cassava
63.39112672,40.87612228,98.0181929,23.26183485,89.37336509,6.649312483,1610.384357,cassava
45.39765423,34.5706805,89.24101215,27.20079893,75.42814486,5.584426096,1880.39039,cassava
47.19918015,24.60735528,84.00655519,22.43345127,70.76738973,5.366366029,1564.026696,cassava
50.00359575,36.51481154,88.95448611,23.51425562,85.99245389,5.475981068,1530.427165,cassava
46.88135024,40.66351087,98.54788001,25.65710134,79.15575139,6.108694239,1633.314548,cassava
54.71785496,37.53267196,83.41526405,27.43480878,75.25733766,6.083683224,1440.764283,cassava
54.02797699,35.30972017,94.02936872,23.98971317,66.34746404,6.617181913,1626.474628,cassava
55.55296962,37.93847451,102.9833449,24.28130458,74.95758862,6.095549549,1275.708483,cassava
38.61094023,27.80962824,86.2240342,30.16449771,60.79363516,6.021675271,1521.195653,cassava
53.72154738,34.13686823,99.43193303,28.11486944,82.97556912,5.828597713,1110.930735,cassava
46.07761985,30.56060407,93.10562484,27.54809729,81.7338127,5.641448388,1487.92038,cassava
48.95664113,32.24131074,113.0167485,25.09223412,60.19468564,6.049773614,1698.199162,cassava
51.91440585,33.21680753,92.40447505,31.59726641,75.43659274,6.104380918,1389.484638,cassava
53.01916218,33.66893525,99.2596613,23.75708926,76.04454495,5.359671036,1792.984448,cassava
48.63682447,34.54706489,98.58733135,29.13102103,80.1217722,5.469900989,1618.837642,cassava
37.01773418,34.55332067,101.1204684,25.62121067,87.56171248,6.024940135,1649.40412,cassava
54.34230652,31.93407833,83.04479285,24.86163251,66.99762965,5.1579157,1528.324119,cassava
48.92730041,29.05807665,91.93798714,29.56767575,86.35006818,5.802375348,1427.809683,cassava
42.22627921,47.01590963,101.1051255,28.50931394,82.53921887,5.941835364,1601.132504,cassava
88.18054562,53.980374,151.916824,31.05039671,75.75618208,6.156242499,1555.304568,coconut
86.74102382,64.49891805,137.2387092,30.31748508,76.75959036,6.209670936,1800.369902,coconut
70.92778,48.65483749,120.5710307,26.59643025,87.75259897,7.190991185,2056.866817,coconut
96.54663963,39.28761369,143.4368607,27.04774178,81.04109585,5.784124412,1666.938853,coconut
77.82500674,41.38795031,146.3708554,30.69230506,61.14278135,5.814026368,2172.721782,coconut
91.75978089,39.95570585,130.2016791,24.89240368,78.32855308,5.898058266,2178.979285,coconut
60.66229353,58.90302041,144.715725,28.79181912,68.34333742,4.947209584,1606.068934,coconut
111.2915586,50.97537316,130.1700444,27.27124585,77.87504691,5.905791577,2103.915843,coconut
100.1585652,40.21977366,140.1138349,31.02385414,86.46347062,6.112835483,1955.408901,coconut
101.5749073,47.70102644,126.8795811,28.30319343,87.5414271,5.595119729,1798.649582,coconut
90.20271892,39.78518809,136.4034586,27.63219164,76.43004704,6.365397295,2107.026848,coconut
81.64761635,62.81995637,144.4959256,25.44097402,89.78211913,7.212706296,1980.219444,coconut
101.1643075,56.42491918,120.2918171,27.77619819,88.26601984,5.480884635,2193.974387,coconut
95.47250443,48.46364732,136.9868353,29.30794576,61.14921666,6.592492224,2454.327705,coconut
103.9659785,55.73456807,126.6087965,25.97775956,62.25960128,6.555222972,2124.100249,coconut
97.16407391,53.80569709,156.1939659,29.13984115,68.15336323,5.652177275,1764.766012,coconut
95.32116134,58.10582375,146.5068465,27.05201006,80.86868409,5.925106891,2090.780504,coconut
98.94594867,47.2052644,150.6331215,27.03494656,70.10378366,5.927706616,2455.839741,coconut
90.80713727,65.60481741,144.6934879,26.46580707,68.82089214,5.597434006,1935.045867,coconut
87.05550553,53.67076643,144.1045844,26.55851577,84.16580587,6.19741001,1868.458657,coconut
91.86927053,58.54652242,138.829222,32.19789175,80.93409255,5.97579337,1873.644991,coconut
93.01907372,47.82891186,133.7578977,22.24924791,72.86252224,5.946326589,2387.84443,coconut
92.25841834,40.98968364,124.0377788,31.18247426,84.76657138,6.462838318,1634.832404,coconut
82.45490853,52.47854733,137.8182267,28.14215814,81.39506289,5.237447179,2033.291622,coconut
93.35126133,52.43067869,159.7091191,22.66558227,67.73477088,5.442109822,2277.306884,coconut
85.67767148,53.50824001,140.4959104,23.53326056,66.11109875,5.613663305,2196.574558,coconut
96.40056081,61.25438035,144.8843664,28.30169442,71.59369242,6.016771047,1894.586308,coconut
92.9875528,40.29545516,172.6893157,24.28576067,76.52886664,6.031223488,2137.643398,coconut
85.40524568,55.88616537,123.7927572,20.64226703,68.3618413,6.685171405,1581.962741,coconut
108.4936879,57.24625267,122.017097,24.28705237,78.34853648,5.804866235,1854.959069,coconut
97.47995399,41.80813766,138.6816983,25.28516374,87.39326361,5.668662974,2248.026855,coconut
87.78651832,53.67979576,138.6680323,29.71260454,79.99129573,5.479497391,2145.858392,coconut
88.56475331,40.56510713,169.7532845,26.11880264,80.60277801,5.940509404,1838.651726,coconut
83.10338283,50.88825524,145.156932,24.8439457,75.6491459,6.06436434,1691.166505,coconut
83.81603147,51.37921687,157.7440522,26.15166039,68.4535649,5.373395979,2443.180775,coconut
90.85071139,39.42443283,146.7098321,28.12555408,85.39558596,6.554603991,1847.444827,coconut
96.88285108,44.46078224,166.4436354,24.99902224,81.05327311,5.44626961,2095.075451,coconut
108.9345232,59.12589724,127.875071,30.98994934,83.21696007,6.208261772,2049.342116,coconut
101.2800263,57.73498755,142.5740107,23.20512217,76.87568531,6.080994172,1929.657366,coconut
93.28388542,43.49854804,133.6327361,22.09557296,66.46989479,6.122227225,2259.709928,coconut
91.06544676,54.23308582,139.6244412,26.91953512,89.67221929,5.643264975,2413.85827,coconut
81.56514504,46.8661752,126.485366,24.24943905,64.82715852,5.846584128,2001.285785,coconut
93.93378344,48.79633139,126.2712633,23.5047949,74.19495145,6.666980696,2066.645834,coconut
92.78574026,48.45291541,150.811907,29.34498836,62.60413721,6.030671832,1921.967158,coconut
92.45409742,57.03577031,139.703997,26.96113212,80.98789358,5.599071953,2135.75959,coconut
89.2416328,47.3991954,162.2987471,28.67885483,84.29835027,5.557173801,2062.896979,coconut
100.5112175,44.47227385,145.9008324,29.17838419,67.5168527,5.967493089,2149.985402,coconut
81.69835878,63.10689522,143.2999454,25.95613173,83.97975502,5.569293635,2163.041971,coconut
81.64060224,39.26553468,135.1047524,29.80742343,60.33808339,5.991952781,1447.811653,coconut
85.35949374,46.86434861,146.0081045,25.68750918,60.18066121,6.054392453,1732.890629,coconut
86.51892655,48.56287026,121.9856739,24.90387937,75.3331292,6.310229901,1954.299362,coconut
87.32698926,56.35200072,132.8557246,27.64664007,81.37623167,6.018139646,2114.402435,coconut
76.29743411,49.95589171,155.876382,31.40375473,79.55799178,6.022480881,1890.668079,coconut
76.73623354,52.87025262,130.997915,24.80007911,81.35164775,6.543863376,2083.574991,coconut
95.17720764,48.28844131,131.6023359,30.65498208,62.85786197,5.451681246,1694.350663,coconut
95.18275228,46.50474059,127.7988934,23.9762279,72.43044325,5.016452719,1632.404966,coconut
103.615382,50.108044,146.6833212,28.34121932,63.03374517,5.857319927,2056.298082,coconut
92.13566933,58.67674242,160.4377213,30.75548554,82.63281087,5.691101863,1875.716494,coconut
82.72535194,58.11698681,134.5993206,25.00381801,70.75910604,6.248691043,2008.183119,coconut
90.27586352,56.17797823,137.3883415,29.07591739,66.91261996,6.355523051,1707.23974,coconut
111.409703,50.09611042,140.6513119,25.33338702,65.73106433,6.410553377,2521.33195,coconut
73.16272307,54.87306244,154.1916478,28.12935554,89.94213761,6.102706635,2302.2716,coconut
95.93105399,43.31927264,131.3320833,25.87015965,82.10164931,5.673224765,1965.08909,coconut
91.59770136,56.92489829,124.0525551,23.76283587,68.70753661,4.995133317,1862.736392,coconut
105.1073165,51.76549495,124.021846,29.54286919,75.86223035,6.053062204,1800.814944,coconut
77.97996661,53.86288729,150.2248116,30.21423112,87.69867805,6.259914501,1828.853595,coconut
91.28098884,44.55425667,111.371572,29.49576142,85.33713443,6.003627587,1955.451145,coconut
97.05631234,44.53562159,144.2844424,27.81594581,64.5770558,6.235483535,2183.741204,coconut
107.3344134,51.56129434,140.8539846,24.73317759,68.73829475,6.108284653,2029.118519,coconut
97.30364529,48.13975511,155.6853538,24.79217237,82.09250735,6.058922163,1740.007962,coconut
83.88086947,53.96771549,172.6508307,26.14819807,64.80614263,5.641595951,2248.763187,coconut
92.87435752,40.49990443,150.1478214,26.59397228,86.40188095,4.884934874,1934.042942,coconut
78.21872105,44.1041319,158.3536355,27.50266748,69.32269825,5.945635443,1656.392473,coconut
91.89097631,47.30077593,130.6361213,35.89114519,69.01336139,5.842216154,2236.637132,coconut
93.54818118,53.93574805,144.6011491,24.67002219,79.87801509,6.428285057,2239.816865,coconut
101.8470001,54.73217326,118.8613248,28.24411203,87.37129841,5.996698045,1994.039058,coconut
84.80608678,60.87925899,143.9506049,27.23684619,76.55590908,4.994862866,2018.694212,coconut
86.17422546,38.62080288,147.5226625,27.77822913,88.10316209,5.730136601,2035.601217,coconut
84.97892175,52.06783885,154.856458,28.69257617,81.77594132,5.457096293,2220.128644,coconut
87.16460122,54.08547363,142.026025,26.56993988,60.07486361,5.738157234,2182.918082,coconut
93.46782555,54.64505242,124.5288419,30.57937371,61.78208922,5.812927679,2093.813814,coconut
103.1005622,38.88287349,121.0892946,26.79118581,64.21849071,5.90394766,1962.844904,coconut
82.18523934,50.95475389,154.3412654,27.78572329,61.43694064,5.776611285,2317.407305,coconut
86.56866887,47.59516787,141.756825,29.73072676,61.17168536,6.665225836,1962.779301,coconut
89.11845131,61.85096546,151.6827466,28.43520321,76.31446521,6.32569208,2470.716437,coconut
99.17710525,37.15526936,134.6883715,22.95538713,68.42326222,5.818107735,1807.470223,coconut
86.51148003,56.8837448,130.4806278,28.3628522,72.73257478,6.722274038,2394.584174,coconut
88.67875125,40.12889481,137.2241714,27.58038692,60.57631599,5.771343547,2038.918847,coconut
90.55479919,51.61935027,106.2900653,24.32723927,77.19211976,5.423098153,2114.680711,coconut
79.2812164,51.21936773,140.1427244,26.90108044,79.45450026,5.370901355,2083.176324,coconut
84.04575615,50.92575993,154.0441371,32.32526067,79.65764493,6.201259722,2162.401478,coconut
89.61636693,58.34703394,132.3881467,29.40009401,71.92949575,6.256523934,2061.822031,coconut
83.54091827,56.84009417,134.3763085,26.66338977,60.47221833,5.542001065,1986.981209,coconut
94.18866927,47.53585845,165.7418934,29.56543992,65.62437992,6.086079335,2038.440957,coconut
98.7184457,50.3286495,146.4030568,28.78966157,82.02227747,5.848167111,1869.276459,coconut
75.72625033,53.52363396,119.7530161,26.96122408,89.51920675,6.015684208,2015.884489,coconut
92.42595937,46.04180538,124.0604038,28.56151661,82.753401,5.988833091,1781.558977,coconut
83.45787884,53.2161215,127.010539,25.86398372,82.99852392,6.08197574,2102.615055,coconut
84.13187284,41.97409577,172.3478082,25.68057031,80.05989269,4.99234755,2183.707819,coconut
105.2269697,48.75693371,141.9870817,26.20320973,84.59134868,5.742787091,1739.456298,coconut
102.3835502,56.57676003,121.6049751,22.53746134,68.53821635,5.694588035,1917.953938,coffee
120.2375056,53.23426,116.1083931,23.88268891,85.82524809,5.940795539,2118.883029,coffee
129.7646411,55.31710415,116.0639833,23.53636809,73.96560016,6.088547273,2077.344111,coffee
134.4970846,47.76640256,111.1057962,19.7135877,74.79644531,6.282148517,1540.357728,coffee
93.54495911,53.51553386,127.027616,20.40605036,71.99928447,6.556133585,2014.966014,coffee
123.5155913,53.46928416,119.7885982,22.70496061,89.08771009,5.531486124,2366.055372,coffee
136.0106776,41.43370225,115.3981703,21.40991452,60.81711308,5.80359818,1739.18418,coffee
96.1548143,52.99584426,107.6165792,21.65454877,67.8187954,6.019923517,1899.1876,coffee
109.9863548,54.13104461,126.0623032,23.37849586,61.89762093,6.108742868,1978.482882,coffee
127.7144708,34.1091916,135.1660521,17.71798097,89.34470627,5.962671645,1572.313436,coffee
114.1352898,61.92959141,120.1720173,21.2317754,89.51784605,5.664999001,2016.217625,coffee
119.7559117,49.59857414,147.8134025,25.34356563,76.16976027,5.83580741,2279.364918,coffee
109.4576848,52.35710764,129.7663537,20.72305702,87.11246792,5.876025461,2006.88357,coffee
122.7195413,52.8732748,143.2620675,18.1884217,72.89324503,6.250331534,1985.045737,coffee
114.6310905,46.61981158,118.1893915,21.87876035,78.23712373,5.778816291,2025.175959,coffee
112.3573892,57.71018724,117.8183006,21.12508896,69.65209549,6.524281803,2050.435588,coffee
108.8915582,55.4440238,104.2887183,19.25996988,70.88210604,5.575816014,1759.59867,coffee
84.70517189,47.57593243,118.1792462,25.20269098,68.86843081,6.130250974,2067.341528,coffee
143.9788664,44.31488092,120.6229349,20.2510768,61.34943413,6.020922455,1941.846379,coffee
134.2121305,44.23794857,121.5378639,26.45875003,63.3635775,6.290302851,2268.012856,coffee
130.6057694,50.19449618,123.5971191,22.02898465,75.27686442,5.980436196,1830.32591,coffee
124.9861048,41.84657026,115.8341314,26.77924735,62.93108903,5.791405922,1989.581039,coffee
133.8814376,54.35338626,153.1219211,24.98119351,87.67429601,5.749525312,2059.953821,coffee
145.8023667,44.69417276,130.1017143,23.04483665,65.4152136,6.310234797,2141.058571,coffee
100.4919833,51.62413348,117.764913,24.78250175,80.86531429,5.669922981,2186.736039,coffee
110.0767192,41.91138696,125.1670394,25.3312359,67.60615988,5.86319539,2298.298462,coffee
123.9491274,51.06839524,115.0767481,25.97708833,64.52927045,5.95584957,2229.472937,coffee
122.6018673,47.47785035,118.0650858,21.83260167,87.08253045,5.547914486,1976.747662,coffee
128.1351139,52.28079613,110.436227,23.65064677,74.68871494,6.053160621,1941.009586,coffee
127.3984307,54.31068932,137.587675,19.34703076,60.00144372,6.021673643,2123.832568,coffee
140.3880134,57.45013699,134.9350588,22.48169982,78.29105496,6.04244285,2140.136484,coffee
135.4880925,57.05952043,99.84019613,20.96545591,78.91279394,6.364704784,1961.430323,coffee
123.273709,53.72372102,127.8758406,18.47753925,89.09856143,5.955272039,2038.509676,coffee
116.3430248,47.84078506,143.8515533,18.03368089,78.11451657,6.11292505,1962.766931,coffee
117.3718935,55.05377137,143.437692,20.57400815,79.88987689,5.672991056,1700.778629,coffee
103.7496502,45.33393725,145.518838,20.92563228,82.25900116,5.856301693,2213.26902,coffee
139.323899,49.24552901,113.991091,27.64900507,79.3392602,6.035345169,2144.452999,coffee
128.1569134,61.4339213,118.5618529,21.00640523,76.96328201,5.927992315,2230.509566,coffee
113.175088,60.3073904,138.8632509,21.83617721,68.88645785,6.011604084,1846.013601,coffee
139.0595295,50.92340389,142.5833417,24.14171947,89.57404052,6.029260259,2040.637821,coffee
103.4218835,50.53360846,137.6320577,17.5016083,81.7560119,6.348450588,2146.894072,coffee
141.9130169,46.58985888,117.4848711,21.50207452,64.88496437,5.845675233,2116.429247,coffee
131.3174061,49.57051867,101.8670905,23.00792542,68.52270181,5.96601301,2130.757479,coffee
105.657461,65.56851858,102.6780541,20.57323137,80.58574501,5.75475727,2158.503556,coffee
126.1673056,52.5137394,130.4190523,20.93701762,65.95620608,5.784681782,1708.635359,coffee
135.5895947,48.79889204,129.9744926,21.22714129,78.50817414,5.495926422,2052.582801,coffee
128.7181934,40.99468385,131.4941012,21.72120276,74.74916148,5.339043641,2062.409801,coffee
115.189198,59.25739858,128.7834781,20.95072166,77.90484664,6.430491072,2236.982181,coffee
107.1282397,57.53443128,125.2171328,20.36349245,62.46945895,5.851342573,1971.720029,coffee
148.5806502,52.07293631,114.2683635,19.24937069,87.90718473,6.341912826,1956.594902,coffee
115.9630061,54.40325988,118.2343255,22.21199432,66.97705623,6.000205157,2093.378413,coffee
134.948739,47.75417698,117.8169606,19.96636319,71.27102323,5.666169365,1826.236141,coffee
112.6819485,46.7567159,128.8570027,22.55596954,75.26554936,5.792535808,1918.020047,coffee
102.3992191,43.64987292,138.2658229,23.26247991,73.66208411,6.354165327,2141.822821,coffee
127.1576625,61.03089832,145.5713067,21.67730003,71.87261551,5.992002226,1820.510125,coffee
100.9240084,50.7012244,105.0198621,21.261138,76.07389939,5.972812244,1674.98414,coffee
128.2349422,58.14896838,114.8807517,21.66217498,85.96725188,5.472523041,1952.842504,coffee
127.4587765,52.39257077,103.3755931,17.65063667,72.99474658,6.056578988,2082.724402,coffee
110.3693308,46.14232631,109.8641024,19.8326869,66.90550474,5.801125149,2054.717863,coffee
140.6751498,40.68847035,115.4532445,21.58986692,62.45471769,5.870043694,2031.40668,coffee
99.8923216,45.05373697,130.0811717,28.46817864,74.4337207,5.798030458,1931.04578,coffee
127.250878,52.31329506,131.8031774,24.34407437,88.41328842,6.212380497,1855.544555,coffee
122.0513021,46.51952064,136.2590811,20.30908874,85.89912859,6.105629536,1627.951774,coffee
117.2010268,43.55616402,105.1918196,20.780306,86.83435874,6.095532819,1834.883748,coffee
112.7390276,53.28724268,112.2775181,24.05710518,87.67194082,6.237280897,2115.943257,coffee
122.1309016,44.658045,123.6398654,22.60613176,60.85895114,6.384711823,2151.877047,coffee
113.0206343,58.62098717,123.5182136,21.01330073,85.4748921,5.710683172,2049.754118,coffee
147.091752,54.50397011,116.3388234,25.2687366,63.73546407,6.017916035,2116.10525,coffee
128.4977739,51.1302694,121.6046655,23.80114224,68.92834274,6.337196906,1656.010262,coffee
132.4948734,48.64585509,137.5391795,21.82210992,85.20528893,6.138563619,2134.842382,coffee
115.615589,56.89866087,105.5403917,21.98667357,63.45937567,6.121081359,1890.40162,coffee
107.7373957,54.36498146,113.6690162,23.88298549,83.7895675,6.437852268,1985.888184,coffee
99.47165741,42.03544355,120.5819152,22.34956318,72.97450165,5.774342844,2051.0638,coffee
124.6047581,50.0666963,130.4179125,19.67357323,73.04914127,5.715915944,2097.840404,coffee
125.2387648,49.83885716,126.9258216,19.09994905,77.26793246,6.502035484,2189.120173,coffee
115.051439,50.0114629,115.6946074,18.96712328,83.11646942,5.654612735,1731.380489,coffee
147.4776875,46.473169,117.5235098,19.2180898,68.46007708,5.904094517,2043.000166,coffee
123.1280645,52.66812261,118.0176121,19.63867636,63.94216115,6.350552397,2071.375733,coffee
121.7405639,51.4324314,114.8115321,26.9903808,78.16200401,5.859952205,2008.887994,coffee
119.7164793,55.56415455,126.9661882,21.12029456,86.96973168,5.431964586,1735.1684,coffee
111.9324841,46.25600882,104.0095677,23.87395643,88.16314833,5.114759713,2241.096076,coffee
119.727024,41.61622047,132.2722574,21.47922961,60.27761761,6.015795917,2040.319164,coffee
99.14530982,51.49877824,106.1142497,19.96882542,79.50516941,5.800623355,2016.859049,coffee
139.4517772,50.88599991,127.84231,22.2555225,64.44423653,6.155249391,2457.185479,coffee
110.4621657,51.6815432,140.6522394,25.71539809,74.99001875,6.078470943,1681.538261,coffee
114.7347469,50.08930086,118.1256741,21.82890408,87.00464254,6.175948971,1938.689451,coffee
106.543958,64.79162238,129.7165545,19.87983268,87.12422247,5.836925149,1911.350876,coffee
108.7770364,56.51110997,95.30528994,18.79616638,85.56285054,6.116580412,2237.043085,coffee
122.9316019,49.24686349,122.5856197,22.15798401,77.40351099,6.115007021,2078.651736,coffee
123.2542095,49.42958772,118.938107,22.57541551,79.44331763,6.383195971,2060.785296,coffee
123.7769327,56.71083088,112.4403148,24.38541129,66.85761176,6.457229919,1881.094433,coffee
127.6019643,43.4086259,137.1239166,20.84957508,61.10507451,6.297320863,2222.239861,coffee
121.6637144,51.71907745,104.0838419,24.48945878,86.09321399,5.881572715,2258.682501,coffee
129.4171086,52.69599681,109.3109462,17.52938129,63.28609815,6.123237453,1945.763121,coffee
137.4531921,39.92716959,134.9702832,23.65296369,65.48400091,5.878169866,1693.148045,coffee
118.9805393,58.40483566,115.5374004,24.08306132,83.57484972,6.17677654,1880.4169,coffee
107.1256666,49.28581855,111.1337798,18.14294463,82.47878735,6.053208152,1905.061199,coffee
132.3212895,58.64586448,111.0062923,23.36584714,77.61310065,6.037468049,2099.46563,coffee
139.432506,54.57525694,136.5384458,19.42000527,87.487015,5.941952001,1752.951363,coffee
123.7736216,52.05245058,146.5964527,20.31470255,71.71435322,5.780215977,1680.235096,coffee
120.1342268,66.32305802,52.93226565,28.87772636,60.61435383,6.67510456,1033.487095,cotton
137.570356,53.80322143,54.98398883,27.30765592,81.38416777,7.527905849,838.3561327,cotton
118.3645987,49.54316796,60.11106281,28.31636945,68.36460409,6.615344603,654.1895442,cotton
116.6561991,67.6366828,62.7082053,28.22130545,83.06434969,7.039531474,779.5298492,cotton
145.2097313,59.71372572,45.48398196,22.70272511,66.93497459,6.999143045,847.966998,cotton
119.9519398,56.16710031,50.2021992,23.19813119,61.18786715,7.241974537,974.1378272,cotton
132.1185205,50.190395,51.84457564,27.1577678,84.8340955,7.006033321,630.7845385,cotton
132.8144796,59.93015656,50.00313416,26.84429544,67.0570374,6.595429267,900.7539758,cotton
126.9981999,53.86059964,48.34417867,26.46941425,62.07854704,7.748019504,808.5262486,cotton
136.1100898,47.68811447,49.09156761,28.37874632,71.97826152,6.803769158,846.1663454,cotton
110.2940018,52.63385764,60.63648707,22.38644029,66.3348141,7.223532209,667.111663,cotton
111.0067703,54.33368399,58.53376177,19.91857127,85.64049624,6.883897202,822.4430415,cotton
111.2252159,48.21672625,49.43201536,24.4725076,89.52927573,7.566353584,811.975262,cotton
131.4829789,58.00171794,53.47059427,25.05652808,86.44065721,6.840180196,680.0587552,cotton
126.6933585,43.62091625,48.66080284,20.61592246,70.65498574,7.313720622,661.3554482,cotton
125.6498624,57.10414887,51.63315981,26.12824591,67.64402473,7.295874321,781.2557677,cotton
101.5416247,53.61391793,49.51053797,23.91886402,82.88017272,7.117386588,862.5005206,cotton
117.8113122,59.54170821,54.94700532,29.25892848,89.90732668,6.805166928,956.1291236,cotton
92.74975065,60.84506659,46.89729562,25.12490456,66.66031603,7.296521225,812.4733248,cotton
118.1753076,53.49625014,47.99931181,26.39516593,71.65390024,7.533706229,1009.651927,cotton
93.04008636,58.62881803,54.2933172,28.35746301,70.38822799,6.917114772,740.9654663,cotton
118.6535954,47.5209945,49.34870946,23.98446079,66.63008677,6.583806104,824.1285755,cotton
110.9410725,56.93720232,55.40790364,30.97361734,74.20070061,7.31617136,776.9165723,cotton
112.3445226,45.40704758,55.64116713,25.22274178,87.49395919,7.125872802,851.7621681,cotton
124.5145924,56.29103544,50.27869887,28.66190772,60.20760287,7.008178529,768.6463011,cotton
98.3570974,40.63328722,53.79414634,26.54769493,70.77511054,6.001577703,796.7188289,cotton
130.5652672,61.63012077,46.51335171,26.24791178,67.94557201,6.866735549,716.1593748,cotton
130.3166056,46.07847086,50.51025579,27.62427202,87.79948224,7.234779534,902.4582998,cotton
96.77711174,49.30460233,48.84312021,26.94330619,83.77593177,7.026675696,963.5174495,cotton
127.5494627,56.68588851,51.22138314,34.87224161,68.71986364,7.326345275,724.965367,cotton
103.6458589,53.76129593,49.69657283,24.7283693,73.94865071,6.866757339,1047.351966,cotton
120.3392091,47.25054024,54.1102422,31.15482443,82.4575718,7.349233856,842.6020738,cotton
130.9984538,49.1796496,47.54294792,30.36620149,71.51860359,6.770255809,831.2068644,cotton
127.4559947,47.97275413,51.62118651,29.36432278,84.57172367,6.89349585,860.0671377,cotton
115.2003177,57.74742867,56.9823285,21.80710085,81.41672889,6.462588734,943.1087154,cotton
128.7806474,62.9619638,47.20697236,25.95243604,78.87140981,6.582333414,778.1271598,cotton
103.9455073,47.92351351,50.57810395,24.58532091,82.90945902,7.411183566,833.2854673,cotton
117.5968573,48.04991642,57.97014237,29.47740403,80.87358919,7.284772446,950.7039159,cotton
123.7409995,51.11380336,55.47286646,29.83210553,75.44439871,7.177659122,954.2324004,cotton
122.6686004,52.52225978,54.84591494,28.83379616,63.73666165,6.563740565,914.9108454,cotton
109.5558832,60.23503573,44.25347711,29.57853977,60.26982878,6.71765106,834.0772154,cotton
127.7195412,56.44458388,47.36419882,29.78302581,87.01371218,6.426317625,685.3847719,cotton
114.2611372,64.12126016,54.50571815,31.05965353,89.26916157,6.962459983,879.5576837,cotton
130.5304766,58.57309606,44.68057544,24.07173851,73.03337854,6.995084094,650.0173474,cotton
119.5443749,69.10513873,47.45327452,27.48693501,86.27961995,7.053329439,869.5067329,cotton
116.1197424,56.51525922,41.4857472,24.77722321,77.56775476,7.323696113,636.2351884,cotton
132.8347637,52.64121649,43.84065656,28.44824661,70.08388266,6.884092146,924.1547945,cotton
148.2006891,58.38910029,43.42166504,24.57025422,74.25764708,6.767044607,692.2699449,cotton
117.7871769,52.52832677,50.89465864,26.82633487,77.69186476,6.605053313,855.2667531,cotton
132.6235939,39.46151479,57.87840949,28.75551078,89.33675574,6.794381556,898.7842729,cotton
133.128744,60.22548937,53.96480803,28.42257384,87.11189929,6.782817808,890.9853617,cotton
118.1578717,50.88328137,49.01776254,27.42068245,80.15525915,6.780233654,772.4486337,cotton
109.2808216,60.31901217,43.25982874,27.24807406,68.4383535,7.577032787,813.7543085,cotton
116.2636242,51.27521164,49.37572046,28.87883355,88.16609022,7.004550971,829.359618,cotton
132.359995,50.49521332,47.56589064,25.32775877,83.54639728,6.543599333,764.486557,cotton
137.160909,60.57104834,48.11188589,25.41290219,66.63830266,7.448319889,728.43951,cotton
132.7288909,63.36882126,46.33268954,24.77509361,64.39279625,6.754942146,781.8928768,cotton
130.4852847,59.55572549,45.80654628,27.37952428,86.70249509,7.272494994,857.0779738,cotton
93.78602116,57.95583988,58.6131383,19.47369371,72.01911133,7.035505525,821.9023951,cotton
126.523833,45.13697778,45.96594023,28.0576586,70.75277227,7.048209211,901.8697508,cotton
114.839293,53.06411339,64.11000125,29.69662986,70.03243354,6.79418253,821.7814292,cotton
121.994128,47.35380992,52.08932013,24.8505309,71.73610325,7.470104102,737.753044,cotton
143.7855814,54.97165269,62.94694859,27.36171533,82.82143884,7.524830433,970.4933985,cotton
135.7159465,42.43779987,48.81628076,25.26575821,72.36147678,7.016808921,947.2657539,cotton
132.3440619,54.45391803,58.73494849,25.57734652,73.63390521,7.665837234,745.0736262,cotton
131.3196039,49.48127414,48.36585327,24.28121497,79.68024325,7.159499911,862.8790251,cotton
108.5234935,64.02807283,48.56146472,26.04061755,85.94501444,7.023141711,706.6990702,cotton
137.7297439,61.25687157,56.18538973,28.64780119,70.78414729,6.832701962,736.4606046,cotton
116.3733337,50.8529011,54.11078216,27.66802664,85.18816353,6.805453525,753.9766322,cotton
102.4797778,56.36505503,48.2901034,29.77954206,86.97666456,6.781671837,628.7308076,cotton
133.1090464,55.08260051,51.05436179,29.61450729,66.65326529,7.112653939,791.988517,cotton
137.7351108,58.3998316,57.85147757,20.85083213,72.86862337,7.263717883,853.2899241,cotton
75.52131267,63.55925856,44.86782945,25.73077005,88.17743169,7.336271785,728.010858,cotton
132.1832099,59.50921146,50.84583437,28.49724902,86.9385103,7.138640886,672.7453998,cotton
109.9863092,60.96973482,54.18604743,28.80949854,84.93563868,7.374631097,664.9005091,cotton
134.3148039,49.13890703,61.70321646,24.77882008,72.47519944,6.87951189,755.7274201,cotton
122.5978509,50.35280725,49.63835499,25.15593434,82.13162209,6.836677683,714.3135261,cotton
112.9825702,45.68523836,46.75589318,23.97379353,81.85627796,6.756122245,822.6242271,cotton
115.0560475,69.85436289,49.18736018,27.83804587,81.78499259,6.707999037,884.7185642,cotton
119.7297749,61.179178,45.70737953,28.08413166,67.73411751,6.424398932,895.8551711,cotton
88.69242137,54.96184773,48.97569683,32.59991298,60.13829808,6.679288315,1015.740546,cotton
110.7774024,53.2013788,46.55250845,25.25502095,88.06108498,6.81681847,790.5514106,cotton
103.2058303,57.38128586,38.39257329,26.93557661,84.11629131,6.849179396,572.9492996,cotton
113.2440387,66.21548142,53.05760547,29.7724928,72.31587342,7.173592148,800.5178276,cotton
129.1623663,56.82810023,49.65390296,23.68391293,87.2598501,6.74273633,788.4266084,cotton
115.4365298,58.4909638,49.51514741,24.52465277,65.41909653,6.825257184,839.2375445,cotton
110.4248312,50.89738449,55.26534859,27.37050742,75.33270603,7.031923805,722.1332109,cotton
115.1246471,56.97165191,52.80148751,30.75984187,76.21783962,6.736177452,662.1123697,cotton
122.3405633,60.83670033,49.54305164,24.36698401,88.45646152,7.353114181,772.3036685,cotton
126.1408784,44.45504525,61.21215579,26.4310517,60.08940392,6.714633058,688.6171861,cotton
116.4457029,51.72080363,45.98329012,31.57617119,89.64163382,6.972303999,659.6411321,cotton
113.5017474,56.07516396,47.30629421,27.73042163,64.20846926,7.369166413,952.3253155,cotton
96.30314935,58.17340533,43.46589329,31.39568039,64.3624845,6.745694325,845.5579671,cotton
126.6212313,51.77658274,55.94837599,30.63550003,72.54608353,7.535230036,697.8789171,cotton
120.9706906,66.40539029,56.16459293,26.15814242,76.29803525,6.772918684,802.0994705,cotton
131.8711375,56.09612125,53.36579668,28.64655452,64.79787116,6.581866313,722.3543822,cotton
130.1099303,43.30086099,54.51583796,21.97004659,73.15503745,6.824070889,767.5252131,cotton
99.80142001,57.56377903,48.69553865,27.15274409,89.80890426,7.193193749,698.3951376,cotton
121.8588688,47.00369161,50.41295258,26.67540919,77.54763284,7.268633648,810.4858974,cotton
119.8937597,57.08941368,53.83356058,25.13922053,67.92855664,7.251304022,859.2526486,cotton
17.65388914,55.90313722,39.79912714,23.66172324,74.73818754,6.44054523,654.3719319,cowpea
30.37750559,57.05796818,50.48133019,31.33102515,66.92351768,6.864175138,869.9347851,cowpea
23.66357688,40.89168914,47.2399651,25.68826942,87.27671789,6.55077663,897.0426246,cowpea
22.61363211,52.98784885,49.91363768,29.46838943,76.8472721,6.258441929,783.3368922,cowpea
24.59452407,47.55920207,50.82958399,28.24172676,61.54400116,6.174524469,807.8796409,cowpea
20.12445026,49.81388717,60.82679866,27.94961166,61.93152318,7.086876012,701.9492777,cowpea
18.69335458,44.49992068,51.24734358,26.65412636,89.12673777,6.544987019,815.3202972,cowpea
22.08200173,67.60687186,58.19540461,27.09427474,65.46202837,6.201176854,939.563782,cowpea
23.04426873,53.78901432,55.28817145,26.13594883,84.13108875,6.303234038,731.9315594,cowpea
20.43717148,48.31806848,55.92117165,27.30666495,67.56513317,7.19974984,717.6072754,cowpea
20.22920584,57.02788776,56.34184926,27.18046172,69.30739274,6.464963376,706.1563205,cowpea
25.76349085,60.47978657,48.76213605,28.9315966,68.3650984,5.833798144,703.0125023,cowpea
22.64648601,58.82507025,54.57038909,29.3865805,87.68943398,6.595719836,795.2263955,cowpea
22.33813795,43.79727344,58.89611266,28.35801927,74.30311562,6.791371361,885.8017167,cowpea
13.29502892,56.19459708,49.14994681,26.89018376,74.9673862,6.315031043,742.851134,cowpea
28.79367559,51.7231379,53.28988213,24.32833618,87.01019892,6.88361155,789.9217518,cowpea
19.81882909,43.88647981,39.59838682,32.63665533,69.79352311,6.242891286,711.1026563,cowpea
23.02502354,52.28522696,42.47720828,31.54050831,88.74928088,6.447591094,909.2950036,cowpea
21.54481646,50.48459642,49.76065802,28.86317627,85.42050084,6.185995557,630.2272505,cowpea
18.49071683,46.52096361,50.98329085,33.3651067,66.93395582,5.934513949,648.4729187,cowpea
22.5219804,48.63476495,58.569913,24.98796415,88.9994999,7.029075251,687.0513823,cowpea
16.53113474,43.94137689,52.30214838,28.13357938,73.59401546,6.303314442,627.3490944,cowpea
20.92819596,64.74161967,47.42010601,31.92310295,78.54505649,6.496668229,697.6364315,cowpea
21.32726263,36.23825152,43.09218852,31.1958605,61.94637654,7.339902549,815.7391636,cowpea
18.018621,42.36621389,37.82732604,28.90896068,68.28551443,6.709807082,799.2637909,cowpea
24.80199964,55.52760987,47.69396852,27.87613496,79.38391105,6.220964558,833.0722705,cowpea
22.82772407,49.48473667,48.74348787,24.42783462,73.83309556,6.657360865,852.7321784,cowpea
17.74867838,58.67657963,48.62038227,26.52900663,80.39373604,7.209306025,713.0981751,cowpea
16.06827514,50.88206014,64.72232176,23.22258516,88.52248818,6.537439453,796.3573215,cowpea
14.69558464,51.74252711,47.60562542,27.22732994,73.58798612,6.485104533,754.6463824,cowpea
18.43318272,52.13670942,37.86227005,27.42727474,86.82292584,6.443084971,646.1534096,cowpea
21.37856939,67.2892383,46.62475579,29.55650585,71.32173331,6.546560655,969.5629957,cowpea
18.70262952,49.46025717,56.73580567,28.85217698,75.5062723,6.467492258,1053.269847,cowpea
22.32683086,56.7432353,50.0437969,28.77711376,72.81524369,6.433847853,586.6056517,cowpea
14.4026397,56.50071429,45.11744836,25.73125905,61.5031628,6.269239177,795.4589887,cowpea
17.21931678,59.48707739,51.38803406,24.51121328,89.21277922,6.472685839,1026.028161,cowpea
22.43679175,55.68294177,48.89354395,28.55036298,85.76632729,6.610254298,782.5890616,cowpea
21.20701592,48.76181913,48.06638875,24.34491798,89.80792097,7.479396022,722.227751,cowpea
17.74762823,54.62731165,46.03220667,27.2714841,79.33357092,6.310507723,712.7186198,cowpea
18.90471073,54.90748222,36.73441471,31.23662481,62.22093862,6.109239168,595.983479,cowpea
18.97368012,54.62680058,58.54738928,26.63178029,82.76869954,6.36231717,954.1545672,cowpea
20.11943648,58.85336591,43.61754912,25.30050964,66.71527166,6.399593619,760.458443,cowpea
20.47186422,54.68770878,47.54842944,28.98924377,87.05021476,6.246919106,801.301873,cowpea
18.57316072,44.64161257,49.46838823,27.52285972,61.79791299,6.238837291,697.0303166,cowpea
22.58588462,42.77865545,47.87254607,30.53835697,86.2685406,6.137421427,733.0447507,cowpea
23.42438002,39.33063734,59.6314059,25.22460089,67.10807638,6.166684324,953.6947904,cowpea
27.35594242,38.75646627,42.76829044,29.93282966,85.07836612,6.18974855,890.5952375,cowpea
15.98958469,48.88582093,41.66179922,28.30987112,72.88475036,7.030313786,722.9613527,cowpea
21.64161162,46.86217903,45.89741793,23.22436455,83.17022927,6.007184193,912.6626616,cowpea
14.86144609,43.97824197,38.65957153,30.40791181,81.77093084,6.132235752,828.9872825,cowpea
16.53953572,45.28592612,52.35987955,21.92721916,75.20288572,6.258729401,869.1481094,cowpea
19.48170292,52.94493619,57.06465791,25.14227158,84.16549886,6.962260219,720.3466681,cowpea
20.98861279,52.84378608,54.63511667,30.81820281,82.80067257,6.483091108,841.1875781,cowpea
19.77523668,45.02570864,49.65581699,27.71547362,77.60639375,6.869790523,667.0954188,cowpea
18.97543227,58.29294617,52.18673145,28.84882487,69.65981689,6.147072186,672.4319503,cowpea
21.49379576,52.80508798,56.20048306,23.72389412,64.16799688,6.514302442,799.6866653,cowpea
18.27188123,46.13429879,42.81090557,29.20666257,83.73434897,6.250471616,751.9533303,cowpea
17.19625203,48.93839234,44.99423055,24.54587723,85.55592524,6.407929873,964.680449,cowpea
21.6942244,61.08470677,58.39363336,25.78209353,80.50497463,6.990441446,973.3119184,cowpea
16.74407851,60.32051703,47.81309797,29.99609207,63.75094847,5.945070333,956.6594535,cowpea
19.05569014,58.60887153,41.79000282,30.7065623,66.28357125,6.998400425,617.1600074,cowpea
23.0435549,62.21573673,48.87078851,27.01728404,64.09766815,7.153572611,1111.75162,cowpea
25.20889502,53.1881596,47.74833978,26.00453527,67.67469075,6.559711263,648.9839243,cowpea
14.98559636,51.95845387,56.7066556,30.28805491,60.62939985,6.797685309,772.1613467,cowpea
12.82330187,51.91400425,44.38724639,25.97986643,62.99304102,6.481843028,797.0946866,cowpea
22.24674904,38.24789185,39.32373298,26.33701408,68.25567217,6.390482249,787.3609345,cowpea
24.86326606,51.79615635,53.77643656,28.68634047,86.57472873,6.457734542,971.9087831,cowpea
20.23869221,36.96453203,66.38924442,28.11545651,65.58292703,6.309651141,1038.892722,cowpea
15.4873908,54.16626327,40.61859267,27.20358333,86.2591547,5.985468604,792.1167251,cowpea
20.3159832,48.35015995,37.86074683,28.72698952,79.73032301,6.770198324,733.6277671,cowpea
23.65291152,52.23038423,48.60314412,26.52493508,82.12461258,6.134742022,864.8318696,cowpea
15.61983719,44.67480852,39.47225591,30.87955641,69.27162726,6.361516506,644.0946129,cowpea
13.53733364,42.43037204,54.28316298,24.82113982,80.56584045,6.274064908,794.2281342,cowpea
26.56011746,42.0401182,37.19159328,26.65976414,62.31956379,6.939019559,778.7976714,cowpea
20.15962928,48.12207786,48.16778415,28.92625503,65.49767594,6.251217369,896.8022861,cowpea
18.42488672,42.04726347,56.41267587,27.30899379,78.55330416,6.790348431,522.1010181,cowpea
19.18311638,42.6527203,50.95824959,26.9554412,62.32488065,6.492174308,718.277982,cowpea
19.71059764,53.61959508,34.95724068,29.44549577,71.5758244,6.518748446,636.2388143,cowpea
14.43790191,47.03239658,46.74369272,25.80399881,75.26049983,6.520686088,875.6287634,cowpea
20.58067114,47.37432976,50.27435418,27.81126907,82.49888165,6.92940349,897.7838046,cowpea
20.79519177,47.11045575,47.41492718,25.80555673,88.28235761,6.67300566,800.372499,cowpea
19.83978385,44.13090191,51.14641882,26.55521119,62.36121004,6.316872205,713.7237667,cowpea
17.73344435,53.35552516,49.35500396,26.92894567,89.38324926,6.227332583,927.6082807,cowpea
17.0427705,54.28382859,38.6774676,27.27769497,73.54584645,6.748772174,889.4254395,cowpea
22.61390058,50.1924832,44.1341973,25.99914842,78.41419204,6.338162716,815.1515778,cowpea
14.6804734,59.1320303,55.04276365,29.5187089,76.56461459,6.2212205,896.7427517,cowpea
21.73520265,49.73655639,43.37710934,26.1889006,66.32564371,6.70626277,809.4376829,cowpea
14.78175613,55.76754727,58.86242661,31.68884739,77.90775407,6.636717189,678.8943322,cowpea
18.90630237,49.68268503,51.80309006,28.05495388,70.49218773,6.315261682,838.970765,cowpea
21.71871434,39.01295331,59.31242595,29.17728266,78.45934222,6.76615378,821.1483019,cowpea
14.98142886,48.25224053,47.76641405,25.16731207,81.38258266,6.565489584,694.0950531,cowpea
17.81464898,46.6325281,59.64763885,29.28442084,69.96464749,6.207434495,819.9265388,cowpea
19.36740567,53.37575647,44.29261565,28.22520869,86.85414078,6.664107688,1080.761351,cowpea
12.03147398,52.66299428,64.69857073,26.72553038,87.98842823,6.85368062,833.2366883,cowpea
20.19534647,57.52604397,58.45853726,24.53359985,73.37632026,6.430876264,717.1269724,cowpea
22.8221054,53.2534181,55.97289737,32.7760596,81.22663251,6.215888774,782.8061071,cowpea
19.74882586,53.43093493,52.58778689,33.12599163,61.64019216,6.433440899,999.3897714,cowpea
17.12025099,51.63105886,44.89675697,28.27117036,76.34565771,6.848933634,817.1872002,cowpea
16.88200913,55.60378465,51.19777359,30.38204694,78.19138436,6.578124254,774.7013072,cowpea
19.49347368,52.25849883,49.76634925,30.84877271,64.91751609,6.909371765,931.3585386,cowpea
85.67023735,83.82050663,102.2846649,20.82411746,61.58106284,6.509997662,439.9521343,cucumber
75.08278312,57.05949586,90.64455083,28.04255185,86.52492526,6.45923468,800.8153568,cucumber
84.68124207,62.61078065,96.70167262,24.91104484,76.82722584,6.310797219,743.6777963,cucumber
88.85480797,55.4241504,88.59118377,26.29388692,86.32452124,6.570594438,577.8275937,cucumber
100.3944139,67.42170581,109.8251306,31.77817875,85.32140896,6.513810878,785.7743707,cucumber
91.59836176,67.5437054,92.63190975,24.59019235,80.02329529,6.932446847,590.0768948,cucumber
80.75695832,63.02978385,98.2120115,26.57212385,81.86418597,6.929550408,524.5806976,cucumber
88.59996901,76.47674839,97.46552852,26.3770496,73.95921589,6.477269799,899.2006997,cucumber
95.4082821,45.39344608,101.7757041,27.5860593,70.70208807,6.711215726,719.6015668,cucumber
95.85132039,56.52287583,86.37901606,24.81602819,70.40585612,6.638002078,775.9068891,cucumber
56.65107289,59.61368719,75.87211422,26.1342006,75.78130875,6.496374768,661.3194066,cucumber
102.5103297,55.22578637,76.90016964,29.30931506,60.21818944,6.679715855,521.9379609,cucumber
102.594018,71.03335213,88.82810966,19.26239711,88.37134095,6.465802044,742.2147846,cucumber
93.82199212,75.50954602,89.79143888,26.25511212,83.24120604,6.496221602,910.4820521,cucumber
83.41777756,71.78602376,88.01384277,22.15946444,88.3089197,7.071699406,701.6785244,cucumber
80.45046689,67.68918056,105.3881221,22.68868054,89.15970296,6.420315275,542.4625662,cucumber
87.82613801,62.1527893,97.27490204,18.74985032,66.91700647,6.678760777,606.511437,cucumber
89.29481307,66.54134939,78.94765932,27.43343864,87.83856765,6.760760632,779.4442486,cucumber
91.21243732,60.37777605,71.47657497,25.70007602,67.87289955,6.920731216,786.9637442,cucumber
90.69027223,61.01594558,87.68113595,24.39797153,78.69358464,6.356483822,455.1348215,cucumber
103.772639,54.16771327,95.42259391,24.90094469,70.57148277,6.280627622,815.830535,cucumber
119.5188123,69.09584233,86.6449545,19.24340479,68.37835914,6.752823862,799.5579808,cucumber
83.35414512,51.76247386,95.09494862,28.80306088,66.17311566,6.688587583,622.9913538,cucumber
83.72869005,55.83253883,97.13490955,30.43687791,73.82610616,6.455669303,733.7190394,cucumber
83.08069159,69.08301925,99.60060875,25.84942249,73.73705356,6.703009518,775.7966949,cucumber
94.16276831,58.86564755,91.42480673,27.21928073,65.58366734,6.406456604,622.5363981,cucumber
90.32482055,56.98731094,78.64608676,17.58950461,76.96195455,6.466326533,708.1557203,cucumber
84.65132383,64.25235143,81.8145521,27.06034139,88.1763748,5.780991929,602.8628165,cucumber
97.15866337,72.85145253,96.42291994,25.44877721,72.66777783,6.383679554,859.6282713,cucumber
85.00201725,70.85886164,99.95117898,21.65956488,66.38139885,6.314313607,562.2628207,cucumber
97.1373522,67.73308659,99.62591983,26.45236528,76.30681769,6.01885153,781.0554065,cucumber
88.18246826,52.45726768,79.18902152,29.43445408,84.07626771,6.722209705,820.3322207,cucumber
99.52590508,68.23189452,103.7736658,26.07200291,72.43356558,6.346848365,716.6348255,cucumber
93.97534029,71.2883202,87.12263539,27.867651,67.91594628,6.000228047,907.8168689,cucumber
87.68450506,83.05736696,98.02949927,26.2696116,65.86671033,6.325346687,448.5446303,cucumber
88.90691303,68.12544009,105.3776995,21.62447901,72.5759913,7.05331948,727.3318863,cucumber
91.48942796,62.19733023,80.65514652,28.89634066,66.59048651,6.46406841,808.5251433,cucumber
87.48797187,65.68948269,102.5030919,24.04046563,71.62728001,6.172009614,762.1959588,cucumber
97.28238107,63.81540689,98.93067827,25.41834688,87.06057898,6.459695849,636.7426122,cucumber
76.40380453,79.01112426,89.77588136,23.71892812,73.26392227,6.296600186,826.427466,cucumber
82.93156654,58.18267511,98.17485781,20.41591984,74.14576456,6.212544259,501.0464057,cucumber
92.78029468,64.36694684,96.60040957,23.43009443,81.24632513,6.697216054,847.836888,cucumber
102.4113432,47.26174826,94.5041196,23.49944343,82.2345802,6.424154683,533.5704147,cucumber
104.9951403,61.28713122,105.2999798,26.04287618,83.58571782,6.521326129,543.0238612,cucumber
85.74751654,71.98194731,103.2719122,24.07481296,62.67958564,6.393935782,807.6854108,cucumber
79.8966615,70.67635054,90.28199076,27.11223679,73.80294774,6.948672237,618.3466854,cucumber
79.33346631,63.85749565,88.12496116,27.82063597,62.22013727,7.037682672,757.1516137,cucumber
98.59630094,59.64729402,101.7898674,28.77228565,72.62474859,6.064076373,794.6134695,cucumber
70.90417233,58.41390515,105.6102293,27.35553205,66.03604041,6.065148134,889.2461643,cucumber
91.17925077,76.77431311,82.55113141,23.140847,71.90577799,6.574417229,671.5848328,cucumber
93.06512206,57.54629833,94.8671053,21.26822178,71.49312501,6.546052111,581.3791355,cucumber
101.4518806,74.68987827,90.03732409,31.44699138,75.58417851,6.855100231,835.0180339,cucumber
99.96032503,79.78533015,85.80686969,23.5870591,67.80672063,6.530401704,726.2321681,cucumber
73.87990396,67.86429395,87.49052206,28.96077026,69.71900798,6.671843311,891.6729001,cucumber
78.45381432,55.33931334,90.30233803,19.11914732,68.49041409,5.984986262,584.4645452,cucumber
96.56849524,77.44387352,78.51585325,26.72722189,69.76506496,6.451613563,686.0471168,cucumber
93.46146944,58.52880592,97.46394874,25.75176282,63.41836841,6.350363462,664.0079697,cucumber
98.04211032,63.49197063,97.14329902,27.5562325,75.99082515,6.46688882,833.9463823,cucumber
92.29587397,63.01463082,88.8084073,24.83332517,63.78114092,6.881367605,907.1511638,cucumber
98.85525204,57.21015244,104.0315485,26.20848155,82.59299039,6.285114795,553.7397604,cucumber
86.11430753,64.85513242,87.58078873,19.68271073,63.24207886,6.473810113,558.006191,cucumber
97.5107272,69.33138802,75.6423738,32.46127157,71.52841705,6.403220682,655.1586606,cucumber
88.26513409,77.05945665,96.73458876,27.71443326,65.81687743,5.77514745,771.1758682,cucumber
102.8992485,45.77773155,85.95997339,20.33582888,79.26159743,6.731954864,700.2550581,cucumber
89.39060488,74.80531291,104.6253038,24.32127654,62.79421527,6.58577882,802.4126262,cucumber
80.94331664,65.33408218,85.03692523,22.34135969,63.10658826,6.35484118,820.1835622,cucumber
89.04798884,54.18571646,82.76562777,15.93541684,76.07073512,6.867216085,691.3787941,cucumber
84.38426844,70.47665236,90.80592886,24.49262369,89.33288365,6.089182741,651.3810595,cucumber
85.13337193,58.44932334,82.00119334,19.87698496,79.6622137,6.749648777,652.5561228,cucumber
95.40476196,64.98402538,72.08720693,25.08201798,65.79941992,6.588494221,952.3538278,cucumber
104.2977486,69.85690058,91.5143376,28.96969651,71.75125592,7.069019754,801.2551699,cucumber
87.37204523,55.70567724,77.88145751,21.2261844,62.74004815,6.428142448,661.4506097,cucumber
98.25307517,62.78980112,86.15369868,21.1773457,69.34828246,6.355237568,619.031702,cucumber
90.17915078,66.03985219,85.7570872,23.09469799,65.03466282,6.564615044,656.4689835,cucumber
113.1160938,64.37642881,96.17838219,19.49853353,67.72707098,6.762403199,523.532753,cucumber
93.50760358,56.28125392,101.7031573,20.46643583,76.7824428,6.533763926,825.2484085,cucumber
93.4337035,71.29587422,78.35453222,23.61694721,84.49599296,6.086561916,863.089749,cucumber
102.6435437,63.18779622,83.39387209,24.26532696,87.33846517,6.104026102,543.0773477,cucumber
91.55918586,64.03357289,95.94466482,21.51860751,86.42295035,6.938026112,567.7937886,cucumber
104.6163569,57.05104273,86.04696584,26.09713203,71.76660686,6.375775238,772.6572251,cucumber
89.93146005,74.32057843,104.3574006,21.64807978,70.24169166,6.819601573,588.5336415,cucumber
80.1030476,59.75849659,95.32394722,26.51969007,74.92757111,6.977002713,734.5845778,cucumber
63.40718816,67.47739246,99.3474813,25.63645823,80.61645124,6.414576197,806.0372876,cucumber
97.06290056,61.17962443,105.5170299,22.77985863,64.43245735,6.575923148,911.4929687,cucumber
89.58320222,50.37701318,96.46870465,31.0578231,66.60858503,6.295329281,840.505621,cucumber
87.71365584,50.22864715,95.08523985,25.59181999,64.24071729,6.334339152,678.8751141,cucumber
86.83092951,78.063753,79.85522509,28.34515582,85.32951724,6.670206052,707.1269554,cucumber
90.28014792,58.11271902,95.28144408,28.9811835,60.69582421,6.476307332,479.0711392,cucumber
105.5248037,67.04820848,78.36900815,19.14201726,76.04879748,6.691356478,673.9993647,cucumber
88.50645079,74.7093632,86.51824072,23.54947397,64.57083853,6.622038566,631.1935792,cucumber
95.46524416,65.7938672,89.15870417,20.54387385,89.32285107,6.636597191,804.0261508,cucumber
95.78010355,59.43912552,94.24604508,18.99460313,78.27483639,6.873207973,796.0969651,cucumber
84.65737977,66.66793054,110.1332095,23.51659773,68.87978946,6.312346269,650.1650467,cucumber
92.24138102,64.68775092,92.64772783,19.87700093,82.29711758,6.742931577,660.1779479,cucumber
78.59802802,54.08838379,80.92008258,25.98465557,84.69646952,6.499891593,903.9480392,cucumber
95.7193577,54.81845824,86.27917792,23.83093028,78.80069707,6.742007402,1011.843059,cucumber
98.34835738,63.64304967,86.83454297,24.40765205,79.02270103,6.439023064,596.3875795,cucumber
103.8332975,46.46789115,80.46676543,24.08746883,78.22840578,6.465263912,935.3295806,cucumber
96.5118977,53.59056115,77.25148429,25.4301541,72.17045702,6.580592067,694.228586,cucumber
94.63308671,70.75395779,93.19931692,26.49655738,87.10205565,6.483672322,611.7081936,cucumber
90.28906593,58.7466186,83.5363233,20.12562972,80.05568595,6.719167634,469.4493254,garlic
82.25796389,46.87543526,88.07846064,24.87453205,62.96240156,6.664893489,655.2412961,garlic
93.02990857,56.71687602,73.87149065,24.36140434,73.8836121,6.997867235,442.7231312,garlic
73.01490081,46.50091375,80.3238914,18.32621247,70.31709602,6.503826644,590.7425427,garlic
83.89507674,40.8445048,92.91861313,19.8791556,70.4261632,6.373653021,558.1486158,garlic
74.04884278,55.99176446,102.9893033,19.50115723,67.44324257,6.71256138,460.7405814,garlic
102.99486,49.80863952,76.62153628,16.41983454,65.01415085,6.489100991,518.0329062,garlic
86.67239833,58.31095538,102.623438,19.62122237,65.32100313,6.325577214,412.22957,garlic
84.50624231,58.28794679,76.07018382,18.60964777,78.69641035,6.400269703,508.5132192,garlic
73.17894905,51.21515073,86.75431335,15.86750494,87.81322382,6.578628436,512.6394322,garlic
94.40918828,48.30187473,85.18342549,18.23355929,70.87102979,6.209669598,432.3201361,garlic
110.2195615,44.64458414,84.78229074,19.49232762,81.25597581,7.067893615,362.6458568,garlic
99.75611276,49.25689278,97.85047023,20.23606639,75.31726025,6.263910102,387.0856024,garlic
115.9312102,62.75647706,79.46221645,21.55251883,79.765287,6.672654381,590.7920383,garlic
92.53568228,49.93752294,81.06411875,19.53155168,84.64512646,6.671915656,422.6746945,garlic
86.13113699,42.8668203,88.92603149,19.69721827,82.93878833,6.662634122,546.0828465,garlic
87.29049327,57.74522134,90.77784342,22.38826581,74.11791351,6.272315032,557.9555534,garlic
86.59378749,59.32020643,80.38308385,18.45996475,84.71449432,6.677628522,524.9509948,garlic
108.5115406,53.4955819,101.1421807,20.8707501,85.07582434,6.941752157,599.7835509,garlic
95.18734436,40.70351096,73.16318602,21.32753038,66.22834097,6.785630705,544.4599994,garlic
96.76428105,55.97734197,87.59267838,20.71493484,63.21872839,6.789774645,534.576238,garlic
94.88089,50.57659878,96.51449836,22.07768316,61.80771873,6.551677229,476.2779541,garlic
96.76901238,45.46622912,103.3264552,21.35677872,60.31197566,6.229045041,445.0505792,garlic
82.6965552,48.91767399,106.9238088,22.55330158,84.49217783,6.057010074,456.1949736,garlic
92.79097337,35.60288882,90.85070085,20.34228864,77.31328948,6.440299991,480.863717,garlic
107.6866124,50.11326187,81.96692751,21.59397801,63.00298539,6.681565984,483.2780714,garlic
70.69091799,53.24624372,81.86740679,19.15534005,74.19671208,6.18098183,500.5096723,garlic
101.0607047,55.25344905,88.93058972,22.77890598,76.81267556,6.745022905,598.6146505,garlic
94.92783974,45.66456403,106.6466803,15.25070379,83.18062311,6.805711373,434.8929455,garlic
69.32759719,43.52540596,92.0656968,19.83927745,83.15920232,6.367090457,534.7832731,garlic
87.7797985,46.73067165,104.2039643,23.27913078,68.27550375,6.141018336,477.437209,garlic
90.24562933,45.66340537,95.77861214,15.53262065,88.39521967,6.482272973,432.9547821,garlic
96.54979794,61.18790253,67.83122323,19.83208076,69.29922515,6.85112432,370.294709,garlic
94.95180441,45.95812501,73.83859438,21.14150694,75.03458888,6.440457614,384.4684106,garlic
77.93204114,53.87039372,91.94180906,21.27305879,86.32295847,6.742880441,457.9927642,garlic
76.15330607,45.45325698,89.36221436,21.47527367,89.7787642,6.899026629,520.4531352,garlic
89.98387328,48.41006095,98.43184219,21.53381223,64.74145748,6.071046088,356.8369009,garlic
88.65947654,43.78066272,83.91761567,22.02534246,72.97723566,6.878385359,547.4190122,garlic
97.9600997,56.41125368,88.35269771,20.18327971,76.02409857,6.458173895,509.7187117,garlic
83.25973453,60.86579437,106.3486117,19.73985297,80.07574166,6.637774246,549.7171345,garlic
85.53766633,46.12566993,97.80630674,18.75593235,84.32225112,7.173521884,487.0441746,garlic
84.71036013,56.15169479,89.749436,18.59682261,87.41151432,6.360429402,601.314563,garlic
91.81600139,46.15162786,94.78940189,22.10430656,72.75223994,6.273155036,438.5559957,garlic
101.6702669,59.98373872,93.53556782,17.20367348,64.53949385,6.467004775,513.5369921,garlic
106.5123397,70.25521076,73.66562589,22.13179667,86.20602603,6.951416794,458.1267841,garlic
81.41177303,52.03256605,98.80064386,24.61217205,86.9581219,6.441539196,460.3146766,garlic
100.0633557,60.68912995,78.04647441,21.34756319,66.80152037,6.280538405,487.4455085,garlic
70.86725482,59.10305263,79.75413307,17.51245318,66.21849918,6.168528981,467.0716576,garlic
82.86750872,52.50409251,95.93538986,20.56365525,64.17656381,6.362660642,440.212244,garlic
81.97833145,42.78520174,85.79642522,20.14599131,71.46817785,6.649783025,381.2490014,garlic
90.12480705,52.28656228,70.95268781,17.67228939,83.54847657,6.066273131,436.3010252,garlic
82.06118455,57.99903557,79.06351967,19.22425849,75.70374252,6.283669418,577.6898629,garlic
91.89099557,46.2123673,83.01968495,21.34533004,89.32983554,6.963385753,663.5553415,garlic
93.13716854,49.75182733,91.63620798,18.77273468,66.15910868,6.877673233,512.2997974,garlic
83.99563324,40.49300639,75.59989464,20.81617217,72.75916312,6.656801474,544.6879289,garlic
97.59696124,42.01853513,74.99758608,20.57403536,62.36736094,6.49611546,646.9293429,garlic
96.04532944,57.2833387,80.81305639,22.37452832,67.89827477,6.179447024,535.9384476,garlic
90.98107775,59.00062616,95.95082693,17.18774974,88.35107205,6.472715354,472.4512218,garlic
114.6658801,42.11620408,98.72921982,20.03341644,83.06004301,6.495670629,529.6543008,garlic
88.43765606,54.11903609,82.27582748,18.41621987,74.75152932,6.626595635,419.6865799,garlic
75.48279042,42.79721509,111.7595416,15.71419436,64.25790787,6.663088732,529.4939463,garlic
81.77660366,46.19180307,83.11659711,21.22770946,61.23765481,6.160543998,551.8450811,garlic
95.52377193,48.10020327,94.41944384,19.03403612,75.06056619,6.546649185,471.9495358,garlic
85.85466059,61.34596292,98.2472638,22.12054074,60.79800691,6.470271087,390.1120076,garlic
88.06144844,53.54825158,97.62510613,23.38420493,81.4618424,6.621475002,436.9178063,garlic
99.30959139,57.63364797,82.95591085,18.53971506,79.99023204,6.635114201,412.537795,garlic
65.70707032,48.93265058,92.57814705,19.75067992,75.24280973,6.654936297,507.0413829,garlic
93.52392362,50.78955764,100.493656,18.79478091,85.66909873,6.343969944,369.6391395,garlic
84.98613911,51.88422571,85.5530052,20.63207553,87.43367197,6.638691447,363.2270939,garlic
86.54276327,46.1719402,86.57646026,14.49908922,60.00202493,6.458711469,628.0264645,garlic
75.41423592,50.79594834,97.97577063,24.98339982,64.9270922,6.672811752,410.377024,garlic
78.91945443,41.36733406,92.14707045,17.73107752,70.26430925,6.78956457,570.4812553,garlic
73.94674719,54.04767361,73.27329615,20.12575399,87.08738506,6.489589395,632.1704047,garlic
90.51574591,53.42288274,83.37949044,19.39199918,76.31236934,6.107650645,628.3351822,garlic
102.3130054,54.70638272,83.23700089,14.54650964,80.41848922,6.567833451,529.2654465,garlic
92.34285146,51.65058989,103.6485739,16.09839005,87.17534947,6.508764604,504.2473098,garlic
96.79939873,44.28349102,94.25983122,18.00538629,78.30729823,6.569361646,624.1252803,garlic
91.41863298,47.97643996,74.56883145,17.8262061,89.75020649,6.905718996,558.0186402,garlic
105.5665657,51.01197299,97.63512567,22.6535698,89.93229184,6.956994562,470.2961233,garlic
84.91090195,58.1497073,94.85833147,19.90391654,60.96873051,6.456117984,325.2571517,garlic
80.08982664,44.17142029,84.31357689,21.77761598,79.72867782,6.625939328,546.1459774,garlic
89.1626945,50.38259676,87.66529082,18.90008804,61.07843644,5.875792502,500.8498068,garlic
72.03541279,53.39426317,69.06891853,19.60904984,65.85624277,6.834896846,596.1400916,garlic
90.72692422,50.42575113,100.3748822,22.45126823,61.70026996,6.502512893,498.9542546,garlic
83.27968923,41.71645257,86.63141651,19.15077953,83.26251706,6.4112524,361.771979,garlic
94.50820988,44.11626526,81.7886804,22.93634505,83.54239938,6.696072031,411.4191336,garlic
87.24126044,48.78829459,84.24159788,19.21606969,65.09082925,6.271670901,353.2077169,garlic
97.72228101,54.51462666,94.76975019,13.85071945,87.9745628,6.388236391,490.0982631,garlic
94.17621516,59.99960062,76.26952455,21.42951198,87.09805783,6.317658662,403.547892,garlic
80.54284075,52.16613751,76.12122537,19.3627665,85.65909965,6.467465233,465.7453494,garlic
97.20163433,51.5268864,92.30926764,20.34801395,69.34728802,6.452990621,566.2730675,garlic
79.3191656,62.59366462,104.3725059,15.16894733,70.67780129,6.637841925,600.648041,garlic
79.43361785,54.96974303,90.56824062,20.36093741,65.91587594,6.324789254,544.8365303,garlic
90.4603581,45.13673259,76.6301872,20.49849081,70.45136833,6.47802396,515.1882036,garlic
100.6561526,42.20852726,92.85486943,16.68713411,71.5884596,6.481015591,543.4701176,garlic
96.19756124,50.78194579,86.09970813,22.39662149,77.84486119,6.168197431,360.2421201,garlic
92.50352608,42.17534126,76.51668495,20.4393298,76.25191288,6.713481106,496.7475603,garlic
79.37963334,51.46113476,76.90260498,20.42260201,83.02514516,6.477253465,525.4502235,garlic
70.58581933,39.26998584,99.09459172,18.5618827,78.53184998,6.85689159,374.0002239,garlic
87.75468362,45.93176462,88.93679076,23.05600062,87.13810451,6.683620414,510.7309432,garlic
74.72157567,41.74864841,85.11331302,27.59024324,66.64599017,6.566637861,2174.776505,ginger
71.80163983,41.02997152,68.6981526,29.65965866,84.15696831,6.054281246,2012.0666,ginger
84.91670478,47.95654406,74.1058838,27.10896916,68.75157972,6.460860748,2140.204584,ginger
70.76760771,46.80522799,75.82653912,29.21988561,80.42815141,6.561823513,1873.17617,ginger
74.19106817,40.5718988,68.43602253,26.26920714,79.75729104,6.495409546,1917.844474,ginger
73.29477933,31.24186665,75.22055075,26.73117548,76.80278753,6.6695943,1794.262971,ginger
72.12160873,42.97981654,79.0274208,29.46831434,61.0146133,6.53649759,1608.388024,ginger
67.32595308,45.0117211,68.480555,26.38270291,65.44103281,6.125976127,1417.492463,ginger
81.41155632,44.55350486,78.45010785,23.74385979,60.61865402,6.852213827,1909.801086,ginger
84.52320827,38.28901433,75.56877974,27.75782363,64.35012229,6.798511746,2063.573588,ginger
85.3426531,42.81857361,78.57791392,27.91708717,67.99991349,6.589535669,2143.816009,ginger
75.82233272,42.9838379,70.97307958,28.73841621,72.4811099,6.521451775,1775.174943,ginger
62.59177081,39.89634236,68.63525416,27.86327389,61.85074353,6.158067473,1709.0499,ginger
65.50229109,35.75618063,66.87205593,25.83215529,72.10357407,6.459064313,2040.068536,ginger
68.11525038,42.12704315,63.65535107,24.2195565,88.11088183,6.943269501,1888.262235,ginger
66.33664111,41.48369882,73.53156326,28.25627921,61.34275067,6.241831118,1791.038945,ginger
76.90476739,36.1206425,85.26982667,23.34403567,60.20221691,6.81741956,2156.251006,ginger
71.18464788,36.85868263,79.1591284,24.6209142,72.62499611,6.345628422,2008.592036,ginger
73.31738666,41.10708531,69.87719211,26.49795691,64.10379404,6.811727982,2178.912439,ginger
79.7031112,49.57813153,75.0834332,28.5781448,73.48236088,6.402167399,1958.954265,ginger
59.18852225,42.46794243,62.92849128,27.29606136,85.14518017,6.303162728,2123.894205,ginger
87.19865141,44.45906216,68.23802431,28.67038657,85.46176711,6.149499844,1934.893281,ginger
84.2525598,40.64980936,62.05802559,24.1881809,63.41054944,6.568553205,2151.34141,ginger
70.62146634,46.06337906,60.81330383,24.9052591,73.15279836,6.461041377,2408.604229,ginger
61.6920327,39.06987168,85.93272146,28.87271965,62.27945347,6.437451654,1814.685567,ginger
76.42190621,39.17556441,59.4051275,29.77348386,62.08867615,6.26269663,2037.554197,ginger
81.53149542,43.14824007,65.24844104,27.36715802,83.60588171,6.242263031,1880.943586,ginger
81.76699186,39.71714931,79.6646073,26.30086973,61.60959926,6.561001516,1914.700664,ginger
70.12272175,35.06247801,71.71041983,24.86080258,68.41379982,6.723930683,2174.643967,ginger
84.09563124,45.47462911,72.04973526,28.66348243,69.00276328,6.288577295,2125.320167,ginger
75.61108274,44.3432862,83.35668945,25.18512025,69.3696189,6.309411907,2054.851908,ginger
75.9348315,31.38508005,72.33048635,27.89319603,63.13210377,6.503286197,1866.203721,ginger
80.62677025,34.9744625,78.79087941,28.2055734,83.55204172,6.431356801,1835.142545,ginger
88.08128902,43.8416406,74.42935936,28.54289918,64.10600574,6.56623715,2016.214788,ginger
82.94791883,43.10043295,67.74658721,26.58343223,65.0664626,6.498675318,2062.538544,ginger
85.49681658,39.95841918,67.23877511,27.28327645,78.46708746,6.383179845,2100.631512,ginger
61.5485978,33.27059793,75.08914339,29.3773053,73.41522861,6.566457631,2325.130951,ginger
74.9652882,45.3380536,80.38800916,25.52644444,68.82971563,6.493581185,1787.014482,ginger
62.50237658,39.89510021,54.83152107,25.70458678,64.06408398,6.917919152,2105.539431,ginger
66.85575182,48.07413605,74.98660971,24.16342083,86.71295265,6.151380355,1976.113155,ginger
67.89226398,45.54098948,80.04943412,26.21560764,65.32704704,6.951579648,2049.404559,ginger
71.06950721,39.46893408,77.37935965,26.51636642,75.69356901,6.558003272,2219.046974,ginger
58.34302056,39.05891208,88.70651372,29.39043359,74.95065277,6.388459559,2075.678034,ginger
85.39384044,34.45928539,71.88935562,23.07028643,88.9120064,6.627047664,2023.74196,ginger
83.01848084,44.76343377,66.11771583,27.68411497,75.59142873,6.279765496,1872.953772,ginger
76.73075937,51.74987243,74.39964998,30.43513839,64.38045644,6.086939108,1961.226427,ginger
71.32188655,39.32867163,70.33898352,23.2307979,85.86868724,6.729535223,1676.294194,ginger
55.34801501,44.16394436,71.4840355,32.50914198,60.63691475,6.478610041,2011.588888,ginger
95.06326185,34.58974227,69.0539072,31.10956483,82.06645461,6.591113074,1854.06842,ginger
60.45100491,43.71218445,71.19299236,24.5105012,76.19923119,6.854145956,2050.565396,ginger
76.27526461,31.84743561,64.27825729,26.00354084,78.44212152,6.016420366,2098.093177,ginger
65.21818301,47.86695315,92.65056135,28.06689248,61.58511713,6.413762671,1695.514949,ginger
81.31689482,33.75806094,74.43738327,27.38258649,85.65640879,6.650655308,2001.325342,ginger
79.97000119,39.61142226,89.81698144,20.8958491,84.14325029,6.695462589,2242.554822,ginger
86.30986872,38.07355298,83.6369363,27.6219279,79.59337612,6.533054173,2016.779957,ginger
81.9819857,44.84422832,77.8047983,23.13097351,81.28680315,6.356673769,1953.763761,ginger
83.80215378,36.31906645,62.64976932,23.47887715,72.20122413,6.875645688,1812.865666,ginger
62.70377686,38.36917296,74.75332099,25.8040622,66.17863678,6.065667984,1938.430471,ginger
92.20411992,43.31901789,73.251682,28.74530901,64.99645349,6.324005502,1737.829262,ginger
78.62978319,36.21669854,76.23939756,26.72222833,69.49817777,6.646496045,1959.497978,ginger
89.25548894,36.67332098,86.24058725,29.93733311,86.40066085,6.515319511,1825.355465,ginger
81.89634195,46.85419792,72.17142593,26.90917265,61.81356797,6.416324633,1864.409571,ginger
73.41844378,35.09154642,79.38457354,25.48582905,86.1446285,6.562672144,1593.118569,ginger
75.40007074,43.06576252,74.9269393,29.83852771,60.68142334,6.622710406,1978.972979,ginger
78.49806359,35.81665611,69.96755291,25.16419874,83.38012312,6.142635075,1924.862765,ginger
66.68199749,42.99446672,70.92596471,28.79602119,71.79084775,6.742979673,1772.689475,ginger
74.56697352,35.26844377,81.46536623,26.16412043,62.20236281,6.408889749,2060.260478,ginger
75.42006316,35.22747076,56.17708785,25.07334386,70.18819243,6.679619935,1949.030089,ginger
69.46658519,32.97135928,60.66960717,25.2419828,62.80676586,6.413690294,1890.070585,ginger
72.96099515,41.07753675,67.73317608,29.50540238,86.50394805,6.192028939,1955.174489,ginger
90.28333682,48.94942158,79.05444419,26.65735296,85.31623687,6.271890349,1983.807633,ginger
69.97725543,46.71203707,74.37771075,23.54929568,87.77156821,6.575071723,1952.830745,ginger
66.17002079,38.80685143,66.47953416,24.28427707,71.71637949,6.682546964,1836.843323,ginger
60.83348229,35.27380347,76.85182594,27.96710455,64.62644245,6.418924529,2012.583001,ginger
83.51136029,44.55606552,70.41588923,28.21507901,78.84749823,6.337229932,2046.929119,ginger
79.55105618,34.77181066,89.31274794,26.57607371,68.42366397,6.24207542,2084.057362,ginger
79.79824981,40.27487936,70.87229658,27.35283723,89.66286413,6.621977022,1872.045381,ginger
59.59133179,41.46249637,71.42852009,25.92725327,85.75199044,6.474989741,2178.391973,ginger
51.49777914,37.01025327,60.48025645,24.01045891,75.78016211,6.311790488,2390.76447,ginger
72.4356039,43.34705449,60.73550448,28.67523272,82.60050071,6.367171045,2084.191845,ginger
77.63705632,40.42310024,63.64086539,27.24953417,69.62073137,6.378448719,2176.697611,ginger
82.55698974,43.65402415,87.5652612,27.01574373,69.50709013,6.993663091,2028.507345,ginger
70.60819177,36.13630599,85.87168919,30.1917355,74.79907939,6.478070873,2240.805919,ginger
77.89406972,42.80684317,67.42100322,22.97762068,80.03060057,6.240142259,2006.663656,ginger
82.96773838,34.33090403,76.89179781,25.52393261,87.02433363,6.548615304,2018.919776,ginger
73.54355725,35.84667004,75.39038394,28.86819021,62.99679248,6.015506671,1906.817571,ginger
77.81167559,31.1412261,53.57385956,21.1515817,62.64425193,6.478307548,2235.552472,ginger
78.5781173,42.12247255,76.45321388,27.68773313,63.2175587,6.506438838,1921.500097,ginger
77.4512157,43.86630611,73.45911152,25.84861107,71.15168994,6.180169108,1987.686958,ginger
61.53692764,49.74829876,91.26860183,29.21373317,64.13389403,6.566905263,1969.203195,ginger
67.26511499,42.97619182,80.8621212,27.28400506,70.35513318,5.909615403,1815.781481,ginger
79.38224595,38.43930141,72.40730463,29.77110405,60.9183984,6.174668679,1963.744537,ginger
72.41263696,34.81204064,74.0169368,25.64707726,64.88108106,6.370977675,2038.558939,ginger
87.62103537,41.29783575,75.85956815,27.58458951,62.98475273,6.558679433,1930.496303,ginger
72.75491151,32.73196777,86.68970259,28.71864099,70.76882744,6.099335432,2110.314934,ginger
76.39800265,35.18544799,83.57585877,22.46621429,76.7603543,6.238529043,2019.553916,ginger
86.02348558,38.73190761,70.27510072,22.33495582,74.81494771,6.595856842,2148.973135,ginger
79.28593265,43.36661138,88.37102455,26.47134862,74.36226188,6.641029232,2058.528357,ginger
74.05604372,44.86978347,75.94159806,24.66967196,79.55533855,6.475956961,1800.069547,ginger
76.71844356,35.90361388,78.67499954,28.64741968,71.34874657,6.636968809,2169.632165,ginger
13.81796896,41.29691985,55.38440592,27.22678927,61.779043,6.523641677,876.7387727,groundnut
16.96534105,53.9272405,55.44274932,28.82404559,64.1844042,6.371631541,714.5257788,groundnut
16.44852753,54.42595417,55.76343911,28.99734299,79.56074374,6.563821367,684.4433234,groundnut
14.56521958,42.61816763,53.24927236,27.48509859,82.2752237,6.475750467,670.4850736,groundnut
23.77782665,38.76033866,40.11154006,27.73254307,79.81236501,6.903639349,647.5552564,groundnut
25.05767993,44.12315127,50.7302421,33.21407147,81.14219972,6.162341801,787.9824145,groundnut
18.11111465,45.27205818,51.00568958,27.22073946,71.0217068,6.334797698,1022.268324,groundnut
17.90741433,46.96466393,56.69303122,27.7288067,65.6518597,6.672944848,809.0017697,groundnut
17.06350197,63.41353352,55.52751181,29.38179936,77.71548894,6.514208135,926.7198459,groundnut
28.32757793,50.19723618,58.82420112,29.28710548,84.68897521,6.732014137,914.9891066,groundnut
24.32910646,48.42277277,58.78707527,28.85748779,82.57222929,6.440380632,805.1543909,groundnut
23.03953048,54.98098083,56.17859437,29.94250741,72.92744678,6.73189557,814.7076671,groundnut
23.67024796,67.25220332,42.20716999,25.99066844,75.37078551,5.994932044,853.8207396,groundnut
20.35709928,55.26977722,32.68795864,30.67353441,61.74213887,6.383090957,885.500914,groundnut
24.07464479,60.80621857,55.11145522,34.29833198,65.443195,6.566062865,590.2753558,groundnut
18.89986739,59.36068957,44.26683723,32.57165532,63.76112678,6.145155527,874.0986212,groundnut
13.52065051,50.60283285,53.46339925,27.7736469,69.5617554,6.043220845,926.1315386,groundnut
20.92638932,44.34458069,49.36383062,30.09232109,78.78529628,6.0350037,1008.727048,groundnut
15.23047139,54.55375141,43.47553305,22.82670412,85.92026051,6.920909231,634.6617013,groundnut
17.7027217,44.67816816,58.25617548,29.75191832,73.8635153,6.716864207,769.4925458,groundnut
21.38431827,45.43157794,57.42463786,30.78315016,88.06261333,6.189786638,924.8555539,groundnut
16.01025378,39.2576872,51.38443714,26.89187968,81.90483015,6.561610963,938.8962148,groundnut
16.85504607,57.18224592,44.73047524,31.09923633,87.08515435,6.33533979,694.7059021,groundnut
25.14123657,49.95413067,44.74389578,29.69520002,64.3270709,6.44681824,575.3989552,groundnut
12.11757276,58.67750425,44.50621555,32.63816027,88.3898703,6.745471265,638.7688952,groundnut
14.98644803,55.11295294,38.13217392,25.07842829,65.1749718,5.708923422,744.5336696,groundnut
19.32773991,41.37052686,43.06343268,27.4485037,63.93562626,6.946711124,911.6396833,groundnut
27.55049512,53.9649258,58.67744576,26.94616846,80.60098308,6.472123438,780.8636984,groundnut
21.63553227,37.76874433,42.56904354,26.0055628,64.57094172,6.832420088,618.9214568,groundnut
20.18387954,52.98565822,46.46434121,28.09331738,85.20297047,6.07904992,817.1856083,groundnut
20.48508626,49.9053462,42.76783619,25.70700639,63.54017685,6.233009833,822.0988676,groundnut
20.47203639,50.59903837,44.01655194,28.32447855,77.16048424,6.553565203,956.262881,groundnut
20.86994617,52.14580255,55.44804345,24.49110414,60.22236379,6.030910047,734.8648931,groundnut
19.52904229,54.35178441,58.49713131,30.11617908,83.19637616,6.199277879,917.7033826,groundnut
21.65937589,62.59985763,51.28919168,27.72864167,68.7022825,6.062181994,769.6856577,groundnut
18.85958943,47.17063118,55.42949437,28.26067239,69.7859754,6.725169892,583.0215628,groundnut
22.3546887,48.35617391,48.76659415,22.08871158,76.00167852,6.608991362,968.3729818,groundnut
18.37002539,47.73853139,53.53548588,34.35724111,60.36687537,6.285730733,869.7606716,groundnut
17.38836553,44.04672989,49.54801641,24.93534057,68.51063879,6.502488774,805.373205,groundnut
15.16707829,52.30202198,43.44031908,27.40265981,82.87587757,6.891560378,708.1662305,groundnut
21.81504407,50.75995726,45.49158993,28.60012457,76.21441147,6.63533978,749.841265,groundnut
21.05869878,54.02614138,62.71402276,29.17719357,81.07934161,6.363146937,785.4996797,groundnut
24.71406891,42.44286119,54.02858928,26.60346557,66.59293373,6.501562416,766.844806,groundnut
17.12141688,58.67192035,47.38239559,31.96645649,65.15143852,6.587561153,740.4146371,groundnut
22.52769142,48.60030955,36.12375225,29.38202995,70.46972781,6.586001081,681.7148966,groundnut
24.42996128,52.42669922,45.70548763,25.69989876,62.91713907,6.298074862,598.8265706,groundnut
20.31685075,51.92110258,45.52665503,30.71947928,64.33538438,6.211829658,699.2448509,groundnut
14.01573526,56.27499756,58.61546757,25.53110851,79.72459746,6.713384481,705.2697825,groundnut
15.83056098,40.43951558,57.35273801,27.66299972,64.20755825,6.456579341,730.8966372,groundnut
20.49095428,47.67391929,53.84361144,29.05781661,82.31526736,6.560057452,835.2465234,groundnut
20.73675077,49.9995917,55.02249256,28.90320527,60.91181381,6.629759577,885.394899,groundnut
21.16328344,48.65660735,53.93562608,28.5915588,73.38452347,6.479530483,884.4526301,groundnut
18.47842828,47.41830631,54.01368349,27.17056652,76.02027962,6.722002138,824.3620249,groundnut
24.16041497,50.31582956,51.34922335,27.05215826,79.8169886,6.35306349,657.347787,groundnut
17.9661512,48.12246323,61.11474401,33.48753007,61.20941122,6.513930456,666.9318745,groundnut
21.82187162,36.4609457,62.52287132,29.33520103,80.63346124,6.777436629,794.482758,groundnut
17.54483926,49.8612394,52.81559735,24.36591525,62.63584854,5.896602615,705.6889829,groundnut
17.13777569,61.20233303,41.08373112,28.99638338,78.29111054,6.33022245,824.0551154,groundnut
20.8511901,51.52844561,51.01166094,26.39538935,77.82034491,6.518727172,855.4289841,groundnut
20.64975464,53.20512353,52.81198027,32.29348638,63.81454994,6.902482015,851.7838103,groundnut
17.2750202,55.43160017,47.76588621,29.78663495,84.72163469,6.362139225,746.1617456,groundnut
20.81710071,57.35488257,54.45757223,26.84434054,84.07940278,6.591776854,711.0708294,groundnut
23.21966421,56.61852867,44.74508357,29.33030998,69.45259363,6.387192347,915.5705402,groundnut
16.06708386,41.23262577,37.90812784,24.85977232,76.99292697,6.614370221,894.6963961,groundnut
19.02134682,45.54421584,51.552283,28.0045825,73.06330475,7.138834402,828.2370742,groundnut
14.10243306,51.53062246,51.16272499,29.51228457,74.51069194,7.011648758,857.8089281,groundnut
20.26154631,53.58755033,55.51223145,29.04706671,71.24431894,7.097952629,710.3079171,groundnut
16.66437781,50.3724209,52.00765756,31.46014094,83.87536674,6.544474212,659.9575093,groundnut
22.20072602,46.71126411,47.01472527,26.77362789,63.30350231,6.365717173,733.0675532,groundnut
23.3132803,51.26650961,58.4920357,22.37402627,64.994682,6.289533527,752.9024694,groundnut
25.5171742,38.99673878,55.10420225,26.80517933,89.43715053,6.302264958,864.8268707,groundnut
16.07230463,39.09327614,51.60816845,29.58170844,61.21828471,6.443237625,566.586414,groundnut
18.36391939,55.96960594,39.95589024,25.27515525,60.26896008,6.270527241,753.9958531,groundnut
22.54286828,49.88871174,49.09674039,25.7115981,60.67124537,6.716313472,945.2254284,groundnut
19.12817615,62.58706827,48.77396946,30.07218787,75.42255224,6.567482271,1024.336198,groundnut
18.06547875,43.42930278,49.0507967,25.84640421,78.28176279,6.600155607,697.599184,groundnut
18.97447353,54.96561557,52.12109296,27.43741933,80.75835708,6.430660803,695.7801229,groundnut
22.58140468,62.0831486,57.49204507,32.9610378,83.94184096,6.890376592,682.303017,groundnut
17.77318697,55.10542543,51.97230037,27.62905185,60.77815069,6.469664202,624.3357149,groundnut
25.63154299,41.44150362,52.81215524,22.34226365,76.86005511,6.85195738,1056.9251,groundnut
22.67397261,44.8603066,44.08069099,30.4122569,74.80420325,6.527728451,559.7782845,groundnut
24.35264923,40.23450759,51.96212833,30.07157155,76.97571765,6.452153854,1127.559258,groundnut
20.70889985,56.32776708,45.92624857,32.04828495,80.43217173,6.143198336,847.5586598,groundnut
14.02647242,50.7837313,60.89754557,29.03771664,62.43775244,7.292408098,837.1640047,groundnut
20.4651249,49.57978384,41.0527273,28.2145646,63.23364785,5.769278692,885.399117,groundnut
26.61926516,58.94203917,51.97772884,25.38881865,88.55918264,6.312339095,869.3981191,groundnut
19.3648757,42.07277528,56.9082957,28.88377005,66.95889123,7.226969606,764.8781422,groundnut
14.00380204,35.7561141,66.80071939,23.22664262,66.55677874,5.937964846,811.3666929,groundnut
17.82534027,44.22753822,55.56544772,27.41098439,61.22121521,6.643586002,750.1778231,groundnut
18.08383585,57.25661969,50.5999096,33.21417738,87.1420497,6.373958473,665.9207728,groundnut
22.02196954,43.85183652,53.45204391,32.81957693,80.9448911,6.911920294,872.7868553,groundnut
18.62324278,39.90611981,48.45690778,25.13677245,81.05075254,6.870452061,918.4921188,groundnut
23.58247083,41.55332016,53.50133977,27.60850359,70.30099098,6.983119657,869.6375987,groundnut
19.55470111,55.83111665,43.55025919,23.17751487,69.71089055,6.683072362,822.7926505,groundnut
20.56466694,43.06834594,57.46966994,27.9529508,87.01356635,6.349904384,801.5871419,groundnut
20.66191004,43.97967749,54.95748055,30.01793671,85.28318278,6.466274429,784.5823962,groundnut
21.74515886,55.2564736,50.41933278,30.80047365,69.32304554,7.144385498,913.3912609,groundnut
23.8448488,45.32585192,50.83760824,27.54215975,60.95995556,6.879763506,799.2520246,groundnut
20.12422537,44.20847178,52.46663005,29.46628055,65.54667587,6.489770794,575.1605323,groundnut
24.60609788,52.90213587,46.94691181,27.15903386,74.47830512,6.661017857,700.4692203,groundnut
70.50972001,53.29669753,72.69266313,28.27336755,62.50048744,6.548538713,1373.957753,guava
60.87441467,56.2449816,61.23194039,30.77790619,60.56223476,6.662535789,1343.835688,guava
59.02074597,53.1924998,68.14282154,31.23356719,69.1482317,6.677568801,1417.506182,guava
54.17643139,43.48431511,76.45631217,27.93115201,71.07901036,6.862679612,1425.935619,guava
52.87661579,44.96760965,89.30635624,26.35739076,61.29729075,6.004981442,1297.034677,guava
64.95958922,41.79714805,81.55068937,24.13316878,75.13010524,6.263696425,1356.856626,guava
70.22506512,57.05318021,78.20637518,25.21577121,89.4625422,6.49395209,1366.344179,guava
53.26383742,47.7017935,68.45536674,27.96880987,75.66304225,5.496886286,1353.048301,guava
56.48176286,42.29569927,79.7937211,26.05638061,65.97075898,6.008696001,1630.134593,guava
63.53126072,63.7027716,90.0251037,26.00519603,72.47166215,6.6881973,1631.710553,guava
66.96981667,50.75119564,76.03379515,31.20335006,62.05343081,5.850862963,1647.988757,guava
74.01766579,53.82170914,86.40096182,30.85487653,80.37805875,6.471941558,1482.219603,guava
51.8023994,61.65360834,70.95818189,28.84971327,65.74568983,6.512494477,1988.279614,guava
55.95643,39.69427353,76.36338258,25.84248538,85.91149244,6.752840847,1574.22136,guava
57.89110538,43.32131222,77.20598223,28.20973155,80.34496877,6.486810054,1548.736425,guava
59.22453523,51.04617668,77.97361373,26.31690025,71.14224993,6.879876252,1297.828362,guava
65.35965428,37.69996624,83.21074361,26.25912387,69.37165021,6.359311016,1505.162588,guava
63.44917253,58.3617119,70.24914487,26.45888931,67.87478756,6.965287232,1868.493202,guava
66.24675958,42.72079619,89.69599444,24.09641935,77.59305611,6.535871655,1386.044801,guava
53.27260786,52.87456947,64.76260469,24.98665902,84.59406995,6.572246696,1271.703918,guava
63.79505237,53.25796764,64.65316615,30.57905778,84.69139724,6.790393843,1671.96611,guava
62.07147282,50.90984405,79.99537104,29.23751436,76.34946843,6.85831688,1303.02322,guava
66.56934545,57.94095582,73.74018606,29.27111776,61.18972617,6.742450703,1564.093517,guava
66.02493958,46.53803316,84.03003999,26.45388516,62.09489589,6.934990814,1690.611974,guava
73.19869735,49.39511812,76.47667562,28.80165762,88.83888087,6.970654002,1072.548699,guava
58.9412725,46.66862101,67.85379301,24.17837759,87.53153582,6.732538158,1463.203899,guava
67.37604211,48.40612863,58.70901259,28.56348146,73.48049397,5.973216184,1417.040489,guava
54.13233982,46.06332679,84.48911757,24.24725707,71.59674506,6.273951818,1128.205391,guava
57.59387751,42.50179295,67.62526977,29.7758562,65.46162146,6.883343716,1425.63786,guava
62.97482102,50.80392173,74.08335743,26.75333879,75.66238436,6.128336833,1507.908088,guava
58.3713373,47.81816564,66.81036089,24.48603979,75.07391278,6.516099731,1834.531036,guava
56.00732043,57.20310773,87.24453949,25.84603338,87.8813133,6.812760299,1622.560138,guava
54.60991872,57.55060873,81.37522663,29.72710392,76.00200962,7.030165247,1537.515055,guava
56.4558527,56.9015517,79.46849104,29.28659081,67.02376923,6.21450797,1598.794914,guava
61.04554778,44.29206597,75.21555425,31.26270398,85.82686346,6.694471995,1576.223936,guava
56.36036525,43.98843311,81.72225131,25.85783345,64.60929358,6.553410943,1477.606737,guava
64.60513326,52.52574722,72.58352683,25.41192289,68.4945351,6.242597112,1461.994714,guava
46.71843472,57.55866613,75.50331122,27.66427267,81.87839502,6.481763843,1710.917248,guava
46.58434327,62.51480367,80.77083095,28.25700821,77.82696376,6.459003847,1553.951692,guava
62.50535996,47.04068008,69.61304464,29.60290281,82.94233962,6.190050762,1532.534207,guava
65.13235972,50.02123233,87.34570206,28.08284366,60.8672996,5.792827557,1498.971171,guava
64.44255237,51.56512912,72.0138435,24.99327608,64.68870843,7.552980595,1456.421906,guava
59.18811371,54.1223462,83.14107419,28.42446279,69.64215001,6.880887428,1628.978751,guava
53.64614808,46.79198503,56.36866697,28.11356697,67.99387295,6.500708514,1577.896595,guava
57.80626667,52.56666126,71.35777928,31.0598005,74.56910979,6.946966534,1572.000038,guava
51.66178474,52.47251936,76.66718194,31.27772086,84.51589361,6.371733193,1907.200421,guava
59.22524415,51.69962561,76.46200287,27.67526347,64.46146707,6.121280997,1676.613656,guava
73.19190728,57.70107799,78.13525226,27.83636595,63.95499504,6.081273324,1173.340191,guava
51.79055887,61.60038179,60.06781883,25.61046454,73.40166373,6.422858721,1472.657132,guava
58.36483554,48.27616529,72.07813325,24.68905445,78.71697807,6.465937407,1556.433541,guava
53.46527159,53.24393321,71.66824588,28.93577267,69.77957102,7.355187407,1458.543439,guava
53.85337399,50.92118177,81.35946535,27.64666269,86.17105583,7.00200424,1815.063817,guava
58.87469726,48.54212923,74.33407419,23.81362778,81.94068144,6.146025611,1481.411113,guava
51.9367701,48.55040856,69.34596816,29.27736023,74.47601969,6.154458613,1622.943209,guava
60.7724452,44.82628409,75.99612609,26.48213323,82.60495613,6.452983851,1155.600957,guava
59.65116035,55.17699031,82.97935107,31.27710445,86.16914441,6.412314554,1418.703661,guava
65.60753961,48.99675789,69.17589087,27.03857558,68.89611819,6.869909492,1552.060145,guava
64.97762052,48.62471136,81.70105811,25.34332477,82.07140051,6.353313742,1478.267741,guava
66.03175934,56.26312992,74.26624896,27.86613587,84.06313908,7.121799734,1601.270091,guava
57.00578124,59.24529094,77.99494517,26.91752811,73.61296918,6.420378536,1708.907137,guava
56.1953422,46.72744028,79.01211755,31.92036676,72.13808701,7.497968356,1420.754946,guava
55.801164,41.01938827,68.15673824,24.18041318,75.01686641,6.373424737,1305.86524,guava
50.00546855,44.65210374,66.08992562,29.17370054,85.18571968,6.438147199,1630.017719,guava
56.34206393,54.73134024,71.50126904,25.94814534,70.25022042,5.951481849,1278.413174,guava
70.87994005,45.3971931,50.4864294,26.53235765,61.8019497,6.510069536,1314.157381,guava
63.09038881,47.82911286,77.47345189,27.91996606,79.01617579,6.014701293,1487.557655,guava
66.79283059,62.09115389,73.01673894,27.67597514,82.65057594,6.882188945,1547.735934,guava
65.3718922,41.5588709,72.00604906,26.35489019,79.69617336,6.324951759,1659.130516,guava
64.10774154,56.9063076,82.07033039,27.14724118,75.27687198,6.478351697,1867.308683,guava
67.85330997,48.93296384,75.17107418,28.05996882,70.99681424,6.686033124,1333.318256,guava
59.06417776,44.82977704,76.53965539,26.04627283,60.81625151,6.989368756,1682.572714,guava
51.26333989,49.65440957,72.47609838,26.38350093,73.95620039,6.838608715,1667.99265,guava
46.80706551,45.32733586,78.63175464,29.31050815,89.49828266,6.753534836,1460.094149,guava
58.84789081,44.630781,54.7245571,24.4378167,78.75294565,6.55883523,1473.525334,guava
65.98131702,50.76598142,76.27867461,21.41420438,82.31413532,6.271249874,1394.249488,guava
61.32090405,62.55063535,74.208998,24.04491856,73.78675217,7.086720358,1740.844555,guava
63.24832906,52.04890876,58.7485768,26.14833191,63.06961133,6.323088215,1466.553145,guava
63.6516706,53.60188109,62.039025,26.66115057,63.54060226,6.746510429,1263.420714,guava
54.39863614,45.08184941,75.46326789,27.13759483,64.4982463,6.871479888,1295.519936,guava
61.6116645,48.76345836,66.85460278,24.93759311,66.5393154,6.426272324,1478.688827,guava
65.02912484,47.12993807,81.22285202,28.93736002,63.14577043,5.990331454,1458.224904,guava
53.66716904,42.76555786,61.92665304,23.89327629,83.14227036,6.457295968,1477.628769,guava
67.30402891,62.88796148,76.33206183,27.60749333,69.87178242,6.129759618,1190.381508,guava
64.08322807,37.39973824,62.95166748,26.32692903,87.13424603,6.86979466,1321.473987,guava
54.53345963,37.1080448,81.45294746,25.97414678,82.11609754,5.51499135,1951.324024,guava
57.85181218,51.85630225,72.219676,33.33788472,82.29993088,6.526761651,1432.191155,guava
67.99499332,51.33062615,81.34112148,28.88489535,86.61819965,6.151793736,1455.900606,guava
66.08636414,52.12163759,75.88086949,26.060828,63.4499858,6.802485967,1773.236758,guava
48.15191028,50.17106566,79.08039718,28.73917284,80.68809859,6.275632279,1650.57338,guava
64.78437527,47.2246315,63.69342476,29.46560211,75.72485446,6.150942862,1615.252643,guava
57.67569939,50.78638202,83.87848366,24.99447738,64.48047196,6.633797799,1450.976238,guava
59.91510563,63.68632293,69.82825965,25.17161031,77.22991495,6.478535853,1297.36926,guava
55.72288731,33.2997694,86.60611766,27.11042718,79.67374281,6.382116239,1388.946036,guava
65.68421484,38.94020695,81.31136276,28.35755727,83.70108942,6.302645443,1677.892452,guava
62.37360296,40.57445806,67.26556755,31.8777495,85.4501595,6.526453156,1587.78235,guava
68.03804982,48.98241973,78.9755612,29.77674208,72.48410095,6.398145402,1633.317265,guava
69.30022093,59.26635878,70.13028724,25.85652975,87.48020768,6.352572035,1428.508157,guava
54.00634217,49.70039949,62.03293359,30.83003256,84.12818656,5.91924701,1733.485796,guava
61.22245336,50.1942326,84.11995654,30.17894126,60.96273434,6.085516399,1335.915385,guava
57.15798321,44.1110093,86.23931836,26.23657599,85.98880659,6.753609737,1713.600907,guava
55.94797261,38.56192844,38.97352281,16.91883769,72.17546701,6.656852907,560.6683075,lettuce
67.52954532,36.42031884,60.17402881,20.21527936,74.23346714,6.719176709,397.3326288,lettuce
54.4899312,37.11356075,59.63069322,16.57945927,74.2737959,6.716119309,456.5559027,lettuce
63.54985037,44.9747781,59.29768791,13.60623701,61.73923338,6.756040582,557.8446619,lettuce
55.17229335,38.14143869,50.50917059,17.25707981,68.0698022,5.929477063,439.5723133,lettuce
65.28125961,33.443991,64.69193891,15.96773366,67.55654984,6.649729001,454.6922464,lettuce
73.33790271,43.71598672,47.94025686,16.80501442,77.26594549,6.470225936,447.4537278,lettuce
52.02822371,41.06619626,56.76553918,18.12430743,86.00827519,6.493552873,559.4850174,lettuce
79.49283455,35.30916636,46.4953013,17.72932343,81.59764357,6.415213341,365.5129807,lettuce
64.61821464,43.17747831,50.65950891,15.72581587,62.6459596,6.74923443,402.0851423,lettuce
52.23024165,40.24624968,44.88133589,18.08994494,70.41637049,6.111903473,510.8768715,lettuce
61.51579609,40.74717933,62.2006936,17.63364324,72.89838177,6.57981688,575.3907002,lettuce
66.25784462,43.10006787,52.78252241,18.72095908,76.53591564,6.532140399,593.0574701,lettuce
55.16888971,50.6580355,51.1487172,14.76653254,89.32344691,6.671718355,566.4180587,lettuce
53.67010845,46.40538772,46.68788356,16.3116039,60.18966269,6.753736129,547.0465082,lettuce
61.33251902,38.75411385,41.66364345,15.20118068,73.52629082,6.289459059,396.7013709,lettuce
62.75692225,43.32096635,53.69250601,21.56079308,70.12613837,6.591805781,602.285817,lettuce
62.19474469,47.95237519,42.82209135,17.1861064,64.71955782,6.628081264,538.6368025,lettuce
50.24422915,42.59298367,51.19058138,19.76622401,83.89926358,6.498003003,493.3445082,lettuce
61.93615141,44.21544749,55.87089566,21.58506684,64.56655099,6.407808114,521.8027137,lettuce
81.60818433,41.96747537,51.41446359,15.53720893,60.1960362,6.494337592,574.6614495,lettuce
59.66045851,32.69112641,51.81258951,16.93641921,77.34681355,6.850379078,535.7346573,lettuce
66.41755399,32.40683475,45.79870237,17.20452521,63.15238337,6.578464311,417.2496279,lettuce
66.37585091,35.35843806,55.6793724,18.52767365,78.79129789,6.317848921,622.0074459,lettuce
51.9836117,44.56414081,53.3039314,15.8583984,87.13861141,6.6062894,445.9043788,lettuce
49.14201806,36.20035097,59.3879707,16.2422308,79.83566798,5.959548034,653.1921263,lettuce
64.89993136,41.44926602,40.18391443,21.74233963,85.57580009,6.979804099,560.892859,lettuce
54.28929074,47.03528949,55.16830837,16.67625251,78.25929026,6.778184701,356.0617091,lettuce
76.25641775,44.75430479,47.53850078,18.99107951,88.32433154,6.764766187,478.1695372,lettuce
49.87793841,43.79543583,52.61726387,14.02314098,75.16690121,6.328615843,479.1713674,lettuce
59.43239667,37.18391807,55.43849569,20.02833364,83.31042039,5.834850973,494.2781489,lettuce
66.6677068,43.7404095,53.6598968,13.0390339,89.76448268,6.383487995,562.0540791,lettuce
67.90413544,38.81585979,41.83030302,21.02579912,80.23837879,6.499356999,572.6105744,lettuce
71.33675418,39.22803613,57.86508921,15.92859504,83.31110946,6.609206179,586.4909096,lettuce
56.48084572,37.73172972,50.49861509,16.23766095,67.83910755,6.382796294,584.3624831,lettuce
67.74824756,48.95450441,57.57832025,18.37357023,74.11213278,6.399892985,584.4405415,lettuce
63.5335139,33.57280051,26.44787875,17.23864524,84.24991236,6.741010109,513.3766822,lettuce
52.15586456,40.39711675,49.20100211,16.05718603,75.97846849,6.503245957,466.6698875,lettuce
76.33842671,37.35876853,53.4438998,20.61096475,74.20486606,6.627746664,465.1786067,lettuce
54.67609765,33.1753651,52.66582392,20.04526148,68.81458199,6.483086806,365.1352862,lettuce
52.23016334,42.18816715,41.49462538,23.26900123,74.99536385,6.583141339,714.0348361,lettuce
72.65171772,30.21943193,47.29734957,17.44666868,65.08512818,6.89046753,454.4847489,lettuce
61.09296121,31.67101349,48.69877366,19.1612983,83.8415926,6.41429251,469.6097403,lettuce
52.07157437,38.72084443,60.91920433,22.33091913,61.98077783,6.442350022,643.6898541,lettuce
71.6560876,42.7250213,48.81679466,12.25960023,67.82282339,6.483585693,542.9433592,lettuce
60.0643242,39.14974643,50.62363614,17.27902809,87.20523868,6.789800798,474.0081689,lettuce
67.14302453,41.71922114,51.63817523,21.63202237,67.94654828,6.289846055,665.9575551,lettuce
64.92344398,39.01953095,60.12671058,21.42431258,64.74322735,6.62424643,493.8522614,lettuce
63.16449164,44.74451978,44.30934564,17.03396553,61.05567254,6.58025165,487.6943288,lettuce
57.19242969,38.0390873,61.4465277,21.1722383,72.73720708,6.770804437,570.1291901,lettuce
65.10205784,47.5423662,42.64396809,20.13340795,68.11560875,6.496674002,506.4469178,lettuce
67.27244916,33.02052702,58.62593071,14.16707086,72.66139727,6.428096863,609.1199831,lettuce
49.92474139,43.65741511,56.59037155,21.6934303,71.91003098,6.688228367,376.8463478,lettuce
66.68257745,47.02395147,53.72279569,18.08759289,78.17624393,6.514060936,607.0044499,lettuce
71.90930237,34.66809715,45.91531993,15.14032575,75.50642022,6.168433991,525.8461934,lettuce
71.21455881,36.11054222,54.91370281,19.41793874,87.98789422,6.699526928,464.5368868,lettuce
67.54869704,40.55457549,43.75826418,15.37493411,81.12880346,6.316773705,623.0494304,lettuce
72.35740941,43.19274721,55.29645001,21.22459858,61.41393755,6.428360361,675.7158653,lettuce
65.87377242,42.25752554,48.24010469,16.6410354,79.68238317,6.226232537,390.407648,lettuce
66.55450891,44.61504741,47.94790086,16.16875123,62.28175129,6.184110014,518.0891317,lettuce
66.97502668,45.47361442,48.99505621,17.05490631,78.49013002,6.542032216,325.0855227,lettuce
62.87767859,43.47602701,56.8154165,16.51323653,69.56269569,6.572584409,375.5535676,lettuce
68.36843262,35.8042671,46.51858516,20.7532577,63.25567211,6.624843818,552.9550872,lettuce
69.91647145,41.31809752,42.75570309,17.91081708,61.8403923,6.353465934,478.5361721,lettuce
62.2808898,40.11932509,41.42339276,17.36248611,71.04804132,6.214267968,611.8583542,lettuce
65.95671628,49.06137463,62.4120685,21.48400432,60.73726197,6.55690985,446.6291687,lettuce
60.68986043,39.21158434,45.16829941,16.87535195,87.48941527,6.394881453,470.7855931,lettuce
68.32838693,51.49890411,39.07109468,23.50631862,74.01507933,6.328124179,557.0300541,lettuce
69.08724912,39.44575745,45.99038359,15.43829444,65.74700773,6.47420707,497.5366934,lettuce
71.34281732,43.25680025,51.59116788,17.87639716,80.36981744,6.30719005,550.9067736,lettuce
71.36186511,34.60199341,44.37752084,21.02867307,74.25027008,6.523751441,442.3072819,lettuce
70.97702884,41.07954537,38.84845757,18.83517302,61.7842064,6.486019479,584.8526528,lettuce
47.94778807,39.30367002,36.09106729,18.45717303,84.17395452,6.48180753,499.3517358,lettuce
68.43052472,42.150428,49.36097141,14.47290926,61.20596935,6.829174516,430.905818,lettuce
61.26938028,38.46283827,71.05382284,19.72335421,80.27486794,6.69798527,587.3390524,lettuce
61.36560327,42.71828427,37.13439711,20.7266878,88.86337071,6.636364226,494.0950694,lettuce
71.35970244,44.69966286,30.58559984,16.77063702,75.79644563,6.63819185,476.4997709,lettuce
69.93559889,42.89194035,45.04676595,17.67191332,80.49231954,6.734642885,473.4831285,lettuce
60.85002037,41.96812707,60.7531426,20.41839707,77.04412739,6.110975106,506.6911857,lettuce
71.33009076,36.25742639,54.88200042,18.12746556,89.91964643,6.264578506,646.2143831,lettuce
53.00731259,39.39390975,51.15643777,15.49920957,84.16485294,6.367511318,369.0547855,lettuce
72.28788849,40.58718285,47.37316839,16.46671406,87.55591355,6.526849089,473.6027937,lettuce
54.24594192,47.71148489,57.72886399,17.70536396,64.9494619,6.518108641,368.804691,lettuce
77.77544736,30.69783077,45.00713646,15.10449039,64.86206044,6.458416743,558.0563812,lettuce
76.49048644,38.85426079,43.03476308,18.10099924,73.13546128,6.852398361,569.9430535,lettuce
57.96225519,41.61170818,57.19348427,15.43897906,86.40570583,6.673693543,672.8091193,lettuce
66.39205461,34.03887576,50.44426668,18.68441092,73.47423468,6.377599486,546.5335236,lettuce
71.72782196,27.54540263,55.52911508,18.02534174,68.78004322,6.363041787,393.2262567,lettuce
68.61863283,40.14094142,34.09630571,22.56174803,77.50915439,6.610849295,459.6664613,lettuce
69.03750891,44.33319268,45.09887238,23.53953683,79.25086161,6.356644622,530.0985139,lettuce
58.50757618,36.90992464,53.16819721,20.55238667,73.52335619,6.636886523,568.6292738,lettuce
80.63827889,40.41559508,45.78343417,14.96782192,72.56928754,6.492059669,621.2700252,lettuce
41.70957968,38.55834863,54.50143244,12.83342677,64.46339207,6.721026923,488.0024317,lettuce
61.12715727,35.6667705,57.63960282,14.11845896,74.88470173,6.689435829,584.2110639,lettuce
71.64385365,36.51243194,52.07221486,21.11013374,87.83003128,6.614692479,613.3941795,lettuce
66.6877333,44.09830764,35.33605361,18.9187793,86.48589992,6.481490748,412.1540503,lettuce
84.5586329,48.01934863,50.55475358,24.17899034,67.70454443,6.600543472,575.9421345,lettuce
61.37232751,43.48117967,59.23508402,20.51168076,71.50215481,6.923284373,617.9260606,lettuce
83.4887242,42.88684149,53.38055575,15.41258045,70.07366889,6.005788607,452.6724262,lettuce
84.22453438,37.52701716,49.59316268,21.53164946,69.69671483,6.991913906,489.5278208,lettuce
68.05507605,54.42888128,50.83940594,24.69411238,74.37941814,6.377981897,636.7794223,maize
79.22224446,57.94531577,45.61488973,24.39269307,62.40150796,6.391284784,714.1419679,maize
76.49877762,64.66123501,47.60805568,21.34514656,62.90775306,6.038661272,689.7199959,maize
80.3353825,68.03230139,42.05179009,24.81485809,87.86754782,6.893998818,681.6287369,maize
80.07814766,64.10782066,41.55566586,24.04746633,71.70826669,6.580681298,870.4662757,maize
88.804663,45.03342612,43.63119149,22.8146462,68.59225281,6.747219028,776.0208103,maize
82.70590977,44.96569519,46.67706594,22.31860954,76.80842547,6.711725986,790.0419539,maize
82.0762925,65.08494105,45.40275904,25.83573384,84.80811455,6.23379533,779.5871121,maize
75.47755858,56.66431405,40.80765445,21.73661866,78.03306746,6.355525092,837.8481438,maize
80.08069174,59.72040528,44.52466228,24.38373492,70.24841354,6.364867674,603.5508563,maize
80.844204,66.30314321,52.88990887,21.42572965,66.90942821,6.271447586,921.1707198,maize
75.61415055,57.93008898,39.78403368,24.85704501,64.45184273,6.253344053,705.1984689,maize
63.80560158,60.5796886,45.22557163,22.13952868,83.63242355,6.63201555,807.2281928,maize
102.7315603,65.99222991,38.22308167,24.51869979,69.73665043,6.351856668,815.0167735,maize
90.57768,64.18160814,40.9890429,22.57279938,66.40160738,6.199576027,673.0361422,maize
76.35682657,56.02695787,41.04045546,23.93612768,75.12118224,5.949759622,689.5183841,maize
82.74014037,62.69410474,45.32217972,26.31376521,77.74378294,6.211189006,950.6790295,maize
96.07466178,58.55647115,46.62269904,26.36343233,70.9634285,6.303340044,787.4269497,maize
86.8238373,61.46759572,49.45125281,23.17842984,84.11448239,6.45712508,724.8198477,maize
75.27480065,71.62491047,52.52043701,26.51725054,64.5368813,6.366518191,791.2793277,maize
80.2776728,52.06064928,41.28023462,24.54161811,82.66857811,6.729384465,775.7586745,maize
72.96357426,57.74278218,46.34330729,27.57773827,71.60064505,6.173696974,752.8948935,maize
78.99438372,59.65992288,48.20652888,24.01358947,83.85992389,6.048700846,775.6379501,maize
74.67533823,67.58784637,42.73447369,22.84491945,74.59865721,6.530251016,784.9268639,maize
63.04987312,50.62549876,35.38083252,23.19755952,82.84154656,6.441663104,733.0578289,maize
71.81526405,75.7235952,43.1049386,21.89601261,69.00601673,6.680531369,742.2621981,maize
70.08850075,46.08189407,52.36135923,26.63272113,77.71666801,6.293360243,693.7221184,maize
83.47926703,55.7456937,49.99310581,25.14533354,79.60195216,6.395860887,727.3154525,maize
67.07745907,60.48132238,46.2634901,23.29998741,82.43351026,6.902181991,717.7872449,maize
70.11942442,54.35317656,42.64647004,22.12915654,88.2709454,6.901059081,794.476174,maize
76.20597259,56.66989984,44.96306491,26.3402209,86.85456376,6.120854134,767.441861,maize
86.8027807,64.20175461,41.44227579,26.74738298,64.53881387,6.054387448,740.0171335,maize
90.08955611,59.79073109,42.44515778,28.47007085,63.56831774,6.790538137,644.7333815,maize
71.85743528,58.41984542,44.07030181,24.11387602,65.88746517,5.700805098,733.8097323,maize
87.23283224,57.14353274,46.53365733,24.43046605,73.36023272,6.297273766,757.1677849,maize
86.16110656,63.10140967,45.58847412,23.6560346,75.78828605,6.627890304,688.4841669,maize
76.81635524,60.13530856,49.46138359,22.89510686,76.6627126,6.617359851,779.113404,maize
74.76637288,54.44979142,47.60378368,23.32847664,75.22876186,6.308706487,857.9336202,maize
84.54609109,65.27864329,42.5590923,21.38414186,81.3038472,6.255011349,723.1297338,maize
84.51092686,62.41161761,44.66911374,22.18024261,78.21525661,6.833154695,977.2943012,maize
80.73171737,54.86850771,42.50707324,23.3884562,69.19346688,6.755408032,840.949619,maize
80.59331392,54.00441995,48.38236682,21.11504552,76.48354483,6.039227008,784.2725619,maize
87.74558288,60.80574778,44.34853604,25.84311283,84.3534157,6.270074869,777.04065,maize
77.50917242,68.28934895,39.22212212,23.82685444,75.34520257,6.594140174,821.6369344,maize
79.54691743,62.90939112,45.68065823,23.31633193,85.31999092,6.532290169,904.8320976,maize
86.74454775,65.23156725,48.51767385,27.16343882,76.42677758,6.555335628,799.187843,maize
75.66951941,58.29150709,42.56258477,25.58016113,75.98080079,6.578018295,707.4710806,maize
80.48428183,60.96551491,43.02457252,19.79143351,74.94351061,6.172216103,963.4654276,maize
89.89547894,63.50740807,47.61356326,22.18398071,84.8542632,7.110085063,594.737256,maize
93.00404185,55.64224769,45.80516892,24.10278997,88.41541949,6.731004573,671.4438514,maize
74.03620102,50.32605759,49.11743259,22.31844454,70.74313378,6.532040059,566.5885011,maize
93.76216127,70.00162187,41.37753309,23.0450137,61.63681625,6.370949679,776.5584231,maize
75.51658491,61.30408346,45.60837713,22.49388659,77.74185733,6.483516427,733.0671196,maize
90.63413612,45.37028723,42.01880885,26.28518642,72.98340851,6.481227945,914.9390774,maize
97.59470736,72.6137095,42.04353993,22.84313443,71.36923684,6.538482829,793.6777414,maize
74.79627642,56.1789974,43.62319165,20.2054209,77.85322134,6.484968517,559.2630277,maize
82.20593854,51.05529773,48.67542103,23.32093958,72.472024,7.20480398,649.6371837,maize
75.46160404,65.8134289,42.89033223,24.67752778,84.65539981,5.524313386,832.9645926,maize
88.60063875,68.66222449,40.66730253,22.72904923,67.19048044,5.899717054,869.4213768,maize
80.28322531,48.41205345,45.81875596,25.9309199,83.65831883,7.03548841,895.4412892,maize
85.0622722,59.19674734,55.03068859,24.26296251,75.7489651,6.139610836,713.7331264,maize
81.26574145,57.52760493,42.32738481,20.44203027,87.59784488,6.204035662,817.0830015,maize
75.72510795,65.25202662,46.85338571,30.85058872,67.14236527,6.420383696,762.9186429,maize
78.14939509,56.67886943,45.49608335,26.5695244,79.99749238,6.338087984,713.5213368,maize
86.93914796,60.19013435,45.03020018,22.60354614,61.53036638,7.221464554,715.3955637,maize
75.9316456,62.75438127,44.62241391,21.05604333,89.94109374,6.181021274,578.2430184,maize
74.68199556,59.14321673,42.54055601,25.91178874,81.11001171,7.289968311,738.3844328,maize
85.14317201,52.25500049,45.63300675,27.29814953,70.12002066,6.163040619,763.8602625,maize
84.59552791,52.53492728,48.85316002,23.1754329,75.14582335,6.858127449,998.4737565,maize
71.60618108,64.29699817,43.32056907,23.6685117,77.62909544,7.026572927,771.1997633,maize
77.99730694,50.69401026,46.39739004,21.26014801,85.4409077,6.18611509,716.5721366,maize
81.08529987,59.88474002,40.62330979,23.11090254,88.33028633,7.01509578,692.2617664,maize
83.38047028,62.83862983,46.29728225,24.8676778,80.02960283,7.063964972,686.5268403,maize
77.01189107,66.73684705,41.68316214,20.97705171,76.53850188,6.612901287,644.6960403,maize
74.21312148,50.59288262,45.82035472,26.60484339,85.99398442,6.054856467,1022.596141,maize
88.5930576,60.33138763,45.51618815,24.67501887,82.79543499,6.379229056,569.6758818,maize
81.6164935,62.17773869,43.53172172,24.43563269,61.18521658,6.575670177,679.7361821,maize
84.57190488,60.37578643,41.35085202,26.41470195,64.84488881,6.454652457,937.4004375,maize
85.45971837,72.86235563,40.03257941,20.91128507,80.21394339,6.603252828,810.1878997,maize
79.9264924,67.70248191,51.84693069,24.00069782,63.42271748,6.200195671,821.5980516,maize
92.65703633,69.50755213,47.69630748,23.84961835,89.73897236,6.59732984,771.6319088,maize
81.21446241,58.74077495,42.22977534,27.75756966,68.4291999,6.750620156,671.5422019,maize
81.77138066,62.75002397,46.56962605,25.30728317,89.37442999,6.248988049,878.1624233,maize
75.71330618,67.02517199,41.67323019,22.14969781,79.75543956,6.153129773,677.9498666,maize
67.69350364,52.35330423,48.33465638,22.32754914,73.16376856,6.160242552,672.5462634,maize
67.86394738,63.34159244,44.28846813,20.98037775,61.24256136,6.759520118,795.2398155,maize
75.9621756,63.04899123,45.6908791,22.43782503,60.29852727,7.066040711,820.0931655,maize
77.36743889,58.28690886,45.97744236,23.37425342,81.17340875,6.7117095,696.4910864,maize
86.67521287,58.0159526,48.09739274,23.70806124,62.74801497,6.605158317,765.8519702,maize
76.25991435,66.13781073,39.39038144,27.24041133,60.30952048,5.974534096,878.3662676,maize
82.37574977,54.82904235,46.21436303,20.71475951,75.25346059,7.411148045,922.639268,maize
74.83687776,65.02713957,42.51956032,23.46596128,73.36880307,6.232852717,634.7117254,maize
81.66442035,57.48670996,46.78357192,25.06656385,77.51688614,5.925154772,806.1336516,maize
75.27336693,73.22909255,44.14642038,25.73047602,71.03917366,6.651067639,881.3805457,maize
73.024952,66.46778035,45.94971466,26.79033803,73.40596723,6.403080109,917.1737187,maize
76.90220064,73.98544732,43.33901118,24.23468211,73.8334549,6.374403004,1141.081261,maize
76.91519542,65.67405582,44.21532363,26.18528434,80.83580197,6.512389089,909.1328715,maize
74.53057281,60.84928412,41.58285925,23.0622041,75.77794483,7.094098421,850.3129401,maize
79.41342622,66.9731857,42.59495074,21.30276096,85.41269439,6.620187667,682.9368722,maize
72.74800618,75.20818728,52.09707968,23.80041456,67.03758073,6.820341936,666.7661375,maize
57.83596967,25.08535385,67.18740093,33.37122861,62.35822721,6.549577017,1555.224806,mango
61.87110589,20.34633677,65.0171433,27.71249062,82.26433277,6.270494546,880.9547904,mango
60.9839945,25.50211447,66.73833289,31.00867889,65.31431261,6.093262693,1309.477102,mango
54.30731531,21.1171765,69.34896568,27.39144866,74.95931253,6.722275345,883.0907964,mango
55.34496391,27.68571762,62.04036911,25.97319811,76.76613881,6.061610287,580.6336927,mango
69.13867654,29.05881364,53.71767944,25.3854417,76.5680929,6.827750536,1113.895033,mango
74.68830508,24.21566108,67.39135998,20.96318984,87.48154894,6.668031892,1378.916291,mango
63.10843812,25.75183493,62.8447697,32.05097861,79.76108119,6.466983938,609.6244787,mango
55.986314,19.12949871,53.86067313,28.77442229,60.52127891,5.956180147,684.7603418,mango
64.75022533,24.56174941,53.29110528,32.03251263,65.37836467,7.014044485,1386.499318,mango
50.10383626,24.71787871,69.69970455,26.09824584,85.61261487,6.944218399,869.3923379,mango
62.94456802,25.82181368,59.95776517,28.34858685,83.57032779,6.365530126,1410.024213,mango
73.63626535,32.05001628,57.50325667,25.85816563,76.30716915,6.388373322,724.5026425,mango
63.91794578,22.02800208,61.431315,31.27119712,72.30467422,6.137667971,679.688692,mango
51.74051899,22.7957222,54.02129081,23.36486066,75.17232152,7.035361356,581.2410117,mango
51.0055554,25.20457893,59.18015613,32.71368211,64.59694554,6.649574296,832.2171269,mango
60.40677351,31.32451365,57.43926582,19.13843519,79.09450611,6.550067623,1339.904938,mango
63.2417005,21.49722275,59.55061703,21.83375708,80.96865046,6.8610904,590.5042274,mango
49.87053902,31.72456824,62.05210009,29.65279142,70.81791099,6.708628227,1266.600504,mango
63.82189242,28.95437183,49.84170879,21.94214601,79.62454082,6.566762147,922.973421,mango
69.45538313,20.29795998,84.01610016,26.27298263,82.14018439,6.047262392,1229.677059,mango
52.57805792,21.75166395,57.37331665,25.27938016,81.89607528,6.417678411,1299.555797,mango
61.6481698,21.50146911,59.84085954,28.82092342,68.82003595,6.284663631,1181.825762,mango
54.60696381,22.16672806,62.64284281,28.87331031,80.12983734,6.469608364,531.5590151,mango
64.46313443,25.53047893,60.39979653,21.65248547,64.73254917,6.039416821,913.7543661,mango
56.63303217,27.30757353,48.29119822,20.42140402,85.9888488,6.52899359,754.8366364,mango
48.99616627,23.22791471,57.52305775,28.21983342,89.22170739,6.531855244,343.0438923,mango
64.69476468,22.17910993,57.6269952,26.5421427,86.33165902,6.550048887,1187.367613,mango
58.34140889,25.6709343,54.06189789,22.09075489,88.82259501,6.419387392,1002.000256,mango
58.19707646,19.78237413,59.6163427,26.90937098,63.49007167,7.114040703,1159.742517,mango
70.25097356,22.88651683,56.9472949,31.0280555,72.96743766,6.465366763,1204.26506,mango
57.77514424,18.34596001,45.11151964,31.80667421,83.23106362,6.388843783,1089.879829,mango
51.96317814,24.87620518,49.25830915,28.98367704,73.9292705,6.815265449,1106.428578,mango
64.93759726,29.30223932,57.62436098,23.91078364,84.9747714,6.644523002,0,mango
64.44975048,20.94069097,57.81604079,30.10521295,78.57557819,6.862428139,791.9287748,mango
46.03241564,23.91064021,54.40718064,26.31631846,85.9835146,6.490351095,1195.692023,mango
64.47291293,21.21503955,49.16911287,25.69865011,61.1529943,6.557932536,1076.083429,mango
58.47923147,29.15840942,63.23528311,33.30463397,71.24325889,6.565065105,1094.062637,mango
65.11393595,29.2121453,59.84653344,31.90229847,65.45188531,6.537036187,1023.664813,mango
67.64924057,22.8558196,60.90733249,26.7100816,80.50382976,6.980168441,1118.855626,mango
60.47607903,24.72470512,59.10228693,28.30124735,60.25805455,6.160056286,485.4670946,mango
61.70470806,24.37829497,63.06889867,24.44616494,70.83931247,6.311284353,1072.031622,mango
56.05468357,19.40171847,61.32150129,31.64653289,61.35675879,6.237009237,992.5761722,mango
59.13502921,34.63075552,56.91675313,26.62759772,86.36809136,6.672561398,1392.568493,mango
71.71236493,27.16978559,66.22378272,21.64764396,78.20267043,6.791547597,1105.104247,mango
66.84225367,22.19534554,55.1614242,27.70185786,72.42464043,6.33666721,1298.931994,mango
47.20086393,15.0097552,65.96166005,28.14502277,65.20617596,5.586262589,1055.704024,mango
63.15250523,24.23337649,53.93207459,30.7409281,81.69537783,6.326884976,1234.400352,mango
57.48723322,23.90883347,55.71007698,23.54608025,86.0624945,6.183348825,1141.065942,mango
75.84411105,22.3772243,55.26960365,26.49011256,82.18854499,6.81779278,310.9113103,mango
69.2021305,31.19241943,67.25315245,18.24047763,80.97235888,5.92722691,1467.446884,mango
69.97912199,29.12427462,51.04866847,28.61200511,75.17944074,6.776217531,1351.28599,mango
59.07194557,21.03092181,66.54581389,23.79662973,84.43736675,6.593971819,1145.308122,mango
73.3921621,29.41443204,53.58940902,24.77445806,63.91908614,6.671438812,742.8719895,mango
52.16653909,19.05268409,68.2117514,25.4513659,66.54871574,6.659342312,1335.83746,mango
55.32833489,27.28559455,70.20150653,30.86085169,79.73107244,6.753101524,876.004747,mango
60.3956453,30.22945483,68.54110812,35.30778788,88.40095732,6.418912449,1121.526837,mango
57.08580962,25.48501885,57.98869143,18.34015433,84.99278674,6.094929527,633.436971,mango
61.6470955,35.00884162,53.49370838,25.68802471,74.34215713,7.024736668,1298.53177,mango
45.5225296,27.79528458,57.51431486,24.72215266,72.58265031,7.023121982,804.8652205,mango
54.15836216,23.51855371,66.19220937,27.47038974,80.64680499,6.49115076,1293.856825,mango
61.13031306,26.01364776,69.86976644,24.95068169,74.13684502,6.247455043,739.6955114,mango
53.97468813,24.20384514,60.01669374,21.47651704,88.61767432,5.892941436,1515.393265,mango
55.14731642,22.94705806,66.27717082,28.78415825,71.96567779,7.098394254,1146.638404,mango
58.87164476,23.32867326,66.07169399,31.72252666,61.60043173,6.753798219,630.2387852,mango
65.41099438,23.03303751,62.502332,26.19580207,83.88956869,6.448785265,1330.537748,mango
62.06270217,25.94110555,62.34961103,28.94857508,88.3153162,6.966765111,867.9097671,mango
64.61562408,22.15373444,64.65446716,30.8337695,85.49439196,6.891147638,242.7954053,mango
65.69163972,31.58485842,55.85403017,23.94279226,70.32246606,6.756332422,1505.612699,mango
65.7151002,21.0513888,61.18841195,25.71052831,76.23991078,6.888433955,823.4908195,mango
51.57005062,27.79322947,55.6440611,25.60134693,80.44551235,6.457081052,501.0209056,mango
49.52366922,21.06398973,58.32386325,29.54670374,72.96016642,6.534209876,947.6669865,mango
55.26351447,25.20850821,65.70655115,31.63286702,73.15669592,6.754858029,629.6272865,mango
69.98696378,27.38930008,61.55973713,29.75130506,69.79002205,6.406081223,1520.941089,mango
56.90645856,23.96703091,59.11071581,20.59562436,61.49569294,6.551921358,1332.01687,mango
66.82764313,21.22109206,63.07033512,32.12459431,66.07484046,6.169932009,1135.884236,mango
67.5419943,26.22488951,69.79022601,26.3750522,79.39600657,6.301385808,1522.549917,mango
56.29676688,23.30454744,57.37561284,24.91537804,76.5190804,6.118128672,1377.356532,mango
46.61834517,27.05457023,57.50960213,27.66717701,74.31704874,6.579886843,1511.353737,mango
53.59051866,22.6035241,60.93054319,33.54166406,64.15032634,6.564261335,391.9472782,mango
59.93008381,20.91041026,64.17895405,19.48464643,74.00130908,6.684945045,1084.590896,mango
63.51302208,23.36213421,59.05213112,29.10580306,63.40988102,6.68542362,1296.823363,mango
58.17125793,20.20436528,51.91801911,28.19328208,81.4473848,6.730315351,1112.967977,mango
72.53070529,30.67180267,50.34603927,30.18433787,82.75817554,6.820873207,1153.744159,mango
64.33763752,29.2036876,62.39038566,26.57272362,72.05612406,6.70537688,1211.662865,mango
55.0413483,33.06255787,61.69252931,29.63227003,63.99092472,7.248779183,1107.080925,mango
58.02717365,26.78612051,63.97157506,29.43604417,63.84148454,6.516085357,904.6123839,mango
61.79230864,29.76600819,63.052279,31.88756844,79.59877085,6.807266471,1263.061912,mango
75.34345118,28.5887253,54.33788664,28.02458563,80.03725813,7.315659903,828.7098441,mango
70.1626556,26.21993927,53.11357259,20.82571268,71.7481892,6.367681289,1504.125046,mango
53.38256639,24.94396051,67.92561912,30.5267215,75.00668517,6.149151812,1156.982291,mango
52.97358446,23.62786709,67.54942063,18.52765324,73.27618222,6.516302266,1863.82229,mango
54.40474376,23.57063797,54.83087325,24.33018306,81.22266881,6.68993392,1275.751811,mango
50.85198933,28.42152166,65.1548637,33.46867857,61.406801,7.742611115,1257.466714,mango
60.71125872,27.24424907,55.97923964,28.09343963,74.63748033,6.4652095,1312.432134,mango
49.94570961,23.64983942,49.23694367,22.66243869,69.56787158,6.817817099,1496.388354,mango
49.75946882,30.26727889,52.48937218,30.11200039,87.35114996,6.119233935,1483.986193,mango
71.3871636,22.47307083,63.47170058,24.02142388,61.19774121,7.152301392,656.7588008,mango
59.34108342,22.50306934,59.88515878,18.955061,75.13729608,6.373235853,1096.036059,mango
58.80264161,22.45369803,66.45345993,27.62240855,84.16030793,6.235352986,821.8588128,mango
58.81095201,16.02933415,26.45987782,29.81151245,89.71171922,6.539144577,415.3871504,millet
55.95863831,21.21747508,17.6397651,26.2281168,84.87494748,6.634981897,631.4047623,millet
43.88870337,25.02683083,23.34890952,27.31955089,75.9230283,6.899468457,529.6861014,millet
44.73925204,28.39922844,18.65778021,33.38143258,76.97906171,7.366297133,561.8015365,millet
51.20519345,23.98171675,33.6838685,29.5112239,61.0455321,7.968097245,630.5534003,millet
50.5711139,24.39604405,27.07665307,26.46762875,69.32466389,6.991293691,494.4564321,millet
53.86868153,27.10121303,20.1255613,32.32923247,87.27231829,5.97625379,323.8714233,millet
59.56939134,25.41971797,25.27838681,27.89050565,76.19763338,6.546183281,622.9381794,millet
50.76022592,29.74696366,21.73323808,27.68089983,82.24687617,6.371640416,469.2255956,millet
41.72314355,27.9240722,23.51379081,25.82966419,74.97254075,5.349118072,505.9145942,millet
31.5388229,24.35619241,23.74278746,29.35509467,81.65346645,5.692162849,425.4012432,millet
58.96985801,26.92396711,19.61183476,21.9510839,61.76569454,7.202063788,445.9404384,millet
57.48653293,21.96666799,15.3746205,31.07132329,61.69568992,6.172403236,598.535071,millet
53.93878305,19.33854658,27.30724842,24.27748128,81.717084,6.262677401,359.6512139,millet
53.92035841,21.92010663,21.05874354,31.28937297,79.83121131,6.666622809,596.4518581,millet
55.11902304,24.46890752,24.27632631,30.06082822,85.78917023,6.242359971,507.8489741,millet
46.81054222,32.37284652,23.71490542,25.33029282,72.51705526,6.067227468,570.3112321,millet
48.38766188,25.5939226,27.24533048,27.91048095,68.10198215,6.475908537,383.0138894,millet
49.84188158,27.57593822,30.72593355,25.28037721,88.10651997,5.989727639,425.3910844,millet
37.00906855,26.83122802,27.07266583,27.6665171,64.66966924,5.78084773,433.9562206,millet
61.13921742,26.15866826,25.21665291,31.36721501,85.64749775,6.240003903,543.2183073,millet
55.20611503,21.14103458,24.76922845,28.66340935,66.89423522,6.359738293,534.4718948,millet
49.7549439,23.78310178,21.96107749,28.99781702,82.91647359,6.548993353,392.0757788,millet
57.17048868,22.27538035,25.27197893,27.8403037,72.4683851,5.863520559,491.0793935,millet
48.71069466,28.45466563,18.26502276,25.35467571,60.86485005,6.39251978,644.3936764,millet
38.86955114,25.70764109,27.15210356,29.56116283,76.58762451,6.646603436,643.4533377,millet
46.71767213,23.79941248,27.6228075,26.90142385,83.62858049,6.147143511,525.0008759,millet
49.45848111,25.63296554,29.17855899,29.10632543,63.98567503,6.37805323,507.9366013,millet
51.9671383,23.24477293,24.35520373,25.04741318,67.44997652,6.118373506,485.7794013,millet
48.5623575,25.4352633,26.55047953,30.41651731,72.49756727,6.377294258,528.6552944,millet
45.74244557,23.61883993,26.08137824,27.16937238,79.55640215,5.737689377,500.9485278,millet
60.37302383,20.06130652,29.92411104,25.8504886,83.86726643,6.281973597,366.6919989,millet
48.11798924,24.68881876,21.22816111,24.32585922,62.99506679,6.62544614,606.9868409,millet
51.3004187,24.41461632,22.25519341,26.13883253,86.83902171,6.565226713,488.9663892,millet
45.89768566,28.26694262,23.58975416,27.78287463,76.69645386,6.172479037,427.7855323,millet
53.20018,22.92885765,25.35855902,25.87877518,70.37977038,6.480667613,453.2714399,millet
39.67846223,26.44355562,22.8855748,31.26521718,82.48039542,7.018118474,522.1742282,millet
41.12418784,25.66242312,26.71862998,29.46911444,89.17067444,6.593605009,416.6013734,millet
63.79186289,24.66378297,25.08736764,28.97496465,80.57215905,5.841934202,399.9712968,millet
48.20688986,24.67995616,22.24626778,26.64066637,73.7228394,7.280970268,476.929673,millet
28.52555001,25.66649506,26.84501996,26.94641938,62.73002717,6.490754575,537.2750693,millet
46.59749783,21.33275329,27.15259086,23.11470849,63.88442534,6.9515109,546.1543838,millet
38.48001428,27.05159335,27.57491337,31.48424188,74.28850218,6.436011143,482.6143082,millet
49.42340978,29.50964042,22.87345194,29.98332759,66.93344887,7.124644678,400.3581338,millet
42.21333144,26.14792955,24.89809072,24.72094656,88.55833488,6.840000508,337.4635166,millet
43.0710634,24.79457776,26.50607386,27.67534615,88.54326674,7.510893745,588.8254798,millet
54.8321704,22.22301902,28.97161119,30.04068647,67.88248735,7.359762057,514.7784543,millet
44.11395075,24.98051467,22.22084144,29.79024997,62.93093013,6.100192893,495.8755171,millet
59.6182302,29.43151626,22.48554697,31.18974346,82.50865565,6.282658907,537.5048502,millet
55.84176703,26.30323281,23.12014338,27.40662142,60.8180244,5.896564828,395.9224895,millet
52.04131617,22.36822446,27.74631451,26.11445511,88.1058979,6.154992884,595.4815418,millet
49.83348985,22.15364153,26.29534793,27.69966898,83.19362976,6.01915638,477.6492249,millet
54.98994005,21.21082974,23.37643529,29.29565602,76.4359425,5.539776504,440.9083568,millet
50.31446467,33.00067428,29.16590776,25.26625039,68.39904573,6.697001081,512.3379016,millet
46.19829077,30.3333588,27.511507,29.50791452,69.77521401,6.220441258,674.8267652,millet
46.19915259,27.95826684,25.38655331,29.69699538,70.59909942,5.587758339,403.34794,millet
46.98116913,18.48794818,21.33125792,28.61205023,66.33015836,6.52821006,395.278737,millet
48.36480281,23.64146504,20.83714073,27.54626425,73.38724085,6.948848556,460.8493265,millet
66.81016287,28.22300846,24.56576942,29.44869708,76.67048054,6.912398408,282.5373682,millet
45.82220963,27.43486325,27.06705761,25.5751679,61.32396746,6.48654206,499.8015376,millet
39.16211528,32.77349868,25.77326776,29.09391836,63.78018516,6.789542589,480.4824602,millet
54.35563622,30.20536927,18.06503628,31.01511168,77.55604388,6.26979093,533.581712,millet
47.33142898,24.85391061,17.84954585,30.2855325,67.49267617,6.480062345,526.9423016,millet
43.16888788,17.06635572,24.14778545,25.70504609,70.09212777,7.074472521,488.7639647,millet
52.89031319,20.87919072,24.82054658,27.66033348,74.17972857,6.540513454,421.5454529,millet
41.16834757,27.26068212,25.89795247,26.46939719,85.64976828,6.340830405,388.3413971,millet
58.8577427,20.53292666,27.09788968,24.00651514,81.96803811,6.558847295,397.2769414,millet
54.93748053,23.79171503,21.62852702,29.80643785,61.01583436,6.682620138,403.7684307,millet
48.55178022,30.54882179,21.30728841,28.8071449,69.50385512,6.056624331,639.7206689,millet
42.61376345,23.17534445,29.20255316,28.96556595,74.08335086,6.474345938,422.2187212,millet
50.83606448,24.77109049,26.5088588,32.04786138,80.03266322,5.91468372,510.8716522,millet
49.56424052,31.2186826,23.52881346,28.3258488,64.26104378,5.972553884,732.3728664,millet
45.11255409,22.42536856,23.16176497,28.41156603,73.02775033,5.531976847,523.3139069,millet
52.72807167,27.23476726,27.61076035,27.75207117,81.06714889,6.475719943,576.3642584,millet
60.78673715,16.74978239,28.6153933,31.86758266,87.79390609,6.746103963,653.3029234,millet
52.73912997,24.88815855,26.5272365,30.0391404,71.48028502,6.695255662,704.5830806,millet
47.87826557,19.64139692,25.00723616,24.28388091,81.60714228,6.507208855,459.9449788,millet
60.0336496,26.41102008,23.43999212,31.69988388,61.99117533,6.555182316,694.3888463,millet
42.28605468,22.57138703,23.79022965,26.31588335,73.75468875,7.781887686,430.6190421,millet
54.45549384,24.27033395,15.87541502,27.62941901,61.44503905,7.30657875,655.2722606,millet
56.27981422,25.67472596,26.72656476,28.92659575,61.78267671,5.923725842,384.3729265,millet
45.63702882,31.66715686,23.17143616,31.29267234,66.64822732,6.062796056,442.4325648,millet
46.04030988,22.8876841,23.97347644,27.83806667,71.10022633,6.512689186,591.4914002,millet
50.16721632,26.0184439,28.39225862,25.32736767,89.60464851,6.605114799,627.337849,millet
48.47250249,22.66378782,24.14609775,26.59651372,67.76376302,7.055193638,463.3100001,millet
46.94156473,22.2431626,22.04872123,25.40625196,70.81870424,6.022203948,480.2143571,millet
41.05294796,24.54152511,22.65511069,25.67754485,63.74279568,6.944798457,567.3776658,millet
60.64468727,22.02288791,21.27739079,27.07706488,71.91504184,6.223025829,506.8774907,millet
58.36335907,27.66274936,25.21302283,31.14988995,75.80159624,6.91269822,451.4773777,millet
47.49502364,28.83045218,28.95955676,25.8729996,60.78504415,6.416762789,611.4791505,millet
62.76842997,22.78521583,20.63384403,30.03940359,88.29835814,6.508653172,532.3851981,millet
61.88228291,31.71365386,27.26555376,27.94575417,67.34257347,6.84339981,420.8986786,millet
62.89534778,22.1000273,22.92970494,29.81655206,87.43814578,6.728571926,465.1659814,millet
68.46076331,32.60865351,22.27575492,27.35073623,70.41270189,6.122431791,236.2890331,millet
44.67721264,29.30154242,27.77351626,27.52154559,82.57701884,6.705751982,607.0242115,millet
55.97542368,20.70876514,21.37158867,30.43665525,67.65988873,7.327955629,379.0728959,millet
53.1880891,19.07421284,23.99894878,29.462876,88.97921208,6.028617919,493.7040603,millet
48.93542093,23.53186326,27.27968704,26.79997217,82.12915264,6.609906427,594.7057742,millet
38.95194708,23.44600683,31.07561258,31.20867207,71.78842691,6.58987983,556.0769359,millet
52.58598244,28.62453294,28.77275832,25.80608729,66.90763593,5.692013606,659.9019332,millet
71.27943594,44.03669495,62.56556864,24.6327942,87.28010754,6.626689977,912.8707783,okra
55.36736082,38.48761126,56.46967992,26.69594611,84.89115806,6.261331702,704.5144689,okra
60.56056801,51.61720139,52.91285363,27.31049609,71.73313019,6.580461561,727.6064274,okra
53.64427569,59.49336554,68.63871915,28.62560449,65.52371385,6.877073544,997.566064,okra
53.1585061,47.10228443,62.22269624,26.5883512,70.72343864,6.448124846,873.3021477,okra
45.47952205,49.52791664,66.64943684,26.82850905,73.51384916,6.242699785,964.9433872,okra
65.59548237,44.46754668,58.81086938,26.60581104,87.82828137,6.431273284,1191.651364,okra
61.64785878,44.18680824,53.382582,31.16672904,87.33650175,7.032207706,1054.472128,okra
60.24945912,51.46940477,56.9410023,27.98342923,84.27868776,6.717854913,888.8605554,okra
56.29953585,64.34991052,58.00260868,25.02409225,79.95719847,6.429066413,1123.070872,okra
61.05143569,46.49325448,59.95312271,29.06479283,87.85274104,6.704519913,853.6615668,okra
55.69372176,57.02003504,61.94056033,28.71740527,64.86207977,6.466898972,832.7833161,okra
63.50923526,58.51564721,58.96947745,27.02112385,73.06502106,6.459966929,719.0411755,okra
65.48027881,38.90144347,52.68236294,27.01554132,89.69419547,6.551929816,488.0245721,okra
52.58645594,53.54746186,55.711268,25.54692433,71.5339663,6.640013884,945.2552928,okra
63.11176229,55.33787525,64.12847312,23.54631925,65.58896582,6.584261694,759.8462722,okra
52.97789649,52.54860294,56.26744988,26.52375164,81.47199341,6.479110123,1082.340202,okra
61.79250008,46.80099425,55.60775864,23.40992337,81.0929775,6.492208224,1037.619152,okra
60.16140672,53.74336858,60.34404221,24.35799073,85.81883118,6.91067185,937.8374844,okra
73.11794357,63.65999895,54.0160589,25.38323436,68.36756388,6.833604652,861.7492533,okra
57.65636492,52.2905059,45.64987698,30.38716485,77.12807177,6.169255937,1032.926177,okra
62.106124,45.90596124,60.36653503,27.32293496,69.7362489,6.729085406,967.5174382,okra
62.2241926,52.00394943,56.4937552,33.25292207,63.32996752,6.48525942,657.9637619,okra
61.94779551,52.34582655,69.97513401,26.94669231,82.97200125,6.145572376,960.0810268,okra
53.2959471,46.96670662,61.1709418,26.90947549,83.85717653,6.290039456,1040.1381,okra
59.86394285,64.96982036,53.06676966,32.01588025,75.92889121,6.4336678,680.8976853,okra
54.2575642,50.33703834,57.76833708,30.28504252,72.39560501,6.792759395,1002.110495,okra
53.2465056,46.85588039,60.86554936,29.54918651,85.57320287,6.508082792,946.8699616,okra
57.92552739,44.29019983,60.34036503,26.33247909,63.18399858,6.304388286,914.3223457,okra
70.41665162,56.95814639,69.26539596,27.79105349,70.90923245,6.064809354,1131.574325,okra
68.25662702,44.08940243,54.14516392,23.26261012,71.01514713,6.469525367,920.5486561,okra
65.83365883,48.21736622,58.78190031,29.21799838,79.59075841,6.506041535,932.3954565,okra
57.34219211,45.9940619,57.53825704,28.41333333,82.35257792,6.890588605,852.789649,okra
57.07320552,40.26101717,52.5327137,24.97099655,69.43289597,6.570868127,883.471921,okra
44.80781521,63.3035696,61.1734413,27.00294339,79.60767315,6.239627661,1070.563836,okra
51.04214455,49.19299415,52.69225567,30.26351179,82.44865097,6.387033276,698.5228358,okra
51.58469759,49.2728308,58.65160314,25.81029347,76.34676431,6.271685713,1179.882874,okra
80.86489207,50.13410439,54.05712808,27.06479383,72.15003098,6.540831164,685.2886901,okra
63.08040363,60.00145976,55.527126,25.40339804,61.10994391,6.072089201,618.4706313,okra
65.10504202,44.90838064,70.48995019,24.3640664,79.20210997,6.70043125,930.8674367,okra
54.17061315,58.84077085,62.31859624,23.87992413,68.38275837,6.651406692,865.583324,okra
60.19968107,46.97370041,51.89052769,23.73991374,67.4342643,6.509709907,871.8160614,okra
55.24372106,60.12619342,49.82230339,23.29158463,64.58267544,6.305948635,1003.801277,okra
67.85668864,41.94467958,49.04727661,31.11098529,62.35390174,6.741634952,1135.22391,okra
67.40903542,53.37158228,66.54784115,24.04516033,82.29953084,6.817031488,757.569224,okra
60.174075,60.96984358,57.40130544,25.38716413,67.02740857,6.072282749,920.0400664,okra
48.10150287,52.62755493,69.05631741,28.3258403,60.85093383,6.712307286,790.5438182,okra
52.94851349,50.17494281,61.99549012,27.23010546,86.60487098,6.531276613,1193.953725,okra
52.7157411,40.79917414,64.09939098,26.43986708,66.33937377,6.224924526,604.1217403,okra
59.92636634,38.21887999,62.70036807,30.79689513,71.54586014,6.808708492,1084.385093,okra
57.1831246,48.20792926,60.91751909,30.50261627,65.29574286,6.716273133,784.1150777,okra
63.09181001,51.06452086,55.64824994,26.87226256,81.01268602,6.29268045,726.9210148,okra
55.90155959,43.49293876,61.88988355,30.04386442,63.2746123,6.948824962,1074.61327,okra
64.06775401,56.62797947,63.44256236,27.57177304,71.75553097,6.775372288,830.1941661,okra
59.45840902,50.53194238,52.68119895,28.10415628,73.39892454,6.565667328,951.6233671,okra
68.78738754,52.00220835,57.53136302,25.9465373,66.26594375,6.585473315,936.2054351,okra
63.7004656,50.507725,63.10095212,31.16379743,78.34771581,6.368648619,788.0476879,okra
64.20127698,48.57436107,50.14067291,33.4808151,84.98294034,5.997695865,1205.128339,okra
55.65003711,51.30107802,64.84994858,30.52243385,73.73188598,6.588739195,663.3039755,okra
60.67803072,40.40823707,54.36230649,27.26701483,72.22288577,5.843352569,1001.201389,okra
66.72299172,54.9697363,44.31057035,23.85497253,81.16091012,6.765800038,923.8085375,okra
77.69671324,45.51106574,70.99796816,25.53701757,72.88448247,6.423071879,739.5205506,okra
53.09128455,45.85048578,62.47044885,25.47505006,82.64580907,6.491111099,639.4164504,okra
45.76708915,46.46724407,54.42998377,25.5206731,86.1867786,6.426108509,1078.426332,okra
59.90921227,62.04037916,64.74794519,24.5832257,75.82193895,6.427041474,1189.645636,okra
64.6526716,53.5368619,46.744216,21.65195186,76.02012107,6.703704594,765.8244285,okra
42.71461031,53.44678838,63.46182332,28.70031794,86.01819659,6.701581294,949.1386045,okra
61.76052889,45.97071919,61.37093445,26.15068652,78.8533161,6.510961368,867.9306652,okra
59.6317407,42.04271263,65.13082857,23.35670773,78.04711682,6.425786585,1049.601527,okra
49.45702475,42.12262332,59.59270351,24.33350038,83.62133908,6.636621734,1089.990807,okra
67.15444861,49.95293525,55.29649816,28.2471364,80.47651478,6.987562075,689.4170512,okra
61.90056502,54.9622679,66.55763318,26.22194905,66.90377978,6.439277025,1190.503265,okra
55.38197733,53.39198284,54.78182338,25.01708967,76.45397441,6.721189256,810.434129,okra
68.69630183,41.71703949,60.88031189,28.38470754,67.26460567,6.334463462,685.0741956,okra
62.87008986,41.61138253,46.05916866,30.24283614,68.8313834,6.066895662,817.7431925,okra
55.74726636,42.02975611,71.08672533,29.86717418,68.92041483,6.387566801,934.1929107,okra
56.72716447,63.47046771,51.40203229,27.70528917,73.00691906,6.688026643,1012.475121,okra
55.34868867,41.71843332,57.42797169,25.25527089,82.7704646,6.865549148,907.6831638,okra
63.39174197,59.9218746,65.12520151,26.99937706,77.07810668,6.774658558,892.3317144,okra
61.3830802,46.20106,60.1200106,30.65861577,79.8313245,6.476233516,1132.841709,okra
59.09410569,55.84016225,61.29593226,29.30243729,72.78729792,6.448931315,1058.142813,okra
57.58171906,32.06578105,59.51457928,22.39579698,71.27289349,6.533441837,1028.433967,okra
63.36253115,56.01256712,62.75936749,26.19114615,62.61812392,6.110100466,853.9356164,okra
47.57377064,52.33394005,61.64873231,27.31531683,81.27269935,6.79068073,647.8254963,okra
57.83027198,53.66565224,71.67455675,26.90293068,79.71773226,6.92726874,848.447248,okra
69.18178448,59.59273193,55.78604418,24.49053792,70.33272976,6.645470016,997.7771098,okra
56.78658721,59.54691486,57.53986812,26.32504747,60.38443952,6.033988283,773.8905192,okra
55.61695289,44.99857454,57.13276101,21.86428357,80.93096086,6.307870858,856.9038468,okra
65.66037401,54.42510315,56.16547363,26.00103457,75.83403154,6.366608075,714.4807127,okra
55.38285609,54.56722124,63.89849087,29.57287025,66.59177591,7.086912347,981.5135414,okra
57.24095875,47.6708936,72.7279026,27.76745005,73.9520652,6.732895621,1124.792031,okra
52.13849504,61.13596487,56.53205002,30.93052322,86.43288143,6.622725327,1156.988036,okra
63.68537647,51.53802111,56.55075029,26.80481486,79.2989178,6.55843832,695.3969267,okra
66.97406985,36.14047827,59.83358657,28.90051598,61.03586471,6.056492493,1023.57009,okra
58.9078364,60.10154117,62.61326857,27.57858443,70.86821974,6.42243573,914.3979085,okra
63.80862795,41.83082741,64.08575809,22.76656291,60.47947666,7.079685567,851.1912967,okra
55.48380347,48.98180672,70.01063266,30.9327293,75.18127065,6.251155328,998.6930339,okra
53.90304225,53.21539094,55.60577261,26.59109718,84.57381996,6.618314689,905.7619144,okra
61.50793107,44.35859454,65.67124883,20.98242851,69.26302098,6.515093225,880.3001011,okra
60.24183584,53.47884222,63.07810009,26.55116701,70.93999588,6.999957149,948.6935811,okra
99.72661304,59.20635393,94.92027096,17.83531104,60.09654252,6.615371463,712.0311178,onion
97.92856515,45.81966486,86.182304,13.64373006,60.83023665,6.210247326,518.4820051,onion
80.57165,44.32315302,89.47185752,18.48270508,75.67777239,6.182780989,768.7798469,onion
99.84083653,52.03928795,89.95291408,18.53706076,77.67081579,6.34906225,480.8829464,onion
93.35350027,59.47348028,100.8695951,18.10918653,82.40146723,6.460374079,352.1351008,onion
77.74851552,58.57242362,76.49426756,21.7498822,68.76062482,6.603053449,533.5938646,onion
92.38092645,58.12743993,83.46833816,20.23498277,79.4852419,6.75801175,405.2030775,onion
102.1159423,63.47001879,95.80669295,17.09300983,76.64505702,6.401612621,574.7666483,onion
101.1440422,57.63021919,83.77529043,19.30210152,88.48483126,6.48095365,542.0587135,onion
91.2608151,36.9839699,89.7795807,19.98377889,78.50038569,6.309610666,693.484042,onion
84.29727737,43.79658622,89.19444349,25.39378804,82.30272086,6.634053733,509.4930688,onion
85.4436736,43.85442735,105.3681064,21.47942843,67.98544414,6.524362771,569.421842,onion
97.11383617,44.06932339,100.5507254,22.04945931,87.47642174,6.267138597,672.0675358,onion
96.6670182,56.59269522,71.17136397,22.39143952,87.63147529,7.079551423,571.1579961,onion
103.985916,47.18979058,100.678025,18.63393738,63.23824286,6.448824587,719.6103789,onion
92.97718416,62.5649273,89.29982227,17.21786472,88.93676912,6.296669943,645.087374,onion
102.5918003,39.01361767,81.22973046,19.60143088,84.18088219,6.453745974,425.1419572,onion
93.89821905,51.21842166,88.46210007,18.42533971,78.43943175,6.613953703,495.4847804,onion
94.77389931,38.28793436,77.14609521,21.18828129,68.96090651,6.524713363,402.4699935,onion
99.14952759,54.43819892,88.4656899,19.27487938,83.10671936,6.164699077,542.5992622,onion
75.09530597,45.34273598,92.37754218,19.72184776,86.64375121,6.259806876,659.8703082,onion
87.9847065,38.04299282,97.48680863,19.32161245,63.70485418,6.684188989,686.7003792,onion
91.90481869,59.15485909,93.83827024,20.26862355,62.75884658,6.441806903,470.7539884,onion
75.82757109,49.14160491,89.10150609,23.97746082,85.30210289,6.847074131,462.9502974,onion
114.2882021,48.3414183,83.07811006,19.46369488,88.42120747,6.375248696,631.7267327,onion
105.7176812,47.65859286,79.03740726,17.017231,72.30246476,6.236125063,541.8740903,onion
82.40778833,48.13441948,82.01546795,22.52435974,65.44992223,6.570927672,625.6483906,onion
75.0465741,51.04917577,92.65062543,17.6413053,84.6587177,6.26462333,601.0052876,onion
93.96528897,38.04136075,83.486893,20.47580048,78.42154915,6.306811867,602.5349128,onion
81.77474805,44.22816124,88.65057186,21.59568609,75.91714369,6.298104669,679.1865669,onion
92.96817479,44.94225899,77.97916574,22.09933667,61.0568673,6.811768688,642.9203646,onion
109.1410181,51.38281575,97.51695833,17.9835114,86.04265289,6.353371834,620.1424101,onion
86.29255188,58.67688974,82.53177011,18.68678091,87.26944328,6.765453008,530.5450971,onion
94.69407074,46.00959047,100.4068964,19.73555762,84.58138644,7.087450162,493.9892761,onion
81.60624257,51.8602284,80.07163583,17.31737463,71.34384452,6.266785414,472.202626,onion
77.381644,39.88537377,76.96357807,19.87245739,83.65009991,6.397554081,603.7968759,onion
93.71743909,45.80062638,94.51790756,23.87223652,81.01648179,6.685698751,452.7502559,onion
79.1593174,45.35107366,97.36976133,17.10717947,83.01677167,6.330226858,561.6754677,onion
82.900481,39.38174828,91.89285118,19.10894458,81.34494476,6.699681538,371.820794,onion
88.12578737,44.11845243,94.04309344,22.25010204,63.11831327,6.613924931,630.3513972,onion
108.7120945,46.95139323,91.95854006,16.82689921,78.53781011,6.64862095,534.3786525,onion
96.11476233,46.31944609,101.2798153,18.18961345,63.12430408,6.258457403,521.847372,onion
90.16678043,39.73586583,79.48702655,18.34998866,71.80490943,6.328869545,583.148617,onion
72.26052318,48.92878967,101.4557702,18.91893252,87.89189939,6.667575589,428.4915931,onion
99.07011013,53.11931464,89.24598153,22.35006474,89.47726936,6.501682588,594.9101223,onion
109.9897092,53.33913829,104.8847122,17.10231269,75.42856181,6.373487445,667.5115354,onion
89.99843229,67.71152233,87.18399245,27.50417159,85.60126114,6.296080936,707.0561258,onion
88.06683823,45.16676009,93.84647163,21.49018036,88.04786668,6.643102684,598.60023,onion
84.2480508,50.83236114,66.65664181,22.47543416,75.81125258,6.650503698,688.1885263,onion
97.62116017,39.40841018,104.4243346,18.61929626,84.67902693,6.770213812,563.4182253,onion
91.7336161,54.91193583,89.2860743,18.28024395,65.37818883,6.208303997,594.303898,onion
75.49701348,49.40214576,84.32910388,18.21063867,60.87589367,6.253945981,650.8820897,onion
100.179916,58.76008495,88.12155777,18.91598003,77.005816,6.455384524,619.3616568,onion
106.6382073,50.21245897,75.99414362,19.96785662,82.93263689,6.445053437,457.6196905,onion
104.6223899,56.51453652,81.86082661,21.54718879,89.44947604,6.663599076,574.0019053,onion
110.7458605,58.60169589,84.16080078,20.12286453,80.43934717,6.640535066,533.2284339,onion
84.1509556,43.82811176,55.72344472,21.83709858,72.00914225,6.28939457,509.3776797,onion
87.93059855,58.64224647,104.2478715,25.58223274,77.2646684,6.727274096,681.9369495,onion
94.04611999,38.64498002,95.14851681,16.29831152,72.95803861,6.596045695,531.1146499,onion
85.48786557,49.7646792,82.7288239,19.17970213,73.14394454,6.848388926,423.826784,onion
113.3700231,52.01350085,90.69326905,18.64933438,71.04300614,6.816653213,609.6669176,onion
81.19465975,53.69267509,91.75488287,15.09929092,69.99511801,6.556365789,726.5435664,onion
88.84159383,52.49661535,97.77176406,21.2835203,67.60853361,6.3506355,680.4577381,onion
82.42765177,53.92198085,89.95912901,18.3568852,70.40094104,6.335104227,579.5362222,onion
87.34931211,43.23044792,103.1085686,20.20629776,77.56875573,6.462799113,569.4575986,onion
107.0596341,57.04924223,67.74080758,18.638776,85.56620025,6.104229896,517.617469,onion
91.52389492,49.78373472,103.1756616,17.60024403,67.51206029,6.237943126,476.4590856,onion
75.42012098,52.560861,99.60114354,22.90743921,72.63809028,6.808144932,560.9278875,onion
76.88961849,63.42948304,88.03678448,20.61895244,70.78273288,6.065700044,599.9211216,onion
89.99191267,50.05628134,114.4614244,23.9681813,89.52432802,6.916829412,641.6933223,onion
87.30744213,48.69287009,100.1449677,20.70906072,77.62118855,7.016918127,411.3330433,onion
78.55505993,49.33465694,92.30277178,24.20266012,71.97968628,6.112422354,582.7520012,onion
109.336327,42.41547423,97.38055412,17.97100096,75.63032736,6.148040696,547.6765019,onion
84.59199395,60.49131722,81.02098992,20.540862,78.94751969,6.128193823,446.0334074,onion
89.5076048,52.33151176,100.5893183,23.69009127,63.12910653,6.295552356,655.0983373,onion
94.56243468,58.44718352,79.19111151,16.56064572,81.94522109,6.990205791,603.4464626,onion
94.33961978,46.55542601,100.1728877,16.18905468,63.44039476,6.780160959,426.7712659,onion
96.02260633,47.61622585,98.47377264,20.92242271,71.86172107,6.519285439,506.7199194,onion
83.61111234,36.78064156,101.643713,22.62726292,60.82669245,6.490539478,694.1383248,onion
72.05587403,53.3576919,106.7370754,18.42541884,83.30141409,6.88794498,465.9744816,onion
97.16365564,46.51972949,103.4371619,21.3405378,74.31464557,6.403760828,414.9249731,onion
74.59088558,42.7221131,96.76294964,18.12229819,62.59054984,6.528636425,547.812849,onion
93.32385428,41.66803572,90.73178715,23.58614757,87.00902807,6.729615048,515.4261409,onion
92.65563023,50.64763918,100.7378439,21.06162501,82.71393452,6.610531911,457.7109764,onion
78.29235653,47.64515028,105.5164053,19.57086739,69.50251426,6.970544892,574.8234165,onion
90.31778489,41.81381569,72.40694135,15.98034457,68.90884509,6.748618003,564.4330566,onion
85.51549909,46.43949867,85.82007766,20.40222239,80.21292599,6.234839963,423.0913542,onion
72.76841304,42.78634934,112.2393072,23.26014145,62.11449324,6.662053745,700.6298645,onion
84.88941108,46.91368533,95.63326619,20.52148241,82.88925976,5.879880073,496.3801398,onion
104.5197253,39.14471334,77.61618196,18.40861117,78.0852872,6.469241652,547.4630706,onion
67.90780381,51.25518085,78.22453938,21.76667137,77.00208765,6.515044346,566.6304415,onion
83.89730368,61.37323048,89.16844631,21.25991682,67.18403992,6.443498458,522.6996185,onion
74.66477758,52.89623163,78.19084328,23.86527236,86.60618716,7.015179382,640.0986096,onion
99.87913011,50.96612535,100.0957399,21.90017855,73.00768255,6.169941146,469.505247,onion
92.36991761,48.98135031,99.67644458,16.65326691,83.61284341,6.810218954,453.1704756,onion
84.96281205,48.26426107,83.32615653,17.19352604,63.84172065,6.244593103,629.1785853,onion
100.32816,61.20041017,94.34053377,19.15195352,84.66394369,6.47968801,544.1541548,onion
87.29843584,51.99342025,95.51696686,18.86871575,72.7149327,6.392038164,673.4452933,onion
91.82136194,47.54746122,82.14730755,19.61368818,66.85440044,6.397983451,625.7923834,onion
87.5672014,51.76348116,100.4609542,19.7802641,61.45214497,6.639869209,525.5088948,onion
105.7887051,38.52405009,90.84499774,29.90070408,85.36097703,6.968212269,1674.982808,orange
83.46302578,38.93707128,71.43466342,29.80880328,79.81205996,6.067012545,1025.219078,orange
94.7385594,26.78467287,84.83080514,28.35147355,62.11214813,6.943313902,1616.473363,orange
89.58377185,39.67253272,97.93438212,21.44385725,83.54660335,7.095593612,1391.090238,orange
76.82966306,36.54975489,92.11421229,24.98056155,72.83895941,7.178344601,1460.477915,orange
93.21931968,36.30215954,99.13133665,26.04278472,80.39917462,6.754910674,1503.412528,orange
90.27498754,20.45568784,83.43415917,22.5463891,63.03583813,5.926446671,1440.917488,orange
81.31498332,40.43226467,81.34950814,27.51253539,66.8989753,6.334588664,1696.439658,orange
86.72915372,33.49172102,82.58203372,23.9608261,64.66849128,6.401397087,1551.995677,orange
78.09095012,34.02383629,84.7494289,25.37340765,72.82147664,6.673675319,1517.156635,orange
101.3031081,31.29979359,88.07579838,20.74354338,66.6940419,5.610630087,1459.532254,orange
77.67710942,36.56575723,104.140758,26.10299746,61.14081336,6.314709075,1486.636405,orange
86.7190053,33.9702098,106.2145251,25.40142178,69.81943954,6.428396671,1502.385637,orange
102.8603094,24.35716815,64.54491743,26.55791329,83.63722991,7.260352475,1504.582728,orange
93.06546277,33.66281892,87.06681132,16.00761923,70.56584339,6.742715326,1367.596833,orange
89.45419518,35.24904873,93.3632017,20.64291467,84.5030555,6.448834288,1479.417483,orange
92.00593579,30.83924851,92.07859701,27.73828357,60.98237264,6.780896556,1533.595432,orange
78.1946361,29.38017951,90.36626387,18.36418058,67.13828538,6.787295892,1721.913638,orange
105.4866584,31.54762929,92.50030966,23.39075064,78.08724545,6.302368777,1529.527101,orange
88.80668209,46.99159548,69.77701088,24.35805126,60.2284165,5.88256908,1258.961238,orange
108.7884762,28.52479293,79.39057005,21.31790347,74.93343838,6.97727461,1827.208618,orange
93.0119066,37.13541637,90.88890641,22.49155625,72.53442628,6.633698917,1479.714503,orange
107.6012746,33.26725531,88.55584835,23.61958912,61.33332796,6.514690975,1517.670507,orange
84.13130908,37.0649093,78.87745736,26.22604261,71.35158468,6.886789274,1237.54544,orange
105.9437119,41.43826439,80.81471109,23.33406295,86.58239747,6.522240101,1477.130673,orange
93.64067511,30.23024332,100.7092082,27.30411703,71.85075247,6.890607345,1468.527682,orange
89.90541522,42.70857042,100.5836188,29.89913594,75.54200145,6.942338266,1563.215993,orange
74.90248155,45.84399074,87.59543275,25.33562609,63.27581625,6.432713826,1330.23823,orange
93.42749974,39.44629302,80.51122715,29.53518208,60.69856309,6.378801952,1558.554584,orange
83.65935243,29.31798669,95.40831924,30.00688689,67.94583408,6.456099234,1699.676472,orange
98.32990671,26.2585082,103.1553442,32.59899981,81.20179028,6.322685875,1542.733611,orange
95.9840977,33.35395528,72.75516181,28.62183923,85.51375949,6.320280301,1251.641092,orange
96.46919925,33.05109363,86.98955203,31.91150072,87.96902497,6.564280274,1564.94803,orange
93.19681427,37.85590276,78.48776305,32.45297465,68.20409286,6.422621734,1336.943011,orange
87.34778427,27.24432549,99.2217926,22.92998164,89.34535684,6.552608596,1594.915388,orange
89.40760841,36.4299305,73.14066954,25.62368577,86.93947596,6.635621309,1303.424465,orange
94.1367407,41.4925593,91.8976626,22.13103669,83.01237966,6.698921719,1368.966003,orange
86.3760361,34.65678585,108.0690809,21.3497777,86.74095114,6.930180554,1686.14423,orange
92.77480532,37.97690317,80.42812735,24.68964209,67.38949998,6.809719241,1521.39685,orange
76.99200737,39.89750367,86.02293962,23.36597651,74.77839678,6.785547825,1529.569707,orange
109.2497903,36.50040228,95.70805178,21.58454293,79.46080767,6.719808826,1315.838289,orange
94.36267302,28.27476064,102.3003114,29.29666016,87.27799778,6.372013347,1480.906477,orange
84.34571326,28.42297891,90.35427343,29.43155625,79.46583153,6.913842356,1224.179093,orange
84.22755972,39.58197892,93.22696563,25.113741,78.2933618,7.127081333,1594.269341,orange
87.90596932,34.50546657,82.86741732,22.8062835,87.7070771,6.352550302,1642.470888,orange
85.45953992,37.64687511,96.20266519,22.21396256,69.80791838,6.547567692,1452.947563,orange
90.2928164,36.08645255,82.52706479,19.44161757,79.45948676,6.719394614,1557.18084,orange
83.10757087,45.20450201,101.505453,29.95418644,66.53948764,6.01105801,1506.328776,orange
87.01568584,38.36943892,85.17725202,29.79907911,82.91208425,6.735264582,1375.523975,orange
89.6181254,28.33628579,90.72763237,20.96907489,84.6214305,6.89435906,1495.62092,orange
84.9495074,35.85991247,96.18396656,17.37784045,65.17954426,6.853333114,1738.331388,orange
92.37312477,27.99439123,85.29969138,29.68206371,67.40959725,6.360577608,1532.682823,orange
89.28120152,37.47614902,99.99972831,26.37897831,66.7027197,6.473519555,1445.827621,orange
90.13530658,40.12705463,109.2304582,26.21400104,77.23551781,6.529392934,1392.415281,orange
103.0643405,41.82571483,91.53506305,32.03851015,87.00176393,6.980269159,1028.096373,orange
95.6903583,37.39326647,81.31824755,26.3789563,69.95856282,6.94432727,1551.127639,orange
84.9441046,35.47058386,95.08532296,18.72280265,81.27143165,6.472834323,1662.878684,orange
81.63271468,38.98140855,89.65700981,29.76781861,84.32700122,6.546391363,1546.825208,orange
110.9325333,28.80254701,94.95075179,25.16892575,88.75874885,7.222617672,1445.442984,orange
87.13893456,41.61104108,66.62811415,14.86582774,80.53971169,6.400928374,1601.110454,orange
101.0707946,31.53959384,101.8668748,23.78679271,72.04406193,6.551834089,1766.850533,orange
88.12955765,37.36135373,92.77869466,24.67527502,82.12575294,6.252349046,1665.426149,orange
70.56844804,36.66972987,92.46890523,18.27081747,89.63281873,6.270965906,1373.07537,orange
97.53263098,31.6834084,65.9041361,25.87674801,85.31369503,6.223527504,1240.271028,orange
86.21391516,30.5060639,89.63852018,25.00697545,65.69796934,6.317460921,1379.980154,orange
85.72345554,32.65799973,90.45408468,25.92778236,82.88079495,6.677116758,1668.657151,orange
99.23522599,42.12382196,95.8841811,25.82057776,65.57215422,6.342793556,1456.466338,orange
88.14306715,41.11174585,88.18826298,28.34026542,73.27842474,7.21587594,1335.677296,orange
83.13761283,41.14038961,77.91425367,27.12564001,76.62141314,6.827390788,1519.617757,orange
89.68822154,39.82514432,89.98496825,24.86192602,60.59370473,6.932757189,1266.781254,orange
96.47956796,34.02251183,103.6850108,30.26167961,71.23311138,6.583730901,1800.520329,orange
100.8251419,23.17223204,98.54449177,28.96439208,79.74328987,6.57386457,1635.705135,orange
90.12686497,34.73915924,83.38458572,25.69208979,72.83189263,6.940925083,1662.889317,orange
92.59898901,30.41948391,73.67817741,28.20965252,65.52317118,6.326804579,1419.300102,orange
86.01551513,36.7353226,81.48613025,22.15683402,81.38570497,6.009092779,1341.606386,orange
104.4016328,32.09785672,94.91928262,23.76461777,65.07223502,7.043844576,1451.878719,orange
117.1049244,38.86395695,108.2925283,28.97394912,61.8229257,6.99429861,1632.715436,orange
101.6402551,41.2499548,103.0350514,21.07582011,61.51807748,6.739130202,1490.172766,orange
71.82152142,40.20293752,102.5492883,17.67553563,78.64767178,6.614680872,1023.927603,orange
81.8066102,37.50890229,98.47647242,23.76055236,72.70697749,6.494774014,1601.714014,orange
107.6570715,32.0976091,93.02874901,29.01757424,65.19786078,6.562285266,1660.595351,orange
89.10171637,30.13029789,85.48355244,32.33719379,86.12370322,7.099862339,1225.755352,orange
90.64956191,27.60572652,82.99123184,22.17272486,68.39707627,6.152336199,1464.361267,orange
70.99497172,27.80380426,90.93628971,18.01152286,77.88194705,5.894086265,1266.589023,orange
92.25904245,35.50333019,84.12557198,33.77325983,74.73339157,7.009581831,1592.427891,orange
97.42413455,37.66173601,88.00859655,23.05721319,83.7619223,7.146483072,1488.567134,orange
94.21992081,35.01021755,88.60313828,26.11361784,71.57654465,6.192685802,1473.346917,orange
103.8879052,32.57648062,75.41936488,25.05215518,74.96235068,6.425451919,1695.161294,orange
71.15745327,34.52981836,95.75462035,35.60896934,76.13113362,6.343100387,1647.159135,orange
109.1120127,37.66870432,86.5489565,30.49488385,89.83130699,6.534310216,1323.994136,orange
87.71073028,28.77947684,83.80403543,29.78362004,88.02810532,6.365694284,1480.769252,orange
76.28306768,41.8808802,95.41151514,25.67434621,77.48936047,5.993276632,1644.44376,orange
78.71743659,39.91752309,95.02405843,17.51924175,83.2159746,6.170926236,1720.380092,orange
92.11527273,35.61574391,105.4477589,28.33918504,85.97724419,6.357787919,1664.657292,orange
99.93819967,34.22860847,82.16445196,22.08838664,79.29326287,6.283548192,1007.556105,orange
93.46399961,26.42954163,85.41603264,21.40939442,81.39717701,6.57952892,1666.296627,orange
92.20295395,32.38008519,90.10386405,28.82899485,74.81075898,6.679245965,1687.224864,orange
82.77483259,30.33064578,84.69758085,33.00058266,72.13043371,6.465833437,1668.298058,orange
81.09047966,37.77560133,61.07618865,25.72122688,79.69840712,6.442530984,942.9325876,orange
88.29388717,34.61408826,85.83459563,18.0453462,69.57277063,5.932948345,1883.46479,orange
52.17664358,33.20814468,56.07087696,17.95064306,73.62352612,6.233460442,1017.976166,pear
62.73422555,38.02942091,57.39560403,16.63088754,73.01644543,6.366429237,910.9554219,pear
45.12724661,41.22743365,65.11656144,17.80610113,64.69404997,6.122697883,807.2194655,pear
71.77010901,41.70496223,69.17558194,17.22720249,76.91538352,6.698610277,982.7280345,pear
64.32408017,35.07113932,65.49001558,21.91737062,86.95029381,6.160437779,960.847035,pear
59.67668975,41.97647762,70.3241491,15.19726127,78.4052837,7.06882886,1027.005171,pear
54.54043433,41.75974363,84.24279752,16.07369234,79.51101747,6.434397967,922.0850547,pear
56.42283773,41.07181949,74.44581678,18.03405389,79.83379216,6.494765763,1234.165277,pear
62.22046811,46.20117852,70.71384325,18.61282893,81.45965555,6.107694863,1141.392394,pear
67.1430992,46.82013104,64.83475785,18.89287612,68.88665174,6.493891346,1023.933027,pear
57.66620559,34.06632589,87.27005012,15.99342504,77.95148916,6.470243712,937.3041175,pear
62.32767044,41.5268299,65.70388805,15.16056761,75.46817125,6.847370877,1106.321249,pear
61.2734255,40.82097033,80.6118019,23.42807733,78.85399011,6.53015855,1135.64114,pear
58.49816364,33.98154699,80.44227744,15.88688532,67.68680164,6.391109141,717.0049275,pear
56.9683069,39.71437626,79.60411549,19.01978613,75.92829719,6.366475411,907.6014069,pear
59.57628723,39.64070356,74.53371887,20.47726184,63.33040404,7.283108674,1247.525642,pear
53.34196209,40.32972168,72.3834533,18.33139553,73.30775311,6.554188142,1043.028772,pear
64.07299704,30.16465377,67.70758144,21.38959715,69.53803785,6.686197196,909.4144753,pear
47.4895886,36.38654772,68.08524191,15.05447986,67.79554457,6.940306444,1198.50524,pear
57.71274774,37.52755358,84.5035953,16.58979785,66.53715237,6.391488708,1022.256118,pear
67.4474537,42.99902063,64.36433448,19.04523973,69.91224042,6.42546384,1178.334489,pear
60.88146572,39.62602874,84.61528162,19.20961656,60.73505655,6.369813424,728.6015392,pear
51.49061051,41.79960467,91.58895574,17.94879171,70.3762817,6.274366911,1208.777054,pear
52.61040109,39.53722554,65.05059996,19.52843079,84.86550387,7.005453251,1239.093553,pear
44.64419512,42.95605409,68.80584873,19.50940196,67.11969738,6.519257455,965.0947214,pear
50.26395919,34.98208406,83.96166766,19.04612376,63.99088638,6.679829571,998.406917,pear
65.24248125,39.64617003,80.09810238,14.80831469,89.83404009,7.285336544,907.4390717,pear
63.67186728,42.64648665,84.58306555,17.83079838,74.05274875,6.473339169,1005.333143,pear
52.63521085,33.75358721,83.15107881,22.01991118,62.46565922,6.648705067,1179.80908,pear
60.7689357,45.7729112,59.96957348,15.19752157,60.13256779,6.165773934,998.4372889,pear
57.05675723,36.79670712,75.39114626,20.08513092,84.12125535,7.114716908,1020.232643,pear
57.47425818,40.44502858,84.11923325,17.6161216,74.67295896,6.76634086,653.9723095,pear
62.03899516,28.15993775,74.84109784,16.76565808,66.29977597,6.542462281,934.0714392,pear
59.6983736,31.58282829,75.37425736,16.51029574,62.98389594,6.739932603,882.949775,pear
64.26624343,40.28243122,75.39433115,17.18238168,82.56316194,6.68860772,885.6882161,pear
62.41313762,41.7604607,89.80494258,15.08940216,76.5469591,6.107607645,1093.598085,pear
67.680597,45.02583556,72.89405786,14.81930127,72.66316729,6.698995068,1158.683614,pear
74.28139431,38.32842485,67.77741537,16.20823164,67.19758958,6.541913182,1090.183307,pear
66.33467137,45.40736585,69.11177001,15.33177047,86.94140218,6.571384488,961.097158,pear
59.52814502,33.59383828,46.71099494,17.70635002,68.63788707,6.713800213,879.3804389,pear
64.88714097,32.51948169,77.12973768,18.61332143,65.01454224,6.774551149,1221.529179,pear
54.95991727,32.40771718,77.5806832,13.81074364,84.10882194,6.592188498,1083.298099,pear
63.92746439,39.89358417,67.48815241,24.26280157,85.70320869,6.401414018,951.5311298,pear
62.81387014,41.60908069,89.26622651,16.5188944,64.04908008,6.723963475,971.4476548,pear
59.37410712,44.78452574,73.85542107,13.1531807,62.78029196,6.645993471,1049.280086,pear
59.45093197,41.59222778,67.05470007,19.32268036,76.55001602,6.372280162,941.8018805,pear
61.16114063,35.61433865,91.52362196,18.05724167,74.87585042,6.483031429,963.1570162,pear
49.22503597,41.82660038,78.64590427,16.88963692,65.65725576,6.646791243,990.1264691,pear
59.67135748,52.20255831,77.70494537,12.80784971,82.02921182,6.622969014,1141.159669,pear
63.79076748,38.20616267,61.50553327,24.30661061,83.18456317,6.718949242,1137.820464,pear
61.05833245,49.79045115,83.71286132,16.63409464,86.73325542,6.746374401,1279.577027,pear
53.72586009,42.40052444,66.61716891,18.45592441,72.48954081,6.67593909,949.5775656,pear
78.10512625,41.26484967,80.9155749,16.53390811,87.90303863,6.491066923,1195.149288,pear
57.30448677,42.17095576,73.69909125,15.72072208,65.44603401,6.63654145,793.9485014,pear
66.81112683,38.65830773,77.03938945,12.78729974,63.96996329,6.626624134,1011.609507,pear
54.46576844,44.04449007,57.93001775,14.32151036,62.93843303,6.432061894,1117.93738,pear
47.5461925,39.74315352,74.17431147,16.93178352,81.92086281,6.369450142,753.4143408,pear
60.5079497,40.04961485,65.89420116,20.1322989,68.62466427,6.429619575,1167.44609,pear
63.51780315,39.23073714,75.13635468,17.25563714,83.25229972,6.308480384,1182.164153,pear
58.76494688,40.06678631,94.92357563,20.1493534,86.24374013,6.639184636,933.9603938,pear
66.26265586,46.16907365,61.44173852,14.97555895,81.09783667,6.496392403,1009.965688,pear
61.0688501,43.87734693,72.23461594,19.00800499,82.86696224,6.584948461,1045.684253,pear
55.40737334,45.00846738,59.205653,18.48464975,70.2889772,6.231492434,868.0730937,pear
66.91013489,46.67112144,80.3599152,15.68255962,68.73205788,6.661151296,896.3141517,pear
66.53583788,30.30715424,78.93742818,15.09212644,66.23980304,6.404457539,850.4062846,pear
56.27944944,42.50225116,61.4345095,16.53565547,68.76325352,6.577182082,996.4814728,pear
65.08344387,38.78968279,73.2528427,19.78675686,66.64390396,6.621117598,990.0050914,pear
56.19132024,43.92325993,57.69505108,19.63255655,72.80807995,6.584791414,547.4780649,pear
68.65563184,45.16008047,67.42081498,21.70592346,63.53424193,6.49111327,906.2901806,pear
67.92182264,46.65740455,73.92073193,19.16400828,78.8335144,6.443157607,1122.586381,pear
65.42355917,39.78595911,86.60259227,18.54478277,88.06871509,6.264016541,1022.883606,pear
62.97056417,42.25539015,76.04080579,15.66817355,74.61256906,6.381646781,1097.232593,pear
72.72482566,33.28590068,80.09312135,18.0540463,88.81971983,6.441146776,935.0305769,pear
59.91605694,39.62254193,71.93685367,22.84285287,62.01545621,6.376621403,938.762984,pear
73.52286215,40.63521351,68.46095472,17.08996092,83.95792944,6.391296237,1092.953261,pear
54.73859267,39.25195592,81.07282266,16.26584161,70.95593669,6.643644475,1017.975782,pear
57.59525805,48.66514312,65.37939299,16.84127585,82.68420219,6.433875332,945.7930868,pear
66.49263634,41.71318282,71.24964368,16.32763236,63.95960233,6.543161176,869.3432692,pear
61.85074215,43.06279918,75.31988982,21.32589557,74.25963314,6.531212995,1032.81052,pear
46.62591521,37.56398557,75.48554236,15.00608883,79.11837718,6.419481485,1025.15621,pear
51.24760928,39.06107796,89.20070241,19.54464333,64.65070369,6.835628903,1157.873237,pear
66.726459,46.22163528,87.7279019,12.61530907,68.48178592,5.985087485,771.558985,pear
66.23710101,36.54333614,85.37404648,12.92647596,64.6827157,6.899353828,979.607348,pear
73.01285406,30.62353921,67.92277075,21.60016857,70.59847658,6.540013741,892.5454794,pear
64.38648359,48.37962563,66.81108422,15.91152303,64.7846284,6.476656891,922.8712003,pear
63.26595423,35.64175136,77.53107924,19.76575913,85.80836942,6.485321462,1005.455388,pear
60.57008078,39.71097989,69.35737779,15.19283518,61.51430684,6.747921039,1267.563881,pear
76.4071528,40.66895508,66.40722798,17.43177371,86.03371786,5.953755117,1193.439426,pear
61.33891332,37.37978214,62.73636359,16.60119087,86.30259815,6.516021791,820.0150176,pear
63.03124595,41.92618309,60.23884952,16.29815286,65.01262391,6.589084807,856.4688659,pear
60.75766792,37.27161218,79.21071858,21.20558696,84.79736304,6.420214907,976.3764183,pear
65.35175073,42.70323947,86.10974547,18.0162663,73.73757466,6.470008375,811.6763821,pear
59.02173082,32.54847157,72.35239921,17.16905706,86.48738296,6.431113645,948.8145835,pear
67.55710743,41.40999956,62.32915914,18.31012391,72.67399669,6.631956638,1048.184364,pear
53.74980295,35.53348695,82.82972303,14.07176333,68.35527197,6.717374469,921.9623864,pear
52.30269288,44.35017677,73.95244547,13.31718344,83.7493001,6.581936959,1121.436094,pear
53.59141316,44.50980937,80.33461005,21.43005335,66.68762716,6.504615974,1086.18412,pear
60.8377103,47.22317119,71.40684033,18.09779078,65.92180778,6.443876208,760.6979732,pear
59.08346358,46.60021381,81.48274376,18.26191232,82.69597394,6.811726133,882.4225417,pear
56.02644469,32.92689161,87.20873066,13.98275444,86.78757021,6.511206325,1027.608078,pear
125.6422265,69.01100474,92.48907262,24.90181256,84.74918553,6.800087548,707.3796764,pepper
145.2504792,58.36332031,94.07044764,28.10026738,88.4991274,6.602720336,720.2473079,pepper
110.7603945,49.72902011,85.42746558,23.8106851,72.71990107,6.829292597,829.3577613,pepper
129.1680917,74.70887804,72.62319154,25.41766137,78.25501401,6.456802999,589.6032807,pepper
95.69388018,60.75937337,88.72007081,24.01025238,87.38464949,6.576572274,653.6961027,pepper
135.3509545,57.73132252,93.1673637,22.37060615,60.00025297,6.330140567,741.942892,pepper
125.7824552,62.0904403,91.7050758,25.64708555,77.7031959,6.309090456,693.5616063,pepper
133.8637448,59.0532768,113.2061128,22.52554842,68.41204635,6.584888241,808.67227,pepper
123.28902,62.58247135,96.82287349,24.00469171,74.63252704,6.701727876,684.3126449,pepper
118.5736723,75.19744672,81.45640467,26.33971546,88.12836542,6.45981204,772.7805821,pepper
109.6491876,61.05711433,79.61114819,19.64761666,75.55767773,6.630057571,860.1383103,pepper
113.9058151,48.3233541,94.54995369,23.95677603,88.70051165,6.73931367,717.3518339,pepper
99.55285842,79.22374651,97.99295319,26.93752698,88.38093732,6.306344554,478.669762,pepper
98.67521462,58.46306603,100.7541348,26.054416,64.73432024,6.303930805,800.860439,pepper
125.1424656,67.51643745,85.99256912,23.06554337,87.72843112,6.57928749,842.2112879,pepper
123.2433726,60.27375083,103.3847286,28.09098843,88.93294287,6.368284822,961.6857784,pepper
105.0262037,63.31008468,84.90926415,20.7367596,67.8325628,6.856764851,853.3427726,pepper
130.9210346,76.02248223,97.71271923,24.61440355,69.86839014,6.545078611,812.3332493,pepper
127.4244738,75.98597826,97.77056898,24.43219246,61.32128809,6.884432311,752.344618,pepper
112.8752705,69.65366013,79.03699355,24.43950743,62.56705044,6.768450201,1012.74238,pepper
109.4689755,64.16508004,88.03491201,31.07532808,85.05259369,5.669145155,832.7321928,pepper
94.41124684,82.40379445,93.62300811,25.84537285,69.58145148,6.213282837,829.4863491,pepper
134.1356391,68.58539609,84.33024571,22.66378793,73.46802851,6.619830974,883.4043447,pepper
105.2663777,58.43746388,88.02532196,29.48340063,77.80662674,6.696012334,1031.76817,pepper
131.8429348,67.15982869,75.67733098,29.76240086,68.56560225,6.547775679,1068.660254,pepper
116.987177,66.27321143,93.45055483,25.48012104,77.62129022,6.376326828,814.8847583,pepper
165.0748599,68.96416374,99.65908004,22.76403885,72.08776041,6.672541906,647.5907332,pepper
139.6362137,53.97513496,106.0598979,26.73664556,60.55330068,6.48010101,946.3366138,pepper
85.94315208,69.51017405,100.3302649,23.39398577,73.10980582,6.267413121,576.3740596,pepper
110.0547464,69.77873399,100.0186875,22.76840853,62.30530978,6.659647251,712.1160558,pepper
124.9720521,70.09975728,80.67224636,25.14731884,84.81677229,6.428327403,690.5788535,pepper
121.0104969,63.64606297,99.03882845,25.01808378,64.16227487,6.51118479,956.1483232,pepper
138.8548132,54.00859398,87.08810799,28.30440439,66.98417041,6.437685137,864.6583674,pepper
121.9200213,39.90402475,79.70839105,24.15187466,71.02351333,6.448666204,751.3019472,pepper
122.255533,62.67497554,94.46997375,25.40577986,71.39786466,6.604834395,959.8239437,pepper
128.9501173,82.21986721,96.97683396,21.22516379,79.36852649,6.24797092,914.0551199,pepper
108.995199,67.70242297,98.25932595,28.40194427,67.76609847,6.573201391,801.0853251,pepper
118.8821234,49.12998321,89.31302199,26.81091674,74.13024683,6.556334004,662.187539,pepper
112.9487477,63.10881518,110.7648545,25.28553584,82.09580212,6.483297657,945.8000517,pepper
141.1099986,57.16149408,78.84761367,19.79176228,68.888086,6.434818153,684.9853663,pepper
121.3523206,64.64768314,91.63045648,26.17247971,87.11103931,6.309977784,944.588394,pepper
102.037804,69.17063249,87.67857367,25.22277254,84.94025246,6.339400253,814.1266526,pepper
125.4842802,69.40878367,80.54878155,28.80611877,64.09017502,6.263427971,647.509597,pepper
132.0481827,48.68137601,84.16067507,23.71968635,81.50888106,6.214530296,775.3080186,pepper
121.297152,67.19147904,80.35713385,24.60987537,71.5555887,6.558875973,808.8262028,pepper
145.6655886,62.72300457,94.86970529,22.20016711,67.171647,6.51083913,634.4009109,pepper
129.1688756,57.5344968,88.46689178,26.47038941,69.6738421,6.401345587,663.8562021,pepper
92.79019661,72.98347034,105.101757,27.67011379,62.93488686,6.650784963,834.7655031,pepper
120.6302051,61.36629172,105.6129076,26.80356487,71.57305991,6.541315562,954.02178,pepper
141.2535654,59.4830023,88.65366835,25.57800458,63.55538913,6.350237563,805.2695802,pepper
104.8576337,71.35509067,110.3662909,23.60547728,74.4928591,6.613943122,763.1031012,pepper
127.1762137,76.73886397,82.80884094,28.93435617,71.27676289,6.601413446,747.0154676,pepper
140.2016941,57.19056094,99.60709953,23.48487291,63.15730234,6.796374003,856.2117837,pepper
137.0304018,73.69743153,116.195082,27.69090208,61.97680317,6.71146235,689.1925837,pepper
120.8305011,70.53366575,99.2919986,27.66430089,89.98152963,6.631978511,942.3399498,pepper
115.9732679,57.94782583,96.21491541,23.97781156,73.38519042,6.631978809,804.6772836,pepper
125.9820895,69.34336575,93.69023366,23.65815377,72.32153393,6.585030448,736.494129,pepper
125.0188188,54.24099826,96.51524643,28.39808542,89.80909623,6.047465383,726.1207317,pepper
120.2419876,53.04336316,90.31196506,26.09507859,78.15781037,6.246487087,1083.494699,pepper
102.5478303,62.79777651,92.93432828,26.01158371,78.55220112,6.533090987,742.8275255,pepper
106.3264283,82.02050728,99.06875608,25.93265877,82.73960562,6.073317249,777.7475817,pepper
128.9578793,64.72177157,84.30469874,26.14141633,77.13333999,6.56719017,956.8156512,pepper
97.69988471,57.50304738,98.64727418,23.83456827,84.75152694,6.360711268,896.7452567,pepper
120.9592227,52.86569912,80.77055584,24.4825573,61.2516138,6.107749064,909.1039305,pepper
119.4364811,62.53307254,96.90555604,20.93569739,87.8944188,6.747132286,898.7819246,pepper
97.73431209,59.98332963,97.49626389,26.30332319,83.96609453,6.213469726,975.6141346,pepper
132.6867697,67.04269525,92.43606544,24.78655833,83.82202714,6.710070653,1009.841115,pepper
140.6011906,75.00967092,85.81351239,27.11990864,76.74758955,6.615103346,808.7566049,pepper
124.9563326,60.59100215,101.5092534,25.58433774,84.95855189,6.460420517,646.0292704,pepper
133.6283333,64.73862001,92.14355359,26.35522805,84.89256893,6.203216615,686.1600471,pepper
120.0609007,59.64131947,68.39468713,23.26160547,63.40002298,6.32555267,726.0329663,pepper
117.9735461,69.68290864,105.6903928,25.53685212,67.31715273,6.333084591,658.6710606,pepper
110.9239988,68.71839397,87.46596437,23.30842886,61.81668343,6.574496083,846.8873422,pepper
120.7834726,72.82273046,94.67609078,22.66217257,69.81001567,6.807799295,766.4380915,pepper
134.1994882,58.69821451,88.60116486,23.63549164,63.82320761,6.816786616,793.4830155,pepper
152.0928756,78.60014914,68.44357667,22.49371873,60.82190274,6.832325373,870.7803858,pepper
127.1335849,75.38025712,88.35242556,27.14436955,78.03526346,6.406407359,762.7399671,pepper
136.7162816,77.62944402,85.68880388,23.93185766,72.70108291,6.935857478,916.5120915,pepper
123.3933381,71.79114402,97.53052612,22.68305251,83.09672322,6.156813253,895.7289511,pepper
110.5886361,44.98158252,88.45626067,22.32577887,64.8359227,6.336321258,799.9067706,pepper
113.2044991,64.70016676,96.0251556,22.76452948,63.35401809,6.942431684,767.3608934,pepper
119.8211425,71.65197021,94.05363041,26.06444432,68.87312331,6.582746002,903.1505335,pepper
118.4004204,54.09417554,112.4391175,23.59383054,79.94870297,6.330089836,656.4755228,pepper
127.2317913,70.86013955,81.07799542,24.70471586,73.4976523,6.744238203,715.703946,pepper
118.5457744,57.46144419,92.11433505,25.09282064,62.68824394,6.875551488,732.1341182,pepper
110.8907253,73.70310778,83.0184995,22.92143159,82.93180275,6.622974321,897.9396332,pepper
98.1122627,61.61384391,98.15034134,24.65706097,85.89586625,6.206651416,659.47224,pepper
114.9983667,76.91955616,71.8382983,28.96718192,67.2701646,6.416367642,766.3108028,pepper
112.8732646,58.95324273,87.79687595,23.62369174,75.59875769,6.459640182,854.7533134,pepper
118.867507,62.58822786,84.73775129,27.43665768,68.75192012,6.4417447,856.1753727,pepper
131.7307669,78.73865285,97.39155072,22.93978809,70.4141439,6.258958051,795.9208585,pepper
123.5518987,49.45971014,69.06664649,24.00246836,74.15789865,6.431464901,992.5898602,pepper
145.4279878,65.48642101,90.96377748,27.85971764,88.44526845,6.180057109,711.5711598,pepper
107.8473405,69.52304071,87.65590592,26.92870139,80.94445964,6.341552091,811.645935,pepper
132.5280183,70.64504128,89.5060032,25.66306285,75.08794704,6.406458839,870.9000068,pepper
115.9974335,62.88160227,86.91686437,28.67889332,67.21726124,6.481163177,900.3914685,pepper
100.5629814,67.88726602,101.51259,23.0928612,70.29134318,6.245289,801.8365718,pepper
126.1207273,70.63664511,83.25711766,26.27477077,74.85468458,6.666720815,771.4169079,pepper
82.92823555,71.48510402,101.6361581,28.12504683,84.27130167,6.456159365,879.2753387,pepper
125.2139156,64.49524101,99.12593829,25.99650731,66.64708616,6.264302318,614.3793183,pepper
132.5922064,62.62963529,154.6219498,19.32192088,87.23397416,5.469565091,755.1207935,potato
127.8662151,80.00224238,140.8906709,21.88710842,84.33334105,6.082546444,796.5367766,potato
127.2913267,77.73499514,146.2192184,17.93002706,79.35337596,6.006568718,894.6650004,potato
146.1148827,70.49686564,134.8830645,22.24595017,70.68944785,5.853525196,575.0406719,potato
114.7299077,53.57345502,125.2111342,18.60395552,72.82666743,5.448679254,902.4195758,potato
111.5321637,59.28781324,120.0762792,17.65654568,67.48568076,6.106120897,799.6566833,potato
117.9631858,61.85196174,130.537331,18.12894521,80.49513789,5.519975895,561.1855362,potato
108.5405013,54.87921341,144.6296887,19.08789914,88.07315689,6.223991074,950.3392816,potato
131.1080391,54.98312362,124.6102902,17.53149897,84.31849443,6.307603383,782.3560489,potato
117.7575167,62.1440064,137.8852846,17.61554453,65.15009694,6.498548402,737.8611824,potato
122.0407088,72.59569419,161.2145051,17.9120103,78.60483157,5.809084516,762.242036,potato
136.6510867,46.72945236,165.2381328,18.2008618,69.24560197,5.399989869,874.9082496,potato
110.3771884,51.21767833,113.3150031,16.80961855,67.73968831,5.522132705,923.6381992,potato
128.4993953,58.86944858,147.7374056,18.83914904,76.65057057,6.229203578,701.3514822,potato
132.1268281,54.29852095,146.4864853,15.08496403,85.22571568,5.402673701,1036.84877,potato
127.933109,63.00690254,148.3115378,23.280538,79.13075126,5.83249539,725.6571555,potato
107.9849784,54.67301544,107.5669845,16.84599477,75.63006672,5.825780427,691.3454349,potato
114.9015249,47.02291432,151.8717516,13.39845208,69.30018341,6.084965856,723.5401854,potato
139.3432968,65.0818876,145.1477621,19.71866113,63.06134266,5.83716247,694.0865445,potato
162.2765145,77.85631713,128.4164481,19.62255586,62.77979875,5.933019496,993.3114801,potato
105.3134325,77.80125603,150.8439173,20.79257372,79.51025566,5.676716563,711.6838297,potato
118.8468627,78.61954465,160.7077977,17.01057213,82.66773058,6.077972399,653.574322,potato
129.281434,47.51514512,142.320736,15.96970267,83.32620069,5.867443651,630.6820663,potato
119.2679357,62.58909977,174.9962891,15.98670839,65.3972136,6.210222794,719.6116146,potato
132.4394395,53.26756733,145.3138496,15.87055599,68.3743323,5.847597875,711.8591936,potato
138.7590534,61.36397731,145.295402,19.76526373,77.33931168,5.960196266,761.0595069,potato
111.8436003,61.73367883,156.6446302,21.14664555,87.93738533,5.61104445,606.6698557,potato
121.1028124,62.60668882,150.8760894,15.70669463,83.18157028,5.875283725,927.6962683,potato
123.7901968,55.4367536,118.7188339,17.25701446,63.56467419,6.056177532,915.776486,potato
107.7224194,68.92241193,134.6719052,21.10664873,73.71443355,6.078338016,865.3779771,potato
144.8502294,63.31323545,162.9599881,14.6026809,64.33644871,5.529528156,667.0103628,potato
128.6962677,66.8870368,134.501168,16.89171934,78.01585439,6.585927184,706.3367956,potato
125.0395447,50.09356148,120.0693038,16.06650882,81.87889235,5.794203814,874.60107,potato
104.7770072,68.64022489,130.9722309,20.25154281,65.12864237,5.961177402,827.1218485,potato
134.9707373,69.34226774,148.4436098,22.55762387,71.14840377,6.116814383,824.7994202,potato
95.65825766,71.19913723,137.5612287,15.15244831,83.51278562,6.254763225,900.3935133,potato
103.2557269,61.59647824,156.0625238,17.6839335,73.75689263,6.404692727,653.6945135,potato
123.1931653,65.63928946,146.5898919,18.13020211,68.72808934,5.876979958,855.3714916,potato
139.0026074,71.40166584,138.4244434,19.08527766,75.34751177,6.099704836,830.4270382,potato
123.9726981,72.84412325,155.6252795,16.26301772,72.12023851,6.153351731,733.6974738,potato
101.9466174,66.92815774,164.4651853,11.17655937,89.66194902,6.05363228,961.1244417,potato
130.9115923,63.88372729,122.3183566,21.36202377,73.93891085,5.722671666,932.0006185,potato
113.9788102,61.30892775,104.9413334,13.48880004,72.53365916,5.54874009,638.3614613,potato
116.2290209,77.67976804,132.0150687,16.67470645,68.41703275,5.730996872,734.2572214,potato
113.4457516,57.23109727,164.0628583,19.14488756,69.23553567,5.826222611,862.3633483,potato
129.5629156,46.30740001,117.9145471,17.16694242,89.91812753,5.851563354,819.0736128,potato
122.6941503,72.60465615,139.1394952,14.68007733,71.43866122,5.893102773,625.456204,potato
109.7856244,51.09709217,145.145735,15.11822298,61.33593677,6.284822448,721.694895,potato
99.96786881,47.93052185,142.1642375,16.33625117,88.09208399,5.73525557,569.1120036,potato
108.8400773,66.51159137,139.388261,19.59391018,63.45288913,5.619935472,576.2768037,potato
137.4610316,56.26702466,122.5441971,15.12962628,69.66265571,5.762729529,870.4155103,potato
126.2901425,62.86848884,118.9098752,17.67083774,89.44750034,6.26925616,659.2602826,potato
112.918345,82.52403392,153.2757937,17.37054952,74.25247166,5.504023183,601.5470348,potato
111.4495725,51.84266757,111.4274114,22.85710378,65.2017684,5.833907074,528.6204274,potato
128.1009459,58.92627303,136.4073034,17.45038408,89.83664608,5.581928148,726.8143153,potato
116.7759306,67.95658092,135.148964,18.98470621,88.15012946,5.565134077,786.4418241,potato
115.4115547,74.0370249,150.866387,21.30690708,81.42883567,6.167104912,729.1703003,potato
109.48374,65.93062256,141.3584406,17.53676567,85.49923308,5.637258632,861.4260726,potato
124.6890468,52.72428803,133.5509256,14.96729584,78.86073693,5.720684037,581.1896921,potato
111.9194282,47.1555927,154.5269517,19.6820375,79.95247438,6.258071203,767.450165,potato
119.5031456,69.48005291,137.0044993,19.73721731,67.81134764,5.970729538,659.320017,potato
143.0474309,66.30910668,141.3766224,20.36775459,65.00295849,6.080942978,882.9953649,potato
129.8565537,75.04883633,126.6239281,15.50994903,85.17593115,5.744236407,771.1080115,potato
133.9837065,47.49863695,130.3429508,12.41381313,87.14294826,6.000295629,854.9852676,potato
149.2098104,61.29614607,128.316803,15.52735258,60.07673557,5.599782121,818.5275808,potato
123.8573914,57.20756923,133.2833398,18.43401848,83.18694263,5.487761601,934.8961634,potato
103.7846504,66.3357584,128.8727522,17.02923848,80.04643535,6.057368371,745.9359673,potato
128.5586856,66.97193155,129.6575736,15.22657286,70.88046718,5.851951842,810.837008,potato
118.380638,73.12116247,141.6556119,18.01616304,86.10143941,6.060379648,849.8203993,potato
121.1630606,66.76629997,147.62883,20.06743812,83.42743292,6.453423537,846.7089848,potato
143.3012739,60.49012097,151.1304554,14.54820805,75.71257298,6.099534559,830.1504742,potato
97.96142607,72.11972942,143.7575241,19.84104686,65.6847779,5.904687653,827.4198944,potato
113.2434592,57.25435119,136.7768025,19.25238044,62.47317837,5.751043832,1071.670825,potato
124.5296038,79.63456427,126.128905,17.77887402,87.66003309,5.936535231,728.4443246,potato
142.2530219,68.87110113,143.4717048,17.34315244,77.60836668,6.315917091,939.6025156,potato
124.5190994,72.61605644,137.4621509,18.48002071,86.00120192,5.876236921,793.0985119,potato
147.9611407,66.69848612,156.9355964,20.9784493,69.62774079,6.322666072,787.3241469,potato
124.2981717,69.77131714,122.480037,23.76017564,73.48547985,6.57594218,674.46696,potato
121.4902943,79.58815185,142.6620031,22.22402192,62.92055109,6.284067328,668.9366285,potato
105.778915,65.26408778,130.3700964,17.56506054,83.59400987,5.844126995,700.6205272,potato
111.3713328,59.26064129,154.9562303,21.51954877,63.88009872,5.708338988,901.7727224,potato
105.9560174,64.00495121,128.4281097,21.65705242,78.9638881,5.802549189,738.8511386,potato
126.2030607,80.02454719,121.727588,17.24515504,78.73029644,5.826269502,557.0012642,potato
109.6280979,64.0468808,161.8244066,24.22929735,87.6653508,5.653419073,1030.802161,potato
142.118025,85.36227196,135.4280625,15.91203481,82.58325221,6.344930505,919.308142,potato
125.4679604,65.10875933,153.606069,21.35539361,64.6424172,5.779942229,590.7488049,potato
116.5645915,37.94468016,131.9559255,16.93494177,82.05932177,6.299175436,705.9493481,potato
104.6978549,70.04113699,128.411775,17.82329605,75.6240461,5.547704315,817.5519225,potato
101.1615625,70.66841273,122.7712169,17.27363572,83.98331167,5.6355366,689.5117064,potato
130.8590012,69.83316136,110.1732357,16.26411153,78.96432577,6.438732246,894.6255916,potato
122.3815093,64.24366606,132.660858,14.86649036,68.51081827,5.643048251,836.1062774,potato
120.4443952,69.22466997,113.8663028,20.20913713,76.10191867,6.130769806,934.5978807,potato
114.3071948,83.25567504,147.2515253,18.73638745,61.531536,6.106873018,670.8589958,potato
100.6455565,58.22583896,143.7959109,14.85066645,70.42597187,6.195888386,751.1902482,potato
129.8699324,70.38325035,135.1264436,16.03790706,63.18706416,5.99339324,704.6152572,potato
123.8083494,50.91399395,124.1820693,15.43545587,81.50890754,5.384005843,723.7041445,potato
110.1340902,66.01307634,127.8187193,19.05132005,68.39098108,5.90660696,541.4415094,potato
118.3722948,67.62918995,129.3048867,16.67595029,71.759067,5.904021681,720.5132478,potato
107.7724681,70.41698612,126.3949007,21.11417066,62.37997602,5.631984056,693.6842382,potato
120.6882892,71.28073008,138.6835351,18.7700385,76.69388456,6.172283809,689.4176784,potato
110.7762217,54.00501897,44.87255118,28.74596883,69.69050599,6.542808213,935.245618,rice
137.4525234,56.40544719,47.43667463,26.85929232,81.87893959,6.888228614,1781.75506,rice
122.2318836,62.14816488,51.30662157,25.48978943,64.98017919,6.919316339,1115.329107,rice
145.2414124,59.33651543,46.03939108,24.10066791,67.67809012,6.922749718,1919.365318,rice
114.3241591,55.9703959,47.68020024,26.64659243,74.24447469,5.629786151,1248.149527,rice
120.833748,55.69931412,46.51122818,25.52893599,70.46307692,7.228070952,1754.625858,rice
109.724705,53.76577698,45.09160218,22.66193505,65.13545878,6.43501041,1583.954009,rice
125.0491597,56.96430097,39.94182511,24.51597821,63.89414482,6.669025107,1397.771542,rice
140.4348127,48.89703415,37.35062378,27.10749136,63.71447218,6.973299244,1384.135051,rice
125.4547332,51.16610772,48.99555421,21.57183697,76.88027217,6.270682971,1539.067169,rice
123.1110902,52.82035133,46.34406306,26.19606094,67.23086638,6.259280788,983.4018196,rice
121.7382932,50.29451409,45.61137025,25.05532247,78.64992008,7.156929114,1384.030423,rice
125.4356234,41.35391025,44.48332084,24.02861564,75.84324044,6.207512778,1573.788632,rice
121.1949173,55.4437156,48.14416212,23.05408841,65.41045473,7.215878347,1528.160154,rice
115.8089171,54.49786467,49.00228487,25.34804369,63.24982132,6.104276861,1160.351083,rice
132.9930599,69.24735483,43.63261568,20.49536798,71.64593293,6.88909302,1604.799819,rice
117.8942604,49.03003608,43.56328081,26.44121644,86.3685626,5.50442754,1396.393298,rice
124.9905955,48.34459723,45.30753955,25.67641925,70.61096048,6.128549536,1610.261627,rice
107.3684869,71.54621095,49.41672354,23.06396621,63.55461436,7.080553089,1526.857725,rice
111.3454147,49.51798924,48.88485528,26.7173969,68.50006804,7.161956467,1306.718229,rice
132.7580694,46.76271675,44.00832982,22.13897995,80.66031629,6.311528214,1492.140758,rice
98.59619197,50.26653056,45.59331117,22.56891997,62.49865695,6.483703009,1385.648076,rice
112.7297483,56.21890773,42.56891589,24.39966185,70.86310926,5.462297756,1409.928243,rice
144.0921805,65.85828133,41.48407282,21.00965504,73.23196854,7.168687774,1340.495185,rice
136.1964336,48.89819329,39.52172837,24.19589009,78.17281286,6.764215596,1356.326909,rice
132.2537736,59.37993498,50.73028925,20.00524416,63.08179909,6.43082076,1993.156526,rice
136.1039544,55.21437545,45.6614847,28.83894377,70.6531898,5.491329064,1318.981701,rice
125.4525325,48.48441062,45.25533169,24.98294255,65.61295757,6.145548123,2022.13248,rice
136.1744467,55.35700373,44.75464893,26.75376796,83.17110085,6.422564624,1577.067456,rice
122.5452527,54.98243097,49.15770757,21.1826154,79.71094667,6.686002067,1395.098605,rice
120.1308952,37.37412396,41.30869946,29.4177458,69.75247397,5.478703069,1654.74836,rice
107.3763668,53.93828122,44.03548393,27.82449688,62.48352023,7.300802423,1696.277515,rice
115.971387,53.31318565,42.33155604,27.72579932,70.06673027,6.203195043,2021.079672,rice
118.6781223,54.65877392,46.06127737,25.58196944,66.17877858,5.66265017,1321.09563,rice
118.901296,49.80799269,47.85953647,29.67133186,84.79193693,6.119146215,1396.613772,rice
136.3780877,50.89120653,42.32569414,22.885703,64.42754052,5.928083923,1658.482277,rice
126.1088003,64.70018405,46.98767033,26.03227167,69.55423102,7.451797334,1621.521124,rice
143.45679,48.27280593,38.57204325,26.33213151,69.68515686,6.686006108,1530.890368,rice
113.9058842,46.53758288,44.10749822,25.5428136,89.82500371,6.804765004,1566.0788,rice
126.197342,58.7798075,44.7120486,23.92115343,66.05587184,6.691217644,1696.924273,rice
116.1835309,49.65965622,45.38405622,24.48308687,72.54953927,6.552756791,1103.921589,rice
136.614868,42.91421498,52.13007684,25.09881765,68.37348093,6.460960216,1151.444245,rice
114.9547245,44.91017801,45.27548925,24.23752859,86.34484797,5.921911677,1252.432123,rice
123.3499918,58.2686692,44.75956215,26.38851735,86.37099407,6.60474988,1544.216875,rice
121.4409317,52.82301898,50.0587109,30.59080349,75.13151899,6.572208449,1532.061306,rice
146.0464524,53.90016519,38.96346719,22.26387905,86.85844196,6.64095233,1656.721026,rice
114.2997057,61.89577279,49.24276375,24.34340249,71.94150841,6.443252375,1411.024365,rice
105.3420572,52.84034346,46.77524775,24.52226521,85.75599312,7.385359126,1385.947847,rice
126.0760947,50.81194734,50.94078465,24.51523581,79.32069765,6.807467012,1377.251066,rice
138.8816247,57.39765012,45.74989494,23.02037262,68.75652059,6.531356646,1468.950473,rice
116.9427874,53.11813964,47.8300665,22.6860274,68.77603368,7.21593097,1978.08991,rice
132.4639096,39.57564228,46.06770655,24.38308596,75.56212318,5.785401039,1667.73278,rice
119.3159537,44.78493854,43.2336629,20.99027557,73.20659836,6.03427739,1243.8686,rice
120.9563054,57.58558416,45.01427517,24.72084209,84.80415913,7.274883727,1861.648694,rice
107.3333616,55.4733377,42.59190649,24.63795498,72.54420798,6.005480736,1796.421806,rice
122.0205774,41.83188624,34.01393402,24.62032461,75.50533041,6.482097661,1342.760264,rice
133.1509692,47.13997826,41.54520704,23.5712844,83.20655185,6.720077224,1410.891238,rice
138.2198621,50.75827111,47.68187316,21.83407158,66.37595311,6.250057447,1722.908853,rice
87.45439627,49.77829245,48.89441667,24.49539162,72.53606255,6.129614727,1400.976451,rice
112.1104996,56.65873967,45.57845778,23.95154256,80.82866847,6.833857207,1757.7101,rice
113.1309263,64.91415515,48.58543542,24.67780667,60.7625705,6.380669928,1844.143973,rice
93.45930419,52.25674278,50.36448927,27.45222218,64.82260925,5.850119147,2108.583746,rice
123.1659819,64.85395328,48.47529023,18.65508365,74.71702518,6.408481286,1605.859445,rice
121.2403489,53.22882655,47.64439965,25.50235964,63.52429852,5.903939229,1519.325669,rice
138.6923222,53.61725776,45.6766032,25.54321339,76.42214501,6.901307562,2021.280835,rice
133.1281353,56.04363201,44.0086896,21.47009537,78.30188551,6.880556185,1692.793745,rice
116.3146517,52.46381938,44.18930174,26.75611718,60.08137926,6.962747898,1112.897154,rice
131.3704513,63.7906324,41.29198639,20.10684417,85.13955938,6.172761672,1272.954825,rice
134.3244955,42.47079047,48.66290079,23.87167574,74.21506737,5.111724466,1520.828364,rice
134.8548752,48.73777311,47.46404158,22.36251768,75.89118449,6.756665426,1337.479684,rice
136.3112873,51.91291021,43.26503934,25.00530737,85.38295124,6.836823619,1272.133953,rice
122.9707095,49.44497542,48.84719716,28.64343653,77.04180794,6.998089333,1192.886547,rice
127.1776374,65.82105442,39.93924975,24.96157455,76.34172099,6.846513791,1773.097615,rice
127.8838843,56.3721988,40.36637332,20.86766335,72.41240714,7.059797668,743.3831183,rice
110.8356546,59.51271278,45.73540484,17.90942737,65.0735302,6.355298856,1532.926996,rice
102.284838,57.55483259,49.26862884,24.28505119,72.23536963,6.288681969,1405.702368,rice
110.6065494,46.42588456,41.67405845,25.55394619,75.96123852,7.403251883,1726.733993,rice
137.0505397,56.3133009,47.10552753,25.52665437,81.027723,5.795746936,1422.507431,rice
112.5076842,50.90023549,42.75446759,28.57752624,69.73618447,6.528135971,1337.113353,rice
132.4472066,56.85969643,44.16884063,25.00359887,61.95836273,6.165444148,1393.835306,rice
115.1778356,56.66370037,46.55571195,22.62696415,67.18885105,6.102168266,1810.097062,rice
117.8016472,52.02212805,41.88483779,24.22697202,63.61922413,5.926439173,1680.159243,rice
126.9735871,67.8502951,45.12758836,25.12927484,64.54116098,7.301462778,1788.291825,rice
124.859026,61.24032574,43.58842196,23.42530024,79.12796861,7.028652206,1387.439423,rice
79.06232098,61.47975719,49.47578209,22.19113545,77.98792839,7.16367549,1341.76093,rice
136.8991483,42.91904261,41.93344158,24.35396634,64.83583127,7.036676148,1635.140894,rice
93.27656135,52.58395602,48.35837564,20.78250324,74.03068341,6.709604768,1285.561951,rice
132.2588013,42.75841424,44.56361089,25.33618109,83.32905621,6.794853999,1350.570122,rice
117.37625,51.71727419,49.78508523,28.0176467,80.9642878,7.168135908,1199.875095,rice
143.1294577,42.45657624,40.82636564,25.44545747,85.39794779,6.348618361,1593.795453,rice
106.4797664,38.93577931,43.66778553,25.10231978,82.76445404,5.631950338,1581.416158,rice
119.2750876,45.25043751,52.26574123,25.25849756,84.04912364,6.499308228,1724.042666,rice
129.5799024,45.27133733,41.75359633,23.79829526,85.5148529,6.499285089,1278.050984,rice
135.14272,50.64389717,43.1463742,25.49714731,76.34649633,6.612002383,1480.317945,rice
130.4677508,54.69745766,47.96485134,24.34644744,76.33812238,6.222853566,1707.498126,rice
116.020003,51.95573251,47.95198494,25.86614244,73.64997985,6.758442558,1212.297039,rice
124.1498736,46.05330193,45.62180564,28.4496193,61.14547819,6.151189413,1394.013764,rice
107.351534,55.37246538,46.59338246,22.89122266,80.89509865,5.955381664,1418.977951,rice
125.2489148,50.96820638,46.66127738,21.62992232,85.9764485,6.682393934,1517.913631,rice
101.8067417,62.13915313,43.5111201,27.08150129,89.14711139,6.811017367,1492.359849,rice
53.94605982,28.00770785,69.33950018,29.93086991,80.64736021,5.411579188,2583.779543,rubber
58.31287361,22.23354175,59.42877703,28.45473692,73.58768787,4.977547425,2504.859174,rubber
51.49071336,26.3803083,71.64925692,22.62448969,78.27657078,4.805869516,1893.034304,rubber
55.42028687,21.83932788,65.51940747,31.11758992,82.98478061,5.812714202,2841.332558,rubber
62.08180585,26.48476962,63.45165881,27.404832,70.06596615,5.644307101,2500.034515,rubber
55.04642986,24.76214965,56.12001885,25.12487602,77.75753034,5.517367907,2099.393772,rubber
68.36261987,24.79473412,56.8745802,24.94164725,71.65837991,5.853690534,2639.115159,rubber
57.36286889,31.62561595,50.58251837,29.82554787,64.32299525,5.30388631,1872.12732,rubber
70.90301157,23.606499,58.93550339,29.04576202,62.59345556,5.450446158,2343.215746,rubber
53.32595287,26.76016389,68.30385787,28.62511924,85.74259289,5.342329324,2577.818508,rubber
61.67858239,24.72773714,58.63600631,25.72604493,70.02530804,5.289854703,2149.334848,rubber
61.56428661,24.35629229,62.84547565,26.12544023,88.26946838,5.539669308,2678.802107,rubber
53.8874142,22.22251851,57.5119271,26.83799337,76.99870956,5.828186814,2057.116597,rubber
50.64559036,23.6211791,57.11230189,28.04691202,82.2323505,5.722311106,2511.092588,rubber
61.93987505,23.34144523,53.79169478,25.56454891,70.45460167,5.186565493,1856.599435,rubber
62.98432526,29.06511382,66.04569236,25.42995936,75.19938312,5.364967071,3244.323793,rubber
64.97323424,18.46885621,52.06219296,28.52991794,62.23588813,5.480558221,2392.936937,rubber
64.96672161,18.78819787,45.50899532,26.2734652,85.29961779,6.004134098,2919.302723,rubber
68.73559905,23.13556341,57.94076071,26.17234624,61.41521715,6.102107296,2321.30066,rubber
53.72444786,27.22230697,66.49390604,25.48695608,86.13452311,5.394878649,3030.253605,rubber
62.03588466,30.92507003,63.77269739,29.0864538,89.27556507,5.400201437,2252.493235,rubber
63.31001329,21.10670725,52.71703483,29.00831457,72.646578,6.053257983,2855.54758,rubber
52.37049926,21.18483934,72.22368103,27.15397188,64.78805351,5.406636121,2622.33111,rubber
50.90571514,26.12009229,46.03291545,29.30229267,70.8727422,5.057608454,2740.788059,rubber
64.81794088,24.45765789,55.78958805,30.30299589,66.90785597,5.858869095,2685.46075,rubber
61.30383094,28.65873357,72.03641246,28.23015821,65.27300501,5.998673185,3072.747835,rubber
61.20366385,20.64119022,48.03402234,29.37744644,80.08253914,5.969591452,2694.676235,rubber
61.9470692,26.17056941,66.75643287,27.06364154,69.40556524,5.369115073,2696.476386,rubber
71.75741429,27.20190963,69.44233193,27.38094352,87.76067715,5.943933321,3049.628902,rubber
67.60476953,22.88616536,56.6025266,29.64875922,80.46817499,5.041544884,2913.789071,rubber
59.5310572,25.71616836,50.21932193,30.45354155,60.35499083,5.443703043,2414.116874,rubber
58.36042629,29.4172041,64.12565287,28.20593954,64.41071135,5.390194386,2828.98712,rubber
67.68851498,20.02288517,58.11087594,29.24299708,82.84224724,5.514313303,2444.101188,rubber
65.9008755,31.87123889,56.24961101,24.60637676,83.77126651,5.408943109,2881.751148,rubber
67.07739456,23.33368172,51.2082827,25.14426059,64.06591293,4.843726438,2662.408927,rubber
51.7179668,32.24458805,54.33097608,29.58249305,65.15998676,5.21174414,3004.901425,rubber
64.47753226,25.3228375,51.98080341,27.90826172,72.8011054,6.026574313,2457.496412,rubber
56.2991261,21.31586267,60.63780885,27.64476822,82.31797032,6.153639071,1768.816967,rubber
54.3847484,28.02713901,62.87596925,28.16577713,79.73903455,5.427649214,2354.467087,rubber
54.73813406,25.11775655,67.63336139,30.18501064,86.28971072,6.151968428,2499.975529,rubber
52.72459253,16.70447649,53.74482849,28.62891894,66.44148292,5.615303738,2949.516468,rubber
52.32627933,26.58936856,62.31880287,25.31588031,76.82403545,5.323524608,2880.84637,rubber
74.69805839,29.38986113,54.91393533,28.17468751,72.33758623,4.683683772,2067.576597,rubber
65.57839937,24.89148456,49.88560519,30.54222158,87.3773219,5.454946148,2582.168547,rubber
62.72599436,24.68850225,44.51345201,30.32841262,65.86213606,6.012838684,2048.410427,rubber
62.3387503,23.94329468,63.57655112,26.25388519,63.55077402,5.039906947,3168.628484,rubber
67.14877319,24.08443535,62.23166667,26.05305153,84.65592168,6.019553848,2432.964427,rubber
63.67868108,21.7284068,62.09619495,27.37772354,77.05390105,5.694500954,1914.399174,rubber
55.57654067,22.7017126,55.12077321,29.61100197,61.15748848,5.56096587,2916.71742,rubber
65.03003421,24.55565823,62.64102083,30.48773839,86.39466957,5.616399687,2525.003528,rubber
61.05721769,28.75447813,58.50864105,29.00056546,81.02781064,5.64261937,2315.706594,rubber
65.94839262,24.94123438,66.36581059,29.27586976,63.61438108,5.658003078,2381.919766,rubber
57.118434,22.31125858,59.49298906,26.91140166,87.29603526,5.240250681,2595.475836,rubber
63.03503436,15.07529116,75.9843335,32.71760329,81.80386015,5.003036406,2893.978397,rubber
50.95123919,23.34520126,67.95013067,27.44129523,80.97748345,6.086858435,2515.790234,rubber
65.75451,26.29980197,61.91972003,26.33566973,82.98043642,5.266311065,2081.573358,rubber
44.55409246,28.44371601,61.2971266,27.30180709,63.42819956,5.492222652,2552.908858,rubber
68.72300548,19.03187623,50.72901769,27.07708631,78.87431533,6.045023194,2259.285804,rubber
62.32853173,26.17206444,59.37395099,27.49484683,60.40255077,5.86138221,2558.479847,rubber
63.26765043,26.65308186,57.26501315,27.77669546,65.17253165,5.220987721,2630.067043,rubber
57.73748173,22.10335623,58.1505453,26.89861985,89.09077961,5.494217543,2544.883375,rubber
58.43934358,22.72454954,60.24049072,29.06462915,70.75117328,6.074213173,2662.931913,rubber
53.71727269,21.59026585,73.50555483,27.36769926,81.19111005,5.105717082,2109.193448,rubber
79.88134704,21.94316443,68.11168466,30.57413054,71.17553652,5.15072228,2130.657233,rubber
54.05502651,31.46502476,73.63610969,27.08676398,87.87112488,5.450911758,2149.793288,rubber
68.10837092,25.463749,64.37066232,28.36871906,85.12142739,6.002147098,2525.632475,rubber
63.77385187,22.60961885,60.16765224,27.72630696,85.5398436,6.034928295,2346.634713,rubber
74.31245818,26.47693938,41.51966911,31.18695245,85.24879739,5.558199106,2220.004459,rubber
61.06804518,21.72493646,68.86913091,27.42731966,71.09074705,5.161047748,2517.871466,rubber
64.73254333,21.48500394,63.11443085,29.7468741,85.10762638,5.910185455,2639.709895,rubber
50.82513677,24.69895607,59.74129044,22.55801887,78.65763829,4.872704888,2282.767965,rubber
58.66221469,20.73869385,51.39690899,27.42644139,84.67018715,5.130367939,2932.46065,rubber
55.32571872,20.66355211,60.26973277,26.64173403,74.05287308,5.427484967,2354.354038,rubber
68.26655101,23.96012694,63.2715481,28.41008598,69.97499811,5.37703163,1863.348522,rubber
65.97615707,24.66938017,61.00665003,27.82278814,84.12047359,5.943358875,2559.191624,rubber
50.3640331,30.24220756,71.12908668,30.06637342,82.98618443,5.662802967,2829.855712,rubber
58.23467372,27.00861907,52.94816436,25.64657927,73.19148868,5.084167309,2498.08992,rubber
45.10424785,21.82611381,58.45643776,26.72345745,84.27091494,5.457792203,2411.631511,rubber
55.75260658,29.09747052,50.92225754,27.85770639,81.46487646,5.614305926,2394.961209,rubber
74.87835328,31.10181569,64.19080595,28.71147772,62.75451851,5.195833059,2757.710876,rubber
61.9817506,26.63156578,57.28289958,26.57608186,74.39798601,6.355097672,2445.565484,rubber
74.33178957,23.65903201,58.35813043,29.54586868,86.30132758,5.369362224,2403.25491,rubber
55.0933294,22.82099525,59.89461963,28.10743887,79.54419807,5.329899215,3108.648874,rubber
57.80374234,20.09621799,64.09901804,27.9407749,77.05871115,5.523776799,2645.635257,rubber
57.76844838,21.57419901,57.55325576,30.28131105,62.99201535,5.430288706,2392.908789,rubber
68.23520692,25.80781614,71.04948721,28.37844197,79.36779311,5.003822492,2541.927791,rubber
57.67825069,26.98324201,54.33921394,26.55571865,62.87056345,4.812236737,2494.632674,rubber
41.81371496,29.25558671,47.41191032,28.30781462,84.45414339,5.016820772,2556.664308,rubber
65.90409493,28.86167457,67.50526127,26.56926962,68.31004758,5.656747311,2508.52599,rubber
49.73186373,27.7923279,73.08342513,27.22664461,73.35566687,5.63033974,2338.441338,rubber
58.9388556,26.28205132,49.67188422,25.50460722,68.00036754,5.510991856,2079.91629,rubber
62.61545804,30.74598009,59.32299231,29.2251618,70.99393658,5.250504659,2159.817959,rubber
68.22988736,27.20026607,51.92975844,25.88860211,73.53303959,5.312094178,3081.276486,rubber
69.59822863,24.73674225,58.44438758,31.93181535,68.85215934,5.287590665,2179.682153,rubber
54.95732339,26.93181731,49.97554784,31.08056958,82.89113712,5.283458968,2218.969536,rubber
52.33454531,23.83540894,44.27758951,26.18309233,89.70256633,5.268462521,2550.478629,rubber
66.92559489,24.6335181,55.14291806,28.66656811,65.00505898,5.341904133,2285.639597,rubber
58.95530915,28.15073483,57.02114708,30.13412323,82.09148746,5.783460057,2426.735232,rubber
61.79030754,18.24602548,74.45819986,28.52822656,69.20100134,5.185278101,2625.077621,rubber
63.25880891,27.870741,51.4684991,26.03563502,88.98135222,5.708250187,2215.105761,rubber
27.98416413,49.65707993,34.61232667,27.13560835,75.43084418,6.386103456,799.7210008,soybean
20.20436504,50.4268796,43.8359814,27.4331991,79.49880136,7.003517521,857.0086714,soybean
23.87857856,36.82478889,38.40098467,19.97114519,73.221211,6.269235837,763.8683631,soybean
26.55047261,48.33575993,45.73476686,26.02921723,88.04201321,6.882303651,917.0161096,soybean
23.24444839,44.8661996,37.76173997,21.32985586,64.22284208,6.27825878,1003.964327,soybean
22.11481575,43.55352225,36.19272456,25.46182946,87.22530042,6.406927151,837.5114969,soybean
28.53050887,60.25536352,39.54423831,23.74784583,63.91398825,6.048570754,1010.636866,soybean
17.16123781,53.78648843,34.94386015,26.34920401,89.28280178,6.77835217,798.2007582,soybean
27.52157538,53.14877517,40.44746139,28.85564963,79.82123272,6.672861486,773.7006601,soybean
24.16239364,49.33851652,31.60106372,21.17894958,63.98248352,6.572518031,998.4638375,soybean
26.23767564,55.1042368,35.06240286,25.81366157,61.61289724,6.600266169,746.1907458,soybean
22.33899458,47.90654794,34.22548683,19.68291932,75.54545611,6.531763111,601.3509707,soybean
26.13167285,45.33919208,20.32854961,28.63043285,79.68241721,6.180427132,731.1882876,soybean
25.29256449,41.68148256,28.10250969,22.55201581,63.74226623,6.468324547,680.2648132,soybean
27.30367399,46.2433321,46.47598418,23.40134284,66.23815033,7.094961631,705.7916777,soybean
21.36509322,41.61392285,37.23500309,26.35850968,75.98822797,6.596488525,964.6421588,soybean
25.29088858,45.6499011,36.9272635,31.21583095,84.95927551,6.37141289,876.4248119,soybean
29.57403989,55.29622188,38.66735016,28.30776641,77.02241711,7.111849063,907.1956121,soybean
24.64629155,40.48415924,42.66601619,24.75655665,65.78973211,6.842195621,731.9523774,soybean
19.44644919,45.18310338,31.29942135,25.72457017,83.69335716,6.017481562,916.2486895,soybean
21.61179478,48.31961314,42.76510959,28.56472432,72.15857784,6.810188337,843.1351527,soybean
31.07383794,55.53261573,36.94130699,22.74022813,73.33832324,6.707471673,874.2317142,soybean
20.01777788,42.92363729,22.37386977,25.90749059,83.64867177,6.746413303,996.9824043,soybean
20.88569271,38.39454424,31.79972111,26.25161715,85.55758851,6.893837296,918.6478332,soybean
23.24412469,58.20797466,28.96741629,20.05019385,87.27145503,6.43345236,946.8565099,soybean
31.44259713,38.40530682,30.38060508,22.05612787,70.70355136,6.716557237,842.7453812,soybean
28.52522899,53.06160199,34.01023988,28.65991383,74.32732346,6.624938313,1077.837716,soybean
28.19485325,49.37092826,35.38695533,29.67967474,68.11472406,6.557270167,746.6931342,soybean
21.53479065,44.00469886,33.52452205,25.71099726,86.658284,6.727347172,799.7662528,soybean
26.65914379,53.66359073,33.19611392,27.79757517,89.57665429,6.596396875,880.4315216,soybean
22.80055974,49.37889095,38.26576436,27.15828109,65.91893683,6.381705819,944.7048344,soybean
26.17771677,47.34225219,32.85998301,24.29266348,88.69031958,5.886468952,1169.601037,soybean
31.91294651,50.33338184,37.02600706,27.83054259,82.18579179,6.359053492,744.4223951,soybean
31.02268555,58.55535908,38.73173575,22.34623321,61.09653865,6.390943346,749.7371137,soybean
23.63267291,41.19763492,41.54361176,25.44421074,61.07421893,6.257840728,1257.046482,soybean
23.81250155,50.24977441,34.87071415,30.74801215,68.58119758,5.891090587,854.8450254,soybean
27.91496101,60.18661704,27.1711821,21.85575717,86.34109933,6.884917422,1030.032882,soybean
22.72506425,51.27043083,34.46566215,22.78335182,87.91499871,6.853994416,909.3076694,soybean
25.91572693,46.70517789,35.78377647,19.56790512,68.78763211,6.254520112,1110.364529,soybean
19.62743021,48.40370138,30.83792297,23.10812358,76.61395642,6.351980146,809.3216728,soybean
19.13289545,51.58743157,33.90380072,25.1331221,89.19668363,6.509753492,1134.943071,soybean
22.13323271,48.00684142,31.05605418,22.76371204,82.50172307,6.889077901,921.3865674,soybean
30.22996222,49.60065483,39.7413046,19.53614273,79.18200549,6.743212443,984.2260959,soybean
22.47121271,40.16588761,38.32452822,22.38094531,68.12184791,6.916109654,840.1399338,soybean
20.76193582,43.48750409,35.46036312,25.09760514,61.87871907,6.177779887,659.9629897,soybean
26.21738561,51.24852986,36.36357478,23.52214302,69.66877186,6.405837523,968.2557353,soybean
22.08277898,53.37388778,38.67596971,21.27901533,85.6057269,6.719993782,856.6906344,soybean
30.84711837,45.23430534,46.40524719,26.48945968,79.99991131,6.984793498,1054.657339,soybean
30.68173022,53.63107005,38.43161215,27.19309712,85.60539296,6.873288784,788.4583791,soybean
24.49605105,53.39683429,31.37363715,28.21869773,65.26707796,6.952246285,868.384082,soybean
21.31955271,43.0764341,30.48085528,22.62375904,78.33332978,6.688921745,625.3978408,soybean
26.58348492,49.3783345,43.17108754,18.50117448,82.9026978,7.20386768,649.3700988,soybean
23.94145558,37.97688548,36.57199669,25.25500697,78.05331467,6.366764059,894.2915578,soybean
21.5470022,40.75631364,42.5166196,24.5905583,83.27662129,6.340168954,1005.11517,soybean
21.83251764,47.21903143,36.96852617,28.0811204,62.32649717,6.224231012,837.6340721,soybean
18.30175775,49.74010963,35.3779985,24.98700971,68.62166328,6.219460806,710.3472843,soybean
26.76085581,45.12714976,41.18951219,18.84255941,79.83909265,6.532823208,857.6446262,soybean
22.19528184,50.4406516,34.18476656,21.55266893,70.38923144,7.165662183,777.1895276,soybean
26.47251885,43.73489876,28.0300998,22.28154382,72.95999332,6.101275614,958.8475276,soybean
26.35614624,45.66314195,32.9701905,31.4195908,75.03968183,6.203589395,740.2640904,soybean
28.86227308,43.85963384,43.41746233,26.36062989,77.72149977,5.855995115,965.5229647,soybean
28.01906439,48.37069086,39.15334827,33.59701225,61.59394429,6.905679403,1049.074653,soybean
23.06075273,51.80895418,30.32141788,20.1667946,84.79490688,6.481988062,940.6221841,soybean
24.38013512,50.13659123,30.87245949,26.87627551,82.73547032,6.880538895,870.3702061,soybean
29.83814465,51.4590408,29.75091213,26.80854843,71.44550177,6.200604498,770.4104963,soybean
22.27307163,42.16834922,34.42044193,27.4900948,70.92757235,6.63528252,864.0332867,soybean
24.66300591,51.7469621,37.28150285,25.38703572,74.98440003,7.195396094,585.2477417,soybean
20.60765908,51.9510609,33.13147839,15.86528582,64.5667413,6.293214188,642.9573092,soybean
22.33959244,41.32952407,38.74198138,20.05242488,77.35807861,6.199244884,915.4217465,soybean
27.07716623,44.35964587,30.15012143,27.12063813,64.9669117,6.35613454,786.4412841,soybean
28.03832872,51.03616326,31.37329317,25.21538187,77.98652863,6.801851073,895.5362843,soybean
29.36938274,45.25643485,34.42251498,23.86332874,88.44257471,6.646753791,928.0653685,soybean
33.28924113,49.35272402,21.96600014,32.29680264,77.34691891,6.324063948,728.5688445,soybean
30.37774136,47.06367223,36.26214084,20.97347754,68.16867429,7.273249114,938.2394274,soybean
20.36841613,52.68342093,39.78805713,29.34743275,87.9600985,6.963239067,1012.823473,soybean
21.41983113,57.74898845,34.59642106,29.3867944,77.41847564,6.76752717,729.6651678,soybean
23.4108871,46.07187271,28.1636734,23.08530333,66.90631236,6.395082174,995.0303797,soybean
21.88890964,55.2664965,37.8995956,28.36103127,82.68611977,6.837667913,878.4843001,soybean
29.43118982,38.93355295,37.23143094,25.46074854,64.03568067,6.461491774,752.092509,soybean
21.80898906,43.40238566,31.564406,24.88489166,83.95932089,6.785641574,1027.178969,soybean
25.15942359,50.17111687,40.32306187,24.18353334,65.52696759,6.424131195,896.9883344,soybean
23.85015503,38.1356553,33.65201102,27.00937052,80.17225658,6.336195394,1026.143348,soybean
26.08730053,42.11246831,39.61279603,20.65068518,64.0410313,6.649549542,781.5304166,soybean
25.90398832,62.07059997,33.24763386,28.61512332,89.15141988,6.529225178,911.0614047,soybean
27.35220374,49.5802115,42.31154209,22.54620641,81.3105773,6.688057715,1001.260837,soybean
25.09866077,47.16933681,36.6498474,26.1311828,85.23938974,6.094692793,952.5102426,soybean
35.89968912,60.72780609,31.10058098,18.99826573,86.16530005,7.126193133,921.9323593,soybean
33.01648453,49.42833323,42.9123624,23.63897074,80.01303379,6.458688613,1067.705638,soybean
26.14994094,59.06479828,42.49822947,25.06102048,78.83400099,6.424432625,831.0953432,soybean
27.63068034,51.59081798,34.09579554,19.43607953,73.00171184,6.29565769,888.8682733,soybean
23.92729961,47.98068384,28.34450201,30.89921547,69.73164008,5.865886202,819.0593876,soybean
22.81135081,53.38487738,35.81673349,23.39634335,66.91737455,6.327049109,922.4648661,soybean
22.88814226,46.91378222,30.03712353,20.95327924,74.85590416,7.261067074,947.1240304,soybean
26.28907173,36.44571713,36.10303355,24.25449059,72.31096797,6.417211752,1052.529627,soybean
24.82111361,48.63236402,29.89330813,32.14908837,73.78028906,6.860357015,1028.465736,soybean
20.97434881,40.51333846,39.79318011,20.18055118,62.91946469,6.494720817,651.641308,soybean
32.72466167,55.06555918,32.5451038,26.44444856,66.7504567,6.526008323,911.6961747,soybean
23.31504603,53.71901997,35.18524149,22.67016336,86.10128384,6.607212156,872.151054,soybean
23.55526385,44.86992367,30.97978785,23.45051213,86.18334519,6.073600491,851.8053942,soybean
24.16944958,42.59080447,34.9961578,25.02492636,81.86774336,6.687037194,946.6267577,soybean
118.702302,47.16373087,66.96301419,23.97836238,62.24644263,6.915635742,2326.033558,sugarcane
123.4365036,59.24794871,81.31492184,25.77645204,61.09741101,7.147512488,2112.915481,sugarcane
178.1691156,53.03886652,93.96571062,29.22634581,81.34018756,6.651453355,2266.398708,sugarcane
81.63813458,49.05450011,60.28755747,26.29408564,60.99933131,6.783804374,2048.441285,sugarcane
142.6782425,67.15561041,68.76299308,30.09978486,84.10634823,6.917285436,1987.945425,sugarcane
155.0594408,53.68434127,102.8849734,29.26088776,64.69232366,5.709451245,2051.485085,sugarcane
147.6658907,78.74016444,71.19124204,28.46929552,64.13385421,5.956456923,2035.521086,sugarcane
179.341789,59.86451651,75.22341927,28.77714169,82.25636601,7.091151966,1819.199748,sugarcane
141.0003911,48.30807731,77.55721698,31.1776379,84.69814808,6.030681699,2123.711009,sugarcane
146.7365569,50.41591348,78.84543903,25.56330644,79.07863021,7.304090128,1999.397312,sugarcane
146.4433797,62.60863753,57.38196536,29.13673133,75.28985604,5.942031965,1908.541382,sugarcane
131.5759152,60.25648698,95.82524779,28.97398029,89.98307162,6.435963672,1976.071442,sugarcane
128.2188385,60.75699573,91.54217474,27.40261679,88.45134961,6.073905749,1488.63009,sugarcane
116.3294782,77.44987573,95.53919704,25.86629453,77.86074914,6.105956121,1992.763363,sugarcane
140.3857218,52.31178909,100.4697779,30.91018906,86.84670324,6.369149161,2046.073429,sugarcane
152.6065516,70.526639,84.37911677,28.78443512,70.36597751,6.65384702,1723.217993,sugarcane
120.1554743,46.70610398,93.74934011,26.24462865,89.79474884,6.535859518,2050.260642,sugarcane
101.9179085,63.85979923,74.73798546,30.20161648,63.20171387,6.071765963,1809.252997,sugarcane
123.9007064,65.32209801,73.05522619,27.43679028,85.45203469,6.305054738,2280.382715,sugarcane
115.77093,57.45875048,90.4970673,27.44108668,64.15974069,6.856056595,1922.691864,sugarcane
175.9522457,55.1208262,84.11496936,26.33234947,84.57061932,6.387358841,2224.983532,sugarcane
143.2295385,68.7041678,72.95736474,29.46488014,66.3072154,6.803676068,2210.709981,sugarcane
117.5587507,67.50980986,60.18192007,26.45629182,62.04377788,6.249284395,1921.715866,sugarcane
156.6082049,76.00562081,90.42487103,31.12919261,66.68980185,5.949846493,2000.616608,sugarcane
157.546394,67.09298501,78.84864702,27.13927546,76.65746631,6.563603126,1974.428855,sugarcane
147.2294641,50.45643617,95.53348833,28.44346816,69.35432174,6.818531697,1920.58478,sugarcane
154.4193206,51.8364581,83.4269465,27.47176626,85.17190627,6.481621033,2247.787415,sugarcane
128.2653431,59.44207121,91.70086702,25.8955737,61.43947184,6.030372568,1866.029362,sugarcane
134.8348628,60.55024109,63.41766042,31.00074829,73.12482562,6.457582734,1875.506437,sugarcane
135.6634804,57.95021471,103.0548266,25.71012917,67.28555701,6.365000392,2147.594972,sugarcane
139.7366047,67.51679577,89.57769052,29.16664782,75.89159625,6.350244355,2171.98388,sugarcane
163.8748081,54.45493451,90.7359802,25.60031928,62.31260871,6.723198732,2027.400477,sugarcane
94.17744318,48.13086976,103.5455358,28.81515012,70.76508927,6.5000551,1994.715268,sugarcane
159.8553936,35.49520117,66.7215317,30.47480887,75.15779031,6.387132586,1726.129681,sugarcane
115.5508724,45.48823695,103.1925337,29.82009211,60.37975492,6.366844849,2147.869745,sugarcane
122.7365942,63.28277751,104.2038536,29.8171268,64.72314137,6.574501356,2047.705007,sugarcane
114.8774985,61.27591725,84.63608211,26.31200033,67.61582555,7.351228537,1644.002513,sugarcane
123.1774854,59.15573689,68.34128865,29.99654447,82.15595043,6.545897878,2184.375128,sugarcane
117.9586894,55.07998283,61.58982776,30.08805236,85.37253076,5.648897666,2169.225189,sugarcane
151.3916902,67.9827486,59.28486065,31.33105518,72.6780128,6.061989571,2078.796938,sugarcane
148.2751734,54.31187308,76.37637166,25.91425756,61.89370848,7.32567037,1785.534194,sugarcane
146.7625629,82.97220088,80.68062204,29.79563539,85.77714069,6.567156722,1712.003496,sugarcane
145.2135439,47.08824589,74.62894275,28.4224138,80.44184708,6.294877644,1860.772423,sugarcane
125.6989999,65.0759776,112.419443,30.15967881,64.93073619,6.797265235,1748.460716,sugarcane
180.9731561,55.03123407,82.76535744,26.66470665,83.11930941,5.595369663,1827.096968,sugarcane
163.1349125,81.75545654,97.87738811,27.89661935,65.2050138,6.973494386,2142.208494,sugarcane
83.64888458,63.33964013,103.324109,28.07349412,60.51514106,6.249971633,1887.815393,sugarcane
137.0635737,63.13643952,85.66412022,27.47474655,71.25245982,7.704015153,1951.701896,sugarcane
151.2393585,44.55418171,57.53393326,26.75772482,72.28926778,6.426072533,2005.670377,sugarcane
162.5356348,58.55750264,76.58177937,26.08525046,71.33993763,7.066417264,1862.79634,sugarcane
135.1890873,71.89949724,76.40503095,30.19370882,80.84168346,6.317787506,1982.466985,sugarcane
137.7078755,51.76161355,66.75441576,22.12195743,75.08461327,6.313317354,2053.663072,sugarcane
120.6358542,54.96156015,74.82654655,31.98744199,81.4381244,6.369088608,2127.335581,sugarcane
153.2607623,47.95032802,87.09216983,31.0272732,71.04550369,6.141398934,2059.718014,sugarcane
194.6701143,55.81622065,82.23378061,26.60302415,83.89172235,6.121175836,2013.65969,sugarcane
125.0284973,49.26398082,73.16661695,28.48015178,76.48860351,6.400842415,1852.108945,sugarcane
111.4237525,37.91499937,73.96369007,28.56987016,68.04726962,6.712410418,2027.033149,sugarcane
157.8245567,62.80823178,79.70242931,30.52691104,70.3631719,6.465717264,2090.897037,sugarcane
167.749874,57.4086847,75.40061151,28.32632606,60.13940329,6.639353347,2010.996394,sugarcane
96.45704562,63.57620975,89.35875733,30.29082492,60.06191107,6.70801666,1963.537839,sugarcane
110.9910176,48.43780654,48.86694762,32.15677068,85.76393637,6.59856509,1896.112547,sugarcane
153.9779725,63.62565964,57.75041083,26.28614825,78.79682587,6.172402807,2089.580767,sugarcane
130.2181752,52.92760584,90.98155749,25.92922271,75.92107793,6.368820882,2005.16727,sugarcane
125.4144924,59.05143363,84.56328827,32.74334683,80.32616716,6.127292616,2076.676543,sugarcane
173.5490771,60.02352427,82.7942615,27.25067347,79.42506818,6.714223064,2024.774814,sugarcane
123.7157962,72.10837159,90.40350407,26.93624906,76.62935337,6.438681222,2137.90776,sugarcane
131.1943478,65.88699603,95.98644203,27.71212767,63.55085021,6.308467226,2277.473333,sugarcane
193.3841657,64.46319361,73.42754558,27.31505767,60.55978058,5.818352311,1918.510038,sugarcane
168.0675781,68.63911744,111.9320797,28.18847123,76.82238378,6.445741902,1893.386516,sugarcane
146.3664086,52.37152685,73.1467552,27.47739778,61.36058454,6.807686751,1806.586869,sugarcane
126.6992506,63.90574147,83.61486717,25.37623843,88.71799038,7.236090579,2073.575033,sugarcane
121.6793673,61.7482202,67.47117179,26.70510709,76.98523065,6.056443758,2209.363444,sugarcane
172.2187839,59.65130262,85.09838022,28.23264008,83.55770103,7.242843612,1920.783469,sugarcane
124.1577165,61.03535814,89.4680339,29.24880641,66.17273477,6.979627376,2088.778943,sugarcane
102.6066612,77.42374616,91.11019934,27.549731,89.80497739,6.775194159,1946.216242,sugarcane
131.3801525,49.80908773,102.6820384,29.21068566,87.08411392,6.611078296,1806.202125,sugarcane
105.9187995,82.44386915,81.77244472,32.83988985,76.50574194,6.019084275,2043.271881,sugarcane
142.3491943,64.39111455,84.12320656,29.58549494,80.56274669,6.637353432,1899.367509,sugarcane
149.9425026,52.51707908,74.92800903,28.99386847,84.69892625,6.745668959,1995.821614,sugarcane
131.9098225,70.11400476,91.01525357,20.49966677,84.75500184,6.539610003,1868.597618,sugarcane
102.3273018,51.81164913,87.60010305,27.49710562,68.04337567,6.29831335,1491.350333,sugarcane
143.112328,78.02033248,61.65656549,32.1214854,81.5584991,5.869009837,1968.917134,sugarcane
151.2002072,66.68610867,85.2603284,33.72942929,66.2548832,6.93131894,1942.835353,sugarcane
113.6838618,80.4866717,55.91817373,27.21392935,80.00254612,6.199167136,1307.044354,sugarcane
116.4152721,54.08936953,73.18967759,24.76279634,80.45507343,5.976266447,1803.91072,sugarcane
143.2863725,59.74893524,76.42977195,26.66745834,68.76006309,6.470688221,2059.936059,sugarcane
112.9283745,63.00302266,98.66318861,30.54006388,82.61627497,6.762882704,1984.889976,sugarcane
131.419864,61.89508226,95.01149624,27.20439122,73.82878568,6.426548762,1867.567376,sugarcane
160.8135982,72.76528183,69.52859797,31.6998568,67.95838797,6.47900027,1990.034666,sugarcane
129.3381017,70.13248214,82.70164273,28.18060543,86.77591796,6.29928838,1817.5095,sugarcane
120.4673187,68.51089885,79.80470981,25.22230867,65.78854073,6.760367976,1788.977359,sugarcane
119.0208544,60.41026563,84.56913903,27.37990441,83.79100039,7.142149229,1909.524559,sugarcane
166.6575831,55.75498056,75.19730498,27.17575929,62.33821819,6.254890198,1928.426688,sugarcane
127.3144991,67.28462105,101.7297557,28.25775122,80.31223352,6.592320475,2124.642562,sugarcane
123.251356,75.17582542,82.53593051,23.98717362,62.33645603,6.739286303,2185.832794,sugarcane
148.0196929,75.14725263,104.6561112,31.58827622,83.52477191,6.797094889,1820.226644,sugarcane
134.4599459,89.84233945,56.96442068,28.77560363,61.11241915,6.599156039,2024.698997,sugarcane
164.947112,59.28985573,89.9649136,28.23992973,75.2525256,6.652368148,1951.397775,sugarcane
131.3193242,72.77860998,88.33262296,30.4905056,71.39034299,6.347372726,2047.682192,sugarcane
143.23027,45.73023414,100.8295987,28.99159654,82.30060421,6.733754241,2027.13543,sugarcane
146.0386985,76.5929006,119.5324648,23.93009859,75.19772184,6.394243372,590.053698,tomato
133.829674,81.15704671,123.1832949,21.23865856,68.44540773,6.637953871,483.516522,tomato
142.3920612,88.72028627,121.8681106,18.29296738,77.9920792,6.480156038,536.6940688,tomato
126.714699,77.20360925,93.11655027,22.09302532,86.03654605,5.817110161,560.6741433,tomato
138.5053827,78.23304145,122.4223977,25.86214764,83.43141428,6.297560613,602.6879701,tomato
129.2215062,74.33473331,122.3533152,25.90337424,64.69596819,6.249120305,615.9443513,tomato
141.7483487,83.89209048,138.4959405,15.39200703,70.096986,6.263442827,596.2852013,tomato
137.795442,77.40643228,119.8604994,25.86699437,85.70174877,6.787916359,625.8160567,tomato
121.996012,66.93620703,118.2095302,25.61369708,89.16338349,6.752473046,645.4502453,tomato
123.5954161,71.48853217,121.9445577,22.81231998,89.15398649,6.57385777,558.4997345,tomato
135.3306943,79.01096025,130.3508111,26.49560004,82.90240959,6.645359612,446.5956825,tomato
141.9969181,66.74179859,117.2758249,27.18380688,69.6699257,6.511088945,531.0942432,tomato
146.4694751,62.79980567,94.16676591,25.96927983,85.56193098,6.617009295,553.241016,tomato
142.1354098,79.3145293,101.6312661,26.16767567,64.17510849,6.542535227,787.0916658,tomato
124.6289769,65.45192179,131.5859453,22.11366006,66.80044652,6.430976345,622.7513767,tomato
144.4921825,88.01635821,123.659594,21.43106127,65.77225652,6.441430854,463.8980804,tomato
143.9991404,77.3239564,88.63753463,23.85576494,86.51961181,6.930808184,825.6213958,tomato
128.748113,70.56145807,105.586918,27.99310964,69.07334266,6.532195092,476.2184917,tomato
121.9518354,92.49559026,119.929197,23.11829294,68.1589132,6.557690514,492.5009398,tomato
142.9993249,92.1022504,139.6111367,28.46999539,63.72720508,6.637155333,661.3912774,tomato
134.1045222,90.03229937,103.0723994,24.9617779,63.18304577,6.763299588,552.0480517,tomato
160.2495565,78.07097942,121.9843565,26.71886183,71.01844007,6.39848617,653.4175794,tomato
152.2691704,76.60732999,93.31779997,28.01348321,77.31205784,6.788274626,676.3246955,tomato
124.3879303,61.82703177,120.2975901,23.79867361,83.30195446,5.911763866,620.7854116,tomato
155.8045846,63.63676528,133.0330724,19.26902014,87.80901026,6.372276175,579.9538606,tomato
134.9410718,80.22220097,145.589271,20.89912233,68.32618216,6.513226177,514.7444144,tomato
145.8500889,74.41388436,139.7274457,25.65298863,64.05731812,6.464550609,607.1484222,tomato
154.6850131,78.0650688,100.0682055,23.7482493,73.31105362,6.623632228,678.68471,tomato
161.1862017,82.20311101,116.3776836,24.73891885,85.25772312,6.47446313,739.112865,tomato
149.0244543,73.73361743,116.2727414,24.23966113,64.61655071,6.619261536,709.9374513,tomato
131.5430887,71.5420804,116.8201927,23.61780721,89.44696006,6.390860839,534.5529564,tomato
149.8409027,82.90055547,129.6924761,24.65208629,61.08861486,6.401580115,557.0113857,tomato
142.1005664,70.11260617,118.827951,19.83596742,80.56301474,6.099507781,672.8327879,tomato
116.3525011,67.08095958,116.6349123,27.14783094,61.85006366,6.19478833,648.2003723,tomato
123.1385664,65.13023089,104.029292,24.46466128,76.67267409,5.994020046,536.8228964,tomato
167.2031526,72.24064048,122.3616846,20.0191647,84.38970062,6.521409699,446.9824239,tomato
159.8514333,79.632745,124.2810901,24.0479223,65.07539633,6.595052117,535.8403559,tomato
129.5402859,72.1553303,118.462755,26.76351546,73.27604558,6.63644161,690.4731202,tomato
154.2673366,63.7735418,150.5793529,26.83415801,78.75929446,6.442981699,491.4311383,tomato
146.1354083,60.16599792,118.7574484,25.39140099,78.09554518,6.470716849,486.3384206,tomato
160.4673916,77.21130637,120.1125797,23.62277594,81.97407887,6.670724485,571.03787,tomato
149.2991364,81.02596127,126.6637264,28.90071151,77.35393028,6.49101033,569.891301,tomato
148.5285558,84.33490505,143.3370042,25.82697356,85.52951091,6.46306616,717.4234653,tomato
126.7394809,63.07859207,108.2235315,24.13028635,77.72976282,6.89425473,571.5318673,tomato
136.4849503,73.85488499,119.9379955,26.24635339,61.68851029,6.523462714,493.4412808,tomato
140.296324,87.05441111,118.0733307,24.72637678,85.6023047,6.58775161,730.8991609,tomato
148.0327129,59.40817977,127.4048658,20.73036609,80.35277489,6.604355819,554.2732892,tomato
137.2116235,74.26805761,128.2115463,23.99004996,64.82953968,6.092560389,655.5385249,tomato
153.1389338,82.5392061,108.0224634,25.16421969,66.20083269,6.340787555,790.7397375,tomato
150.9379376,74.75269827,111.9867948,21.11425844,71.12621946,6.5507269,629.1496329,tomato
117.4703414,81.89983043,111.8965145,20.97003539,87.88357458,6.460339626,683.3862237,tomato
149.9791422,72.17062763,112.8038377,23.82175852,70.37219691,6.645123511,614.0093408,tomato
119.9324735,71.3606305,112.3332363,23.57517072,86.96511951,6.232864122,635.2467066,tomato
138.8851513,59.24018892,113.4420602,27.61886135,88.71321814,6.7038041,590.9152973,tomato
152.9649253,51.08109096,121.3291926,24.73976174,64.48116537,6.154746455,649.532241,tomato
151.7004775,70.88388846,104.5806659,26.80036839,60.14065939,6.08903176,620.5173123,tomato
128.4718271,89.56312009,127.501561,23.00281839,84.75258362,6.060577928,573.5181561,tomato
161.9988963,75.3900912,131.6333819,25.63971625,66.4984397,6.346629816,535.9999484,tomato
138.3847353,80.00002231,126.2727387,26.65862397,86.05389596,6.619498684,538.8677553,tomato
154.4302857,94.46304179,107.5598488,26.66636855,62.23774689,6.018634039,602.0639151,tomato
131.7742144,69.12558328,119.494928,18.05299047,86.07333024,6.603245719,484.7550548,tomato
156.0195031,70.56652219,137.299439,25.26916702,85.65272787,6.880523289,731.5455058,tomato
165.8883075,73.96631009,109.4046258,20.71982291,81.00383815,6.527351974,452.3869599,tomato
151.1826875,75.64740708,102.2665428,22.72771073,65.21682503,6.241393486,503.2174397,tomato
147.4053653,87.35567372,133.8813436,28.13001138,74.43735588,6.408515721,461.3768899,tomato
153.2686494,67.8407807,136.6567908,20.07346654,68.76640614,6.59685478,639.9641346,tomato
133.7662553,62.80636026,126.6703028,26.50999691,71.0963428,6.463275917,641.848054,tomato
133.7079532,71.79487495,113.704692,26.36312249,71.09420979,6.633808685,651.4202171,tomato
155.3887238,57.1325768,135.624817,27.1548494,76.02165454,6.561965494,624.9796587,tomato
133.7866122,80.84396912,111.7200788,22.81247402,84.79197978,6.679027137,564.3476915,tomato
120.4174267,63.14996766,109.8497549,26.05736642,81.83393124,6.514400444,504.1277864,tomato
148.6022348,71.23155685,131.0273863,24.06191478,77.55493756,6.986435736,603.9900323,tomato
160.4506508,76.03301723,112.876412,23.69215974,60.5266092,6.351732175,657.7212028,tomato
132.6746851,67.9274853,114.8327194,26.07263432,77.47175976,6.571783039,612.0226479,tomato
158.4588677,71.95274885,135.0893543,21.56361871,69.45809714,6.37664411,507.6467012,tomato
137.6058774,82.62641117,130.1296962,23.56754083,78.98162508,7.124641878,401.4802022,tomato
126.3004621,67.2684817,108.6190679,28.0322115,75.42489736,6.54013331,328.392587,tomato
144.9247728,72.77846793,101.7090956,25.60814843,62.74617299,5.987623233,828.0142357,tomato
144.0856945,78.65655642,134.3071413,23.80888808,85.85637049,6.36086116,629.950518,tomato
144.1128903,65.46405049,124.2532439,19.50311192,76.82353914,6.883016103,791.052936,tomato
123.2054242,70.62604683,107.8475818,33.90282077,68.25580958,6.914790347,836.5430295,tomato
143.858287,66.66964332,144.6030173,21.36839759,86.64015535,6.236599057,467.8946523,tomato
144.6555581,76.14544025,102.8885785,23.84742109,88.05015292,5.897456079,414.6537705,tomato
118.1230567,77.19924823,127.9716279,27.41924296,88.64610792,6.625033535,475.6903368,tomato
152.9282838,75.34048156,138.5564395,28.51193302,86.25964305,6.902451867,666.9487846,tomato
132.1965148,76.6507516,115.6987566,21.80883827,80.27104986,6.569558654,461.166846,tomato
133.0412201,70.98885422,127.8013828,23.34787434,67.13534944,7.009964112,497.095371,tomato
144.0960353,78.86310451,118.7115123,28.07827062,80.62026025,6.312009965,620.3896227,tomato
127.3283671,71.9337543,126.0016302,22.56249228,63.84803155,6.384724839,556.4002134,tomato
159.3331501,66.94311625,137.8001082,26.42135058,81.80435633,6.396075678,617.5218977,tomato
129.6083557,73.87663862,119.3877677,20.07548843,60.36036193,6.207235713,640.8361097,tomato
134.4859814,76.51330081,117.4383121,26.62154524,65.43343525,6.338003962,717.8318979,tomato
162.6371188,75.35351059,125.3933281,19.82372239,65.63963039,6.461637967,709.1364552,tomato
132.5737077,73.50905591,137.7203447,27.80424833,83.31116901,6.474757446,662.7270633,tomato
163.2426631,65.33408815,111.532149,29.50135405,87.57984956,6.494138327,453.3857181,tomato
134.2201495,82.45175287,118.4809604,26.61608674,81.08257959,6.261352284,688.8717455,tomato
149.4660725,76.24213734,120.440659,22.59467812,67.39313608,6.351341099,531.3098637,tomato
137.8329436,82.32241302,135.5799065,21.3572026,76.11517618,6.255121241,655.3048836,tomato
148.4639848,77.32715184,116.0384703,22.06324305,89.17813371,6.487483879,590.0864832,tomato
116.5876599,74.6754882,130.6665698,22.50157757,83.00820603,6.231930524,469.2397117,tomato
93.9339681,57.2539087,85.0491464,26.53480271,66.48963025,6.682160483,615.0109069,watermelon
104.5394761,56.58864928,89.58908681,25.14998532,68.82264103,6.66007099,438.0692349,watermelon
119.8308881,68.18509218,98.55783118,21.18775511,65.95519427,6.535457884,678.474598,watermelon
117.3853838,58.70743036,100.0937431,27.61660238,80.60333685,6.112416468,490.4846015,watermelon
121.8161619,61.12629228,90.30699785,31.51437164,79.92424476,6.682800002,659.6018385,watermelon
115.9239411,58.82694227,99.66843202,24.07557759,87.2257611,6.862783801,704.5746177,watermelon
112.7394326,52.3541653,89.78645701,20.50978299,70.79663422,6.062175674,662.8710256,watermelon
84.66237629,60.96336591,87.35445385,27.00597507,76.59374257,6.790266762,708.4765608,watermelon
110.1758408,59.56130921,108.1095926,23.27278656,84.57113944,6.538633152,545.1486285,watermelon
112.7521892,67.3649591,92.3338222,24.61785081,81.90814898,6.555122953,528.1606252,watermelon
108.4711497,65.26222243,106.8769531,26.75580206,60.31023063,6.72378342,560.6538736,watermelon
99.92067168,69.78452885,97.89412535,22.83859145,88.98996709,6.885733237,469.2049492,watermelon
95.47011482,67.30578898,106.1710888,25.25650642,87.77304262,6.584439228,583.5482999,watermelon
126.6729116,57.20317282,99.71751641,29.91898529,89.23556069,6.648171608,719.504473,watermelon
108.4551539,58.18356283,104.9357598,27.0918857,88.88077578,6.791297588,577.1337406,watermelon
109.5738083,48.17537887,101.6622617,22.82927416,81.9696704,6.284321855,548.6857458,watermelon
97.56499768,70.82329252,90.0541655,17.83441936,75.34423094,6.612394811,467.9358469,watermelon
120.0851064,66.14511318,92.09253044,23.33954927,61.61978211,6.599468737,332.3947871,watermelon
94.62791745,48.04806651,98.40517789,25.57464976,61.98562262,6.985520177,446.469122,watermelon
105.6671061,64.47894235,91.89891218,21.71988339,63.54699564,6.511728304,641.3385029,watermelon
101.7667257,50.95756844,103.9349277,27.3485643,76.59617451,6.810326115,681.8107561,watermelon
105.6021933,57.37333478,103.5898319,24.92576061,72.51637496,6.97785915,607.1346608,watermelon
101.8466303,47.42058215,87.70911566,22.25101792,74.15454297,6.694533008,639.0697254,watermelon
90.14037805,57.78953302,97.42560935,26.8297825,83.25014292,6.594554215,474.4741463,watermelon
112.6021126,66.78494963,108.7130157,27.55607943,74.83099098,6.249654274,610.6514724,watermelon
112.1253037,63.47607657,95.37621439,23.23185946,60.13956373,6.20655607,486.708982,watermelon
107.4759789,73.20185776,106.890336,26.07806625,72.63981241,6.348521242,423.6227657,watermelon
110.4875217,55.04921538,90.72221495,23.12944026,74.60400908,6.824353922,644.1698176,watermelon
107.4380723,59.25659365,108.0979016,30.75100492,75.99608924,6.253417103,697.9814618,watermelon
102.8692217,58.75131122,105.2909416,25.21513139,68.51550641,6.55173271,629.0648365,watermelon
117.1692668,52.18979566,91.12865558,24.10979864,62.78165123,6.484570569,702.0178687,watermelon
129.4286694,61.34710766,89.56625515,28.37705868,64.77545579,7.087191468,537.7833336,watermelon
103.9445006,60.79955873,105.1234523,27.82641995,80.89877285,6.491071364,760.8752206,watermelon
119.7923616,55.40424146,95.31096491,26.00943758,87.08286974,6.263344038,497.7321495,watermelon
99.08442472,63.1035167,110.072561,25.40197665,76.85024359,6.364895431,530.1085617,watermelon
105.6246358,57.85453969,111.8135437,21.41070402,71.47529512,5.870715679,540.8420525,watermelon
107.8421811,68.18641658,102.9466708,24.20229152,82.9030356,6.837664296,437.9945669,watermelon
120.6082929,48.69729627,109.7245781,27.43332795,74.43213702,7.026604949,713.9521436,watermelon
112.8203575,54.85926912,76.33959829,25.59907156,67.85208598,6.147918303,643.7151238,watermelon
105.3885715,62.91160477,106.4413906,26.56172414,88.18962372,6.257981974,593.8913902,watermelon
98.23614466,66.41043192,100.2024188,21.75702243,83.65534709,6.534787657,592.0825399,watermelon
99.9076682,49.06072306,103.5285371,22.44970483,74.85948536,6.257349116,662.653423,watermelon
114.7146405,71.65199756,113.5957514,23.68941758,89.35642126,6.526542475,588.8308501,watermelon
107.62303,63.59673235,111.9024255,23.4328986,88.6092712,6.578657827,701.3807474,watermelon
121.4381441,58.25937959,100.4437455,29.04047625,72.32161381,5.840459978,570.0153966,watermelon
116.9677761,62.13897812,107.0656815,23.46552158,70.82232948,7.390442446,519.2955071,watermelon
111.3389138,60.03325095,103.1280382,23.29035957,66.51096224,6.510297317,782.6080494,watermelon
101.3599442,58.49016331,96.36516343,19.18360845,89.94143552,6.367442556,600.8772561,watermelon
104.1810595,52.20669981,119.6108323,23.59484475,77.7177884,6.916975793,603.4300193,watermelon
108.6207752,68.2190318,112.1940585,25.54637365,88.37442672,6.944607478,622.2124159,watermelon
104.9482014,60.32318708,96.38163795,29.46604868,88.27635331,7.10171308,591.698473,watermelon
108.2386961,58.33183846,117.9385983,20.26146565,84.16663917,6.757074948,527.158075,watermelon
121.847135,63.11888646,101.5023208,27.91626636,84.30484186,6.745669674,341.3945286,watermelon
105.6963799,55.38968801,92.73186401,24.02134818,87.65260307,6.344746414,583.9111712,watermelon
115.5177785,55.71300948,105.8690796,24.09347955,85.05389507,6.757816473,494.8282587,watermelon
95.57057986,58.05263184,111.5774118,25.87619459,87.80379775,6.460269515,535.2788146,watermelon
93.58706354,67.05253458,110.8090153,22.94650061,83.47523076,6.667806445,628.9174704,watermelon
124.8586093,59.81786334,111.4654403,31.45720682,64.50390519,6.567177314,484.3512421,watermelon
99.39150674,49.43966516,100.4520292,23.75236015,79.68493909,6.219559268,562.2183711,watermelon
102.84459,62.61937902,101.9192659,28.74391267,67.12332407,7.046619265,741.200735,watermelon
111.0338249,57.09339583,105.6286553,25.7552046,81.26803162,6.891946242,594.8182892,watermelon
119.484047,57.39963272,103.3180742,28.11957129,70.33869974,6.77891837,618.8019077,watermelon
120.3479916,62.77030722,87.025962,22.24998303,67.67540805,5.5680455,564.0384634,watermelon
88.56746896,67.99475653,119.5256448,22.3777772,82.3677363,6.569684988,548.3910152,watermelon
107.111717,57.76831486,103.9217059,24.91010631,88.56471794,6.636078309,652.1570611,watermelon
89.48479625,59.90450243,95.74262534,25.78454938,79.5133011,6.700901645,792.9207884,watermelon
106.439404,65.27065179,116.1355897,24.6140087,81.500608,5.943326571,645.7770671,watermelon
120.2705119,54.15946316,107.952371,21.72137776,65.60813662,6.953204751,533.8121956,watermelon
102.3791606,64.46613565,100.4786071,18.30512169,77.6207708,6.482513563,520.8950686,watermelon
100.2417513,63.56780353,103.5308412,23.531156,89.07317552,6.437224842,523.9361664,watermelon
112.747246,63.22886886,116.8649504,22.84391026,81.28004791,6.014099431,709.4501997,watermelon
114.9856307,64.10583298,78.89587138,20.85487372,60.32350751,6.337763939,677.3818358,watermelon
85.39189252,54.59995911,90.20104746,29.50042248,65.39209649,6.426344206,625.7390717,watermelon
87.30702917,51.16073136,94.22869274,26.58831689,83.26831599,6.480012742,508.1128325,watermelon
107.5195796,66.93854917,101.0582157,26.0600196,82.69955928,5.577398066,638.8433893,watermelon
129.3889817,68.15640048,95.17171099,27.20839532,72.3534589,6.561027215,510.6621972,watermelon
109.0755503,55.01038383,85.1924258,26.02179673,83.26332895,6.207230532,643.6111739,watermelon
110.29708,62.27835536,99.51161795,24.56280073,89.37932306,6.613541598,702.1222258,watermelon
92.49927015,50.20853537,113.8828585,20.22565018,81.42643644,6.082930769,671.5353231,watermelon
102.6902452,62.76496892,99.73202906,26.35624361,62.74038704,7.083833073,774.3383193,watermelon
112.989333,49.37075094,101.6230938,24.41137628,67.44744418,5.986768785,601.9258958,watermelon
115.9630105,80.23832917,86.64822139,19.37801684,79.60134482,6.342405939,689.5749685,watermelon
121.6263507,60.7034833,92.91584188,28.75733173,71.25537169,6.278825681,515.7598999,watermelon
116.3987044,56.57676991,89.79105365,31.01861559,81.96541375,6.35328475,671.4960046,watermelon
103.8219624,57.94177276,103.2210414,26.05485159,72.75635604,6.118796695,407.0437282,watermelon
93.52106683,47.56703251,92.81671699,28.41836799,74.72666692,6.188941831,448.1796225,watermelon
107.9976923,55.62493574,112.5853489,24.60484404,69.66616116,6.5592508,571.7828029,watermelon
117.2332914,58.5561809,92.58563263,22.66747156,83.82366836,5.898787599,551.9292024,watermelon
116.3729998,48.69675496,102.5280784,27.37924159,78.60839961,6.778611166,679.2942991,watermelon
110.8141576,47.88593068,91.26559521,22.81664246,89.00420215,6.646907018,611.7708288,watermelon
112.8367788,65.06443992,86.72885508,25.17806204,89.78831154,6.298419262,574.1331147,watermelon
105.6679514,71.61048591,115.7012223,21.21493259,61.58556485,6.511152448,792.3319377,watermelon
119.4367137,59.8465347,101.2117985,28.6002519,77.35023062,6.376143354,728.5696837,watermelon
114.7338405,73.25290903,103.5233299,24.99923479,60.52523343,6.736760845,585.9034361,watermelon
111.0393672,61.197625,116.6993892,27.27856213,67.58778187,7.519369956,501.5888977,watermelon
119.3267159,59.32488147,85.72254508,20.11545878,67.3264843,6.731559865,806.7286072,watermelon
108.5798488,65.52528318,113.3614622,27.70073805,69.59567191,6.4054558,690.6553025,watermelon
123.0437619,70.31120306,87.31737664,24.10814734,77.77493382,6.022130698,452.4213844,watermelon
130.3435645,59.45836672,94.82694643,29.61488361,63.5964158,6.710024972,708.492926,watermelon
103.8273776,66.72077797,97.63339843,26.1561969,68.69291086,6.534303111,600.7526889,watermelon
86.43744507,37.1678683,48.5353782,17.12798972,63.41275256,6.80533326,680.1090276,wheat
65.22811877,37.81051117,49.88084008,18.23072073,68.33170573,6.652642352,709.5794705,wheat
91.35774077,44.86942816,39.8224692,17.63381742,71.46165021,7.234900263,482.264537,wheat
77.90795771,31.82622274,35.37008591,20.22080701,84.32971825,6.932365686,767.0004972,wheat
86.66282334,44.68695342,37.52258804,21.69980757,83.24979243,7.068528861,690.6466662,wheat
80.40864683,42.38352521,44.62440351,20.52659359,60.22311032,7.427277933,477.0299619,wheat
80.96401215,45.473149,42.57786428,21.11587682,84.52997021,6.854650308,427.1296996,wheat
58.10994682,45.58853272,43.71247859,20.00706077,61.89444986,6.675901301,766.4385969,wheat
83.24548527,37.47466342,46.53171635,23.00556683,88.94646509,6.98654811,614.0419684,wheat
53.62370779,45.80756161,44.62908104,20.63877402,80.90950163,7.402219535,693.0180836,wheat
83.71985454,34.41469971,28.74896219,18.12824166,75.2132549,6.906924557,768.9505718,wheat
89.68456575,51.02781024,39.2674586,21.79623495,84.59759992,6.96812458,761.5691656,wheat
52.13830809,39.04576575,28.92616478,19.93616744,85.74800202,6.790740016,570.8305942,wheat
81.03781878,46.38399602,38.028788,18.36029252,81.16159328,6.624186573,481.0417734,wheat
59.53809437,39.95163298,30.6306249,19.18759636,70.52235453,7.47671444,679.2071281,wheat
94.22462102,52.61197406,41.94572699,25.52789863,78.43841385,7.201500935,626.9753813,wheat
88.83718715,40.91653064,28.91336461,16.74072237,88.95059615,7.035944876,811.0975545,wheat
70.28409417,50.27817494,35.01279182,21.44440362,88.52639494,6.776884559,642.1333719,wheat
90.46909389,49.28056574,41.24150099,21.41625091,83.74245772,7.438320084,629.659894,wheat
70.20900981,43.06894484,30.46753404,22.36315098,85.99790888,6.800680399,462.9990997,wheat
94.44000651,41.28539765,41.67383042,21.80225371,66.91275484,7.216020739,590.8653232,wheat
97.72517725,45.41424482,49.20445785,20.79646356,84.63199266,7.205556148,628.7394633,wheat
63.43353586,40.12673445,44.75899236,18.13780336,71.32022431,7.163332447,514.2084893,wheat
75.86768472,41.49246214,50.09607593,19.38509372,87.10886526,7.114063924,879.5480551,wheat
86.58493756,35.37283897,30.76614263,18.7876786,85.50075374,6.756608429,592.8971569,wheat
67.4050742,36.28894789,35.85741108,21.1741718,81.50004384,6.882016289,596.653978,wheat
85.48429508,39.04049887,31.85541903,17.17175691,66.34691864,7.395717326,612.3309099,wheat
83.89035628,35.45967203,45.21910572,17.15111043,80.45680588,7.167203369,688.6681117,wheat
83.19840166,42.46622049,35.9668131,19.94564458,88.11322534,7.200434583,865.4067535,wheat
90.31938254,32.70407367,35.72587138,21.99229233,74.63193213,7.016595041,513.539281,wheat
72.6219159,39.67437348,35.95454658,19.64462213,73.5187698,6.726044978,654.2482335,wheat
74.48738541,33.40099476,52.68856304,19.78987825,73.70078098,7.234120944,519.1372874,wheat
72.75805198,38.82688283,43.37658317,21.84296084,71.89116136,6.706521505,734.4527111,wheat
93.83027261,40.50645321,28.12456668,20.23622554,70.59298033,6.762325695,683.9193803,wheat
97.47368418,34.27666065,35.44394473,20.24974139,74.90562896,7.472248298,670.8824726,wheat
79.59602736,38.61947852,32.60143881,21.49761304,71.62456552,6.92401208,727.8498744,wheat
68.40200146,40.64229625,34.30827015,19.09512342,76.84671636,6.576356017,623.4665428,wheat
78.93576812,48.02179068,43.5544434,21.53373655,77.17902951,7.368428523,545.1731981,wheat
80.16928372,48.51387328,32.79106257,19.44146455,86.88743463,6.851462766,616.3367555,wheat
69.7467699,42.3637392,32.02272117,20.22501116,71.5071638,6.829471622,714.9862749,wheat
60.86591642,36.31473406,45.93863042,21.48316897,67.21509498,7.10793716,497.5641568,wheat
87.20313011,38.25254855,39.28983679,23.15668674,62.30567829,7.271620287,568.0463695,wheat
67.80179377,41.47075041,30.9848745,18.54127687,66.66500082,6.975987249,699.8514775,wheat
96.73301984,39.6722646,51.65705987,24.47719906,80.07041688,6.743477976,608.5801066,wheat
104.8157478,43.02587902,46.98754665,18.75768427,70.49763762,6.988922302,638.2889104,wheat
79.98803353,44.98723997,39.99277088,21.30586017,64.61746367,7.27605837,650.5593507,wheat
75.61810589,49.49145486,42.59927239,17.00648341,87.93676106,7.103721455,612.4958714,wheat
71.15270185,42.18745354,19.77462101,21.06938175,61.74815825,7.061985335,600.6705197,wheat
86.16526914,42.32607846,26.20768475,20.0734736,78.76567887,6.90282027,659.1031546,wheat
82.33614746,43.59534963,43.44774337,20.35629332,71.43261819,7.040957264,711.2971074,wheat
104.5976724,46.68212299,37.71679068,23.42407875,89.41812912,7.168208778,673.6860785,wheat
94.54242604,37.09946047,47.49001334,20.85272428,69.7506713,6.390321387,593.5399855,wheat
62.06227083,42.24940134,46.40911322,19.98010371,70.95527997,7.183572563,779.045462,wheat
83.00868475,28.69993272,41.19179243,22.48675895,80.90533226,7.099421593,610.5539488,wheat
62.62424564,38.22194374,50.53931946,20.41365279,64.20191037,6.7264131,598.9291623,wheat
67.77054292,42.46456204,35.60065839,21.37555886,61.75805988,6.934834585,708.8609944,wheat
67.33424006,40.04357389,29.81866287,19.75504362,85.21135501,7.238993432,764.7018539,wheat
70.53597296,46.45201121,34.31816468,19.79297074,62.03353325,7.247664227,601.9118044,wheat
60.71177892,52.47708384,39.59631521,21.05944043,74.0663782,6.921608832,499.5604082,wheat
64.96111448,41.52330286,32.61427427,18.53116042,85.49688135,6.875257471,708.8291542,wheat
105.8016247,34.46391951,29.65777459,20.13549685,71.90265053,6.920550612,616.1329593,wheat
81.52434782,48.92751776,32.69027611,20.7278748,68.34945651,7.067593694,711.7648998,wheat
62.56464494,40.07413389,44.95243381,20.72313379,64.79342557,7.019454421,882.107158,wheat
77.73028223,19.24652825,35.27758822,19.53913734,83.27171884,7.324774539,638.212294,wheat
67.54091313,45.50381516,40.93230358,20.40970441,73.47928265,7.414707696,699.7228412,wheat
71.90374598,51.06408591,43.07430289,20.43649733,72.18559852,6.987461739,709.5455772,wheat
63.9615057,40.96434571,40.23049337,21.82797042,75.86581925,7.368484822,688.4285157,wheat
73.71867118,36.6308843,31.45867937,19.37693069,66.35705399,6.713901633,531.2493423,wheat
88.73377136,37.62478062,41.21377174,18.11542419,65.58907561,7.167541656,770.7283582,wheat
69.07460543,38.47551586,33.77366795,18.14152187,77.35574836,6.548694982,660.3176028,wheat
56.76626561,27.28933636,46.01963368,20.3613672,64.25797513,6.913545829,653.7975465,wheat
93.09593368,49.24500204,38.34561612,24.16316404,65.60575231,6.897598254,645.9080429,wheat
94.50226056,37.46075572,46.55816083,16.25044793,67.8334525,7.015921642,547.937088,wheat
82.06293607,50.15957053,44.18125917,18.75984446,68.09080842,7.323883533,727.1485473,wheat
105.4137452,45.02030546,46.65931432,18.27957603,88.30644307,6.73749652,645.9382996,wheat
59.55487447,47.7170723,32.48197788,19.43263984,78.77362907,7.167915998,716.3779334,wheat
82.95764526,42.63282038,46.79028047,22.49179075,76.15093669,7.139884958,635.9608473,wheat
75.98911767,37.84047522,39.58615496,22.02760995,71.84574413,6.542969313,498.5820233,wheat
94.261286,36.36885223,41.79212413,20.00948515,75.53314611,7.142538589,717.9110519,wheat
97.72972433,36.96256428,37.33143497,18.99129411,78.56638575,7.230117565,774.1128862,wheat
64.8839256,40.19695922,48.93251884,16.47838622,66.78210403,6.682097558,710.4651241,wheat
76.14405196,35.58629755,45.50772931,18.68971138,74.50841484,7.12024506,499.7439716,wheat
86.20944677,40.27337928,35.77956029,19.05263085,67.75270578,6.64674863,685.0627482,wheat
96.79148216,31.52593333,30.23376112,26.26016218,70.89133576,6.973269648,499.826438,wheat
70.82159036,39.85807188,42.13812028,20.75256777,73.43419787,6.996539269,456.0394413,wheat
79.1104263,28.77498282,33.00487703,20.17631648,87.28540476,6.995871117,693.8697898,wheat
84.77188213,43.85621189,42.36901919,19.28422854,61.53235063,6.579109538,654.7437625,wheat
97.22288582,35.36260281,35.95898997,24.01964097,61.37755128,7.399947437,752.8390479,wheat
91.88080727,41.79555188,35.8143474,18.8833744,87.42502655,7.241012089,742.7212436,wheat
95.30114718,30.15072718,44.51782928,23.31950279,82.08662455,7.068537971,654.6947494,wheat
75.77411743,39.96534265,33.06093193,19.81886382,64.67460491,7.198640929,541.4791135,wheat
80.99217624,40.18471838,36.37347629,20.69380885,89.56794091,6.790691872,729.7595601,wheat
72.15498253,35.57422584,49.28203909,17.62883277,72.8917211,6.722032817,567.2194324,wheat
81.72905556,32.99295787,33.98559067,17.37173162,60.23388803,7.474105334,677.6478102,wheat
77.04991392,44.45438341,40.49949095,20.12371106,88.84093616,6.707791306,571.9253268,wheat
104.0914857,26.67982296,47.41365477,22.39400927,63.49948804,6.717505537,684.8723815,wheat
89.90033452,46.88627412,43.79198329,19.58844312,69.92675073,7.286137472,710.8966665,wheat
100.6498985,41.66075319,38.77969426,23.85353228,85.96557214,6.781743893,480.0873736,wheat
65.54624687,40.78004222,26.44734027,20.38359657,67.6999666,6.547872616,724.7531117,wheat
76.35549168,47.19640867,41.89075785,19.88911934,70.24580893,6.986090715,657.7745258,wheat
59.90151322,56.91317307,90.62076342,27.03264751,85.46319137,6.857382231,1137.886125,yam
60.79852929,49.16136017,80.76549293,28.29259824,76.37958371,6.564059617,1619.887082,yam
60.93176685,57.30926952,76.93237541,27.73736572,85.12622984,7.738736437,1688.586542,yam
61.72544093,53.17648232,88.61381332,28.77817825,65.62078679,6.689992394,1558.929686,yam
55.58478951,44.78757043,82.0058028,26.78245227,85.3238559,5.806121755,1597.995318,yam
65.83766112,54.03755433,107.5427659,29.35420262,63.49423137,6.37173037,1515.089659,yam
53.24256016,46.73588916,76.6606003,28.44050873,83.67432062,6.61073597,1418.642292,yam
59.13092642,43.94893444,81.50976746,28.82985857,82.57032079,6.455984384,1578.820607,yam
61.88830393,54.60547664,99.56436012,29.10798972,87.24611114,6.579323112,1335.041186,yam
61.65306606,52.33518839,95.33824995,27.40372465,68.82310445,6.081654219,1440.704383,yam
55.39199919,52.61641734,84.22895261,27.97461482,86.35198644,7.044195316,1439.95384,yam
50.80838435,50.33873369,91.80676809,26.93648488,63.42290375,6.028643423,1493.728699,yam
60.71539422,40.59555538,89.43814488,28.01044635,75.02307784,6.906477156,1693.263457,yam
57.69820337,65.56596005,86.54622617,27.54365723,78.27299001,6.484429043,1515.676723,yam
58.87531928,44.08331821,82.46216413,27.46556813,78.46160604,6.338571123,1683.345971,yam
59.28386775,43.27812082,87.31216804,27.98971897,74.23350012,6.912178562,1614.839652,yam
63.17445963,43.33661519,100.1966116,28.23537764,61.159357,6.419141079,1467.013685,yam
52.11256413,41.55962716,90.30692444,26.53094503,63.48729433,6.444929662,1614.433032,yam
59.00520676,37.86032646,86.90466507,26.1181901,65.71636921,6.657842518,1463.609161,yam
59.41416628,42.13140831,96.19293237,28.39720764,87.69032511,6.739194547,1448.938256,yam
58.48762669,46.83185083,83.03940261,26.87530104,68.24094687,6.483293449,1447.203445,yam
59.70156329,52.73798808,92.95526359,30.16064396,60.44648809,6.701951509,1519.336985,yam
68.97150356,67.18653869,98.19232016,28.62666835,76.94269025,6.343942628,1484.229118,yam
62.03697367,44.67292789,76.43187367,29.03061506,81.56769002,6.178264299,1318.256327,yam
60.53579652,45.32626515,98.59002624,27.0469945,84.04400938,6.765260926,1206.359693,yam
51.61323175,41.17964147,85.98109044,26.53350575,74.1121969,6.595623451,1734.165896,yam
66.39717658,47.49253716,100.5456837,25.11022136,67.71527207,6.526917508,1755.975992,yam
61.07498519,56.16545139,73.31576751,28.0219289,69.87849287,6.704539321,1488.811969,yam
63.8177703,53.697017,97.07950412,30.69750955,63.6416222,5.877055714,1659.190188,yam
60.50283522,49.34677879,106.3895707,28.51908252,74.38530256,7.089255022,1571.757925,yam
64.19977646,46.93770005,106.8053746,26.9380012,69.78240553,6.478336472,1504.804515,yam
51.68777593,57.77831856,94.60416759,28.98207768,73.59253457,6.331397018,1421.397439,yam
70.02992784,49.58224828,89.4482248,31.06458135,66.1328174,6.791503541,1788.225856,yam
65.48557876,43.30414111,80.81036718,28.46083617,74.95557639,6.22762869,1236.31776,yam
67.59288011,50.01138464,99.94772988,27.24961163,70.42394195,6.272614826,1890.515958,yam
59.63726252,54.29473495,102.9490354,27.8775013,79.98545934,6.52065585,1600.520523,yam
62.97598968,50.37003646,99.59237521,25.53753113,88.18125014,7.049090483,1574.710476,yam
60.33727359,43.94746497,85.50274317,26.89652014,64.98913714,6.690584315,1206.411225,yam
52.72801893,54.83225994,88.43164391,26.77556737,65.27997442,6.132506821,1574.443899,yam
59.88506676,50.88386516,102.9794735,27.44402526,73.16505277,6.487939881,1308.315231,yam
60.16233897,35.87094366,106.1200306,26.02231198,84.10873718,6.607675902,1586.227519,yam
55.15130769,36.36162314,77.82798222,29.02649735,81.05288457,6.940458621,1710.803906,yam
66.72935355,38.95700851,84.57429247,27.11913375,83.05562386,6.769899522,1135.566497,yam
53.38032224,44.80595853,96.61109334,29.0482347,85.08855497,6.409425036,1681.131411,yam
56.3791294,57.26139168,91.31859807,27.48060229,65.96878255,6.089636313,1470.377432,yam
66.06708562,48.29016278,79.53391644,28.56095091,81.76503476,6.411550349,1546.112036,yam
62.19652052,60.91423628,96.23343024,28.2467291,61.09682154,6.275615031,1537.206367,yam
61.47525259,51.07845607,94.34980805,28.00014733,86.76937459,6.26440142,1568.394747,yam
59.27428704,61.45188721,92.95272903,28.54619202,88.26992474,6.568467,1430.844229,yam
68.6446405,46.14969207,88.91664752,32.19029979,60.12703885,6.043142153,1807.467644,yam
62.4626442,62.3714157,86.50772987,28.78641181,78.59723311,6.437091905,1480.110909,yam
60.09444974,50.57483046,68.80723317,27.77013838,73.48350538,6.512412339,1504.108334,yam
57.9009926,45.86155329,87.2613006,25.80052265,75.91452459,6.712610923,1562.618809,yam
54.63552622,70.12251134,99.49335717,28.3085868,79.45637811,6.73035455,1650.796266,yam
66.11745407,47.25871245,101.9520167,27.8132384,87.17238499,6.87940999,1660.572173,yam
57.22158728,44.33936661,89.63389602,28.00709525,85.41833732,6.967217895,1363.513944,yam
61.82002848,60.19339113,96.53886069,29.73398148,70.7953361,6.661037254,1687.103474,yam
63.0953815,46.14478376,78.14912677,29.61595801,85.25934387,6.793237441,1149.732563,yam
68.48167088,44.07101248,80.89357557,32.14711458,60.60958274,7.031392439,1732.758806,yam
56.44481783,43.24192868,91.33588561,29.7153446,73.05239116,6.403674163,1448.124604,yam
59.76427922,44.63242482,102.738474,29.21075337,60.80175797,6.64347737,1309.360738,yam
55.65070631,50.24801339,95.54170586,24.41691882,71.22768001,7.252778489,1325.037405,yam
70.95999419,40.78183677,110.7816616,27.23237258,67.86664554,6.585507585,1509.068652,yam
50.76223687,47.44079557,90.08500714,27.46040102,89.78113817,6.35257622,1571.394023,yam
62.50536185,52.19216238,89.98296292,26.84518845,60.80148583,6.816769085,1842.362832,yam
55.28056657,35.09890196,98.28471868,30.19540809,79.9109603,6.112626498,1394.603246,yam
64.50064303,51.64468108,89.82365324,28.73284231,72.76834956,6.865311193,1410.987999,yam
60.59901843,38.75290157,98.4177211,27.42139736,68.48022481,6.769375293,1783.020042,yam
52.17519247,44.52339811,90.48741676,30.35014425,78.34389546,6.466282359,1576.387337,yam
63.29911909,57.47205417,83.9998065,28.20999021,87.37073633,6.448971942,1241.736809,yam
60.97100478,60.9618712,94.93560727,25.70686607,89.1341201,6.573762361,1603.003331,yam
65.84276615,56.66467322,99.66692152,28.96416783,70.19668903,6.284821149,1303.06073,yam
54.47393428,54.61854226,85.9085191,30.45930097,66.19951896,6.533138756,1455.025091,yam
57.91758609,51.48635595,95.66704227,28.37318918,86.3860966,6.818846695,1595.702408,yam
51.51052685,45.19943634,88.41261616,27.68772014,88.88792149,5.747549385,1410.71843,yam
51.17692692,57.80404014,98.58135625,26.98509831,88.41346306,6.288200323,1381.098207,yam
71.19800516,45.60969984,88.78423847,25.89619007,85.22546596,6.523237252,1516.439155,yam
56.44468307,51.71280678,86.98688151,29.02981114,66.34473641,6.772540966,1495.970798,yam
59.59695861,53.93412709,99.96645296,26.83561813,63.72732917,6.634879287,1308.135034,yam
59.91097184,42.66486212,90.7078745,27.67519982,87.25120028,6.20432818,1533.960193,yam
60.92504136,46.25847323,81.36849885,28.25663918,70.79573736,6.129611061,1284.462264,yam
66.65298868,46.58167383,76.4350473,26.04815496,60.88851467,6.706111519,1687.193065,yam
55.92806315,36.59319746,84.02642075,29.87941248,74.20108709,6.018496498,1347.72109,yam
63.87201124,65.82556468,97.33699622,27.71314859,70.88946457,6.406489388,1586.804783,yam
59.09809927,45.20311761,86.03408895,27.71923254,62.14450478,6.358970575,1312.045945,yam
61.2607055,53.47791458,102.8222585,27.2748937,77.05478932,6.135830817,1457.733708,yam
61.27247217,54.38619846,71.12552244,24.90378322,82.95106671,6.393323074,1292.652516,yam
44.53886422,53.41097897,88.20246605,29.85330432,71.3357306,6.222146606,1528.941534,yam
61.5002022,53.91192842,108.7944095,28.0472858,69.43180515,6.612561648,1546.478304,yam
59.44384732,41.43990041,73.67243089,26.89387319,78.98830702,6.581303692,1278.151542,yam
68.72807136,52.25830855,102.2658606,25.22527264,87.0982469,7.060783308,1194.09426,yam
55.43680489,55.23792764,93.07614837,26.88147614,71.11433562,6.71710008,1470.118403,yam
63.62624113,49.26364621,86.98656253,26.7409742,80.78828297,6.40426277,1341.508433,yam
62.88488047,53.87656252,81.12686218,25.75519033,75.15247848,6.264911071,1578.094512,yam
54.73511123,50.34125424,77.55756543,27.31425552,69.27121912,6.880010642,1381.467926,yam
65.69484416,41.83350634,103.9296412,28.25394651,69.64707538,7.119402946,1686.326544,yam
67.57137279,50.80533505,92.31492916,26.46483197,75.1899742,5.897970641,1337.947074,yam
62.79512052,43.53060272,111.5519252,26.21883402,62.33416745,6.43629883,1450.96294,yam
59.48662894,60.13664436,98.43087239,27.23948997,65.75731391,6.78025398,1378.210832,yam
65.72616084,50.29432987,81.50886998,26.84516339,89.24749279,6.258182046,1506.775102,yam
